#{"t_start": 1550437205.385178, "env_id": null}
r,l,t
-1.0,100,8.57275
-1.0,100,11.057436
-1.0,100,12.409132
-1.0,100,13.851582
-1.0,100,14.262546
-1.0,100,15.624193
-1.0,100,17.060641
-1.0,100,18.430352
-1.0,100,19.839049
1.0,100,20.249655
-1.0,100,21.64432
-1.0,100,23.095274
-1.0,100,24.43687
-1.0,100,24.860256
-1.0,100,26.221353
-1.0,100,27.574532
1.0,7,27.602152
-1.0,100,29.026929
-1.0,100,30.49999
1.0,56,30.724215
-1.0,100,32.177785
-1.0,100,33.510172
1.0,68,33.79592
-1.0,100,35.180017
-1.0,100,36.673927
-1.0,100,37.059604
-1.0,100,38.427493
1.0,5,38.447276
-1.0,100,39.834993
-1.0,100,41.302964
-1.0,100,42.713539
1.0,21,42.803607
-1.0,100,44.199368
-1.0,100,44.589716
-1.0,100,46.047645
-1.0,100,47.432041
1.0,59,47.669665
-1.0,100,49.097593
1.0,27,49.219585
-1.0,100,50.640572
-1.0,100,52.080469
-1.0,100,53.51816
-1.0,100,54.876659
-1.0,100,55.299762
-1.0,100,56.657422
1.0,62,57.914068
1.0,76,58.224015
1.0,29,58.345866
-1.0,100,59.81008
-1.0,100,61.22248
-1.0,100,62.610495
1.0,23,62.710752
1.0,72,63.02234
-1.0,100,64.483914
-1.0,100,65.848776
1.0,9,65.887234
1.0,92,67.294731
-1.0,100,68.667345
-1.0,100,69.079591
1.0,82,70.351549
-1.0,100,71.729561
1.0,15,71.787097
-1.0,100,73.135755
-1.0,100,73.515056
1.0,13,74.617737
-1.0,100,75.00446
-1.0,100,76.47027
-1.0,100,77.805415
1.0,38,77.959282
-1.0,100,79.37137
-1.0,100,80.82708
1.0,10,80.868047
1.0,40,81.02595
-1.0,100,82.396022
-1.0,100,83.777079
-1.0,100,85.155585
-1.0,100,85.546834
-1.0,100,86.8816
-1.0,100,88.388817
1.0,69,88.673936
1.0,32,89.773325
-1.0,100,90.170956
-1.0,100,91.54452
1.0,61,92.719388
-1.0,100,93.098447
1.0,41,94.261865
1.0,43,94.433323
-1.0,100,95.823839
1.0,43,96.007077
-1.0,100,97.475648
-1.0,100,98.895065
-1.0,100,100.226588
1.0,22,100.313156
1.0,92,100.655164
1.0,32,101.816144
1.0,65,102.076316
-1.0,100,103.48134
-1.0,100,104.855023
-1.0,100,106.358783
1.0,64,106.678614
1.0,10,106.736203
1.0,11,106.794983
-1.0,100,108.184926
-1.0,100,109.513843
-1.0,100,110.79013
1.0,37,110.938314
-1.0,100,112.368165
-1.0,100,112.829992
-1.0,100,114.527718
-1.0,100,115.93428
1.0,83,117.277843
-1.0,100,117.649956
-1.0,100,119.107038
1.0,92,120.470984
1.0,80,121.887865
1.0,26,121.985904
-1.0,100,123.343676
-1.0,100,123.760754
-1.0,100,125.135884
-1.0,100,126.528692
1.0,72,126.825028
-1.0,100,128.171205
-1.0,100,129.552487
1.0,33,129.68523
-1.0,100,131.000308
-1.0,100,132.364354
-1.0,100,133.709613
-1.0,100,134.101279
-1.0,100,135.468777
1.0,86,136.839728
-1.0,100,138.223351
1.0,37,138.374317
-1.0,100,139.815073
1.0,91,140.16289
-1.0,100,141.637639
-1.0,100,143.281679
1.0,43,143.471953
-1.0,100,144.925526
1.0,57,146.231062
1.0,19,146.30737
1.0,63,146.561948
-1.0,100,147.944541
1.0,96,149.349027
-1.0,100,149.723882
-1.0,100,151.101025
-1.0,100,152.514191
-1.0,100,153.852275
-1.0,100,155.265491
-1.0,100,155.660419
-1.0,100,157.108176
-1.0,100,158.483794
1.0,25,158.583739
-1.0,100,159.976926
1.0,55,160.20235
1.0,16,160.274631
-1.0,100,161.614461
-1.0,100,162.961984
-1.0,100,164.401723
-1.0,100,165.774524
1.0,7,165.805172
1.0,68,166.086587
-1.0,100,167.472287
-1.0,100,168.794197
1.0,80,169.110454
1.0,56,170.36551
1.0,12,170.422144
1.0,54,170.642238
-1.0,100,171.994659
-1.0,100,173.4575
1.0,59,173.704735
-1.0,100,175.199372
-1.0,100,176.582843
1.0,15,176.643145
-1.0,100,178.036216
-1.0,100,179.411347
1.0,15,179.473445
-1.0,100,180.91494
-1.0,100,181.320688
-1.0,100,182.706471
1.0,22,182.794296
-1.0,100,184.19063
-1.0,100,185.591007
-1.0,100,186.948145
-1.0,100,187.342999
-1.0,100,188.695774
1.0,60,189.898295
-1.0,100,190.299037
-1.0,100,191.6694
1.0,86,193.067092
-1.0,100,194.419205
1.0,94,194.787853
-1.0,100,196.142156
1.0,51,197.452174
-1.0,100,197.860183
-1.0,100,199.254359
-1.0,100,200.683569
-1.0,100,202.001019
-1.0,100,202.414358
-1.0,100,203.788404
-1.0,100,205.162674
-1.0,100,206.491397
-1.0,100,207.830173
1.0,71,208.120727
-1.0,100,209.531911
-1.0,100,210.918125
-1.0,100,211.31545
-1.0,100,212.683468
-1.0,100,214.007077
1.0,14,214.062998
1.0,6,214.088387
1.0,33,214.216666
1.0,67,215.470629
-1.0,100,216.896413
-1.0,100,218.258852
1.0,80,218.577936
1.0,35,218.712472
1.0,26,219.952616
-1.0,100,220.332076
-1.0,100,221.769575
1.0,44,222.958603
-1.0,100,223.367648
-1.0,100,224.786304
-1.0,100,226.20641
1.0,44,226.384137
-1.0,100,227.783543
1.0,86,229.049011
-1.0,100,229.45079
1.0,34,230.634139
1.0,70,230.918114
1.0,12,230.970492
-1.0,100,232.303551
-1.0,100,233.697755
-1.0,100,235.116799
1.0,73,235.408126
-1.0,100,236.746673
-1.0,100,238.107547
-1.0,100,239.566731
1.0,52,239.778127
-1.0,100,241.207093
-1.0,100,242.782177
1.0,36,242.934948
-1.0,100,244.30224
1.0,34,244.446051
-1.0,100,245.92875
-1.0,100,246.327836
1.0,20,247.383609
-1.0,100,247.787328
-1.0,100,249.139657
1.0,14,249.209479
-1.0,100,250.696944
-1.0,100,252.159888
-1.0,100,253.534694
1.0,94,253.94628
1.0,21,254.972666
1.0,39,255.137775
-1.0,100,256.554837
1.0,99,256.966018
-1.0,100,258.513
-1.0,100,260.107507
-1.0,100,261.500285
-1.0,100,262.966791
1.0,48,263.192558
-1.0,100,264.555301
-1.0,100,264.98424
-1.0,100,266.486227
-1.0,100,267.825057
-1.0,100,269.224348
-1.0,100,270.668556
-1.0,100,271.089405
-1.0,100,272.524456
-1.0,100,273.885962
1.0,17,273.96434
-1.0,100,275.311693
-1.0,100,276.692764
-1.0,100,277.108999
-1.0,100,278.520548
1.0,99,279.940119
1.0,15,280.004304
-1.0,100,281.438061
1.0,85,282.770012
-1.0,100,283.162288
1.0,62,284.360754
-1.0,100,285.728059
-1.0,100,286.153037
-1.0,100,287.52711
1.0,76,288.818473
1.0,23,288.912543
1.0,83,290.209882
-1.0,100,290.637642
-1.0,100,291.985846
-1.0,100,293.381685
1.0,39,293.53274
1.0,68,294.830069
1.0,69,295.101261
1.0,61,296.377222
1.0,12,296.423388
-1.0,100,297.836207
1.0,30,297.970474
1.0,10,298.01195
-1.0,100,299.41052
1.0,43,299.596746
1.0,85,300.937419
-1.0,100,302.368589
-1.0,100,302.764801
1.0,70,303.993769
-1.0,100,305.394368
1.0,8,305.428822
-1.0,100,305.841876
1.0,26,306.944362
-1.0,100,307.357072
-1.0,100,308.732552
1.0,45,309.894992
-1.0,100,310.29736
-1.0,100,311.708681
1.0,58,312.936416
-1.0,100,313.360232
1.0,47,314.513859
1.0,81,314.832705
-1.0,100,316.224947
-1.0,100,317.589911
1.0,63,317.847887
1.0,14,318.905948
-1.0,100,319.299521
-1.0,100,320.634515
1.0,21,320.714584
-1.0,100,322.116983
-1.0,100,323.49372
-1.0,100,324.879165
-1.0,100,325.267318
1.0,51,326.486894
-1.0,100,327.881289
-1.0,100,328.278883
-1.0,100,329.65307
1.0,98,330.96971
-1.0,100,332.381946
1.0,7,332.410968
-1.0,100,333.908523
1.0,61,334.189889
-1.0,100,335.589464
1.0,99,336.95584
1.0,8,336.991527
1.0,98,337.40591
1.0,12,337.456042
-1.0,100,338.803637
-1.0,100,340.364214
-1.0,100,341.858915
-1.0,100,343.175756
-1.0,100,343.574009
-1.0,100,344.964371
-1.0,100,346.406912
-1.0,100,347.739013
-1.0,100,349.086442
-1.0,100,349.504756
1.0,6,349.531759
1.0,31,350.656031
-1.0,100,351.039107
-1.0,100,352.564051
-1.0,100,353.91754
-1.0,100,355.358813
-1.0,100,355.781746
1.0,20,356.813484
-1.0,100,357.233987
-1.0,100,358.719455
1.0,50,360.025483
-1.0,100,360.443033
1.0,80,361.765774
-1.0,100,363.210494
1.0,54,363.43229
-1.0,100,364.835393
1.0,97,366.221025
1.0,52,366.438443
1.0,73,367.870506
1.0,34,368.007953
1.0,17,368.073383
-1.0,100,369.459302
-1.0,100,370.852832
-1.0,100,371.279084
-1.0,100,372.698889
-1.0,100,374.091284
1.0,72,375.355954
1.0,18,375.436972
1.0,75,375.743459
1.0,60,376.958476
1.0,69,377.24487
1.0,28,378.431497
1.0,48,378.631038
-1.0,100,380.052573
1.0,11,380.09933
1.0,89,380.460037
-1.0,100,381.910446
-1.0,100,383.370218
-1.0,100,384.750329
-1.0,100,386.16965
1.0,6,386.196642
1.0,9,386.233825
-1.0,100,387.664035
1.0,5,387.68991
-1.0,100,388.114585
1.0,42,389.252983
1.0,7,389.286944
1.0,40,389.450211
-1.0,100,390.839809
-1.0,100,392.201534
1.0,19,392.278621
-1.0,100,393.677848
1.0,21,393.767014
-1.0,100,394.176959
-1.0,100,395.544451
-1.0,100,396.867572
-1.0,100,398.240326
1.0,36,398.391864
1.0,27,398.502429
1.0,73,399.798625
1.0,31,399.92239
1.0,85,401.303999
1.0,62,401.563227
1.0,82,402.859975
-1.0,100,404.283895
1.0,17,404.353549
1.0,18,404.428372
1.0,77,405.732858
1.0,30,405.866209
-1.0,100,407.278587
-1.0,100,407.673199
-1.0,100,409.030262
-1.0,100,410.451138
-1.0,100,411.804215
-1.0,100,412.194494
1.0,19,413.275743
-1.0,100,413.720113
-1.0,100,415.192636
-1.0,100,416.608408
1.0,85,418.006076
1.0,56,418.25494
1.0,90,419.625994
-1.0,100,421.059923
-1.0,100,421.454633
-1.0,100,422.823845
1.0,19,422.918249
-1.0,100,424.262484
1.0,100,425.666467
-1.0,100,427.049977
-1.0,100,427.464146
-1.0,100,428.88359
-1.0,100,430.211231
-1.0,100,431.556765
1.0,61,431.783062
-1.0,100,433.173938
1.0,82,434.476752
-1.0,100,434.878669
-1.0,100,436.308125
1.0,10,436.346827
-1.0,100,437.713093
-1.0,100,439.164039
-1.0,100,440.545016
1.0,14,440.601098
-1.0,100,442.035043
-1.0,100,442.448184
1.0,95,443.83939
1.0,16,443.907821
-1.0,100,445.25849
-1.0,100,446.658413
-1.0,100,447.997211
-1.0,100,448.384947
-1.0,100,449.826608
1.0,8,449.865032
-1.0,100,451.287287
1.0,84,452.587055
-1.0,100,452.988896
-1.0,100,454.427652
1.0,96,455.850384
-1.0,100,457.161742
-1.0,100,457.57934
-1.0,100,459.047476
1.0,10,459.091008
-1.0,100,460.449095
1.0,20,460.529092
1.0,16,460.607914
-1.0,100,462.023816
1.0,82,463.315872
1.0,73,463.602681
1.0,35,464.66989
1.0,8,464.705772
1.0,42,464.873528
-1.0,100,466.296706
1.0,29,466.414377
-1.0,100,467.742439
-1.0,100,469.161668
-1.0,100,469.602831
-1.0,100,471.112252
-1.0,100,472.585794
1.0,13,472.639399
-1.0,100,474.035747
-1.0,100,475.401741
-1.0,100,475.812612
1.0,80,477.087289
1.0,60,477.316908
-1.0,100,478.680626
1.0,22,478.778515
-1.0,100,480.168071
-1.0,100,481.655479
1.0,9,481.69071
-1.0,100,483.179682
-1.0,100,484.697347
1.0,17,484.775123
-1.0,100,486.257265
-1.0,100,486.653702
-1.0,100,487.998276
-1.0,100,489.399331
-1.0,100,490.802856
1.0,17,490.870699
-1.0,100,492.220778
1.0,4,492.240717
1.0,93,492.623447
-1.0,100,494.049118
-1.0,100,495.464387
1.0,37,495.624274
1.0,28,495.731599
-1.0,100,497.136291
-1.0,100,498.559757
-1.0,100,499.952357
-1.0,100,501.344804
-1.0,100,501.748816
1.0,7,501.776796
1.0,11,501.820306
1.0,97,503.186344
1.0,24,503.285715
1.0,97,504.70803
1.0,28,504.824426
-1.0,100,506.169368
-1.0,100,507.669077
-1.0,100,509.174027
-1.0,100,509.606199
-1.0,100,510.986325
-1.0,100,512.419795
1.0,6,512.445434
1.0,44,512.624149
-1.0,100,513.951941
-1.0,100,515.40554
-1.0,100,516.828364
1.0,90,517.208883
-1.0,100,518.677651
-1.0,100,520.064472
-1.0,100,521.477479
-1.0,100,522.943951
1.0,25,523.046416
-1.0,100,524.495762
-1.0,100,524.897991
-1.0,100,526.239442
1.0,38,526.394863
1.0,63,527.622398
-1.0,100,529.036673
-1.0,100,530.504693
1.0,78,530.834249
-1.0,100,532.252172
-1.0,100,533.681237
1.0,16,533.746835
-1.0,100,535.106301
-1.0,100,535.488918
-1.0,100,536.861533
-1.0,100,538.205059
1.0,46,538.402044
1.0,11,538.455508
1.0,50,539.611444
1.0,33,539.738967
-1.0,100,541.152486
1.0,54,541.383297
-1.0,100,542.856813
-1.0,100,544.29879
-1.0,100,545.778999
1.0,12,545.832107
-1.0,100,546.234975
1.0,84,547.616976
1.0,80,549.021973
1.0,100,550.401596
-1.0,100,550.797711
1.0,50,551.919877
-1.0,100,552.310626
-1.0,100,553.702446
-1.0,100,555.072508
-1.0,100,556.426298
-1.0,100,557.796003
1.0,80,558.109009
-1.0,100,559.455001
-1.0,100,560.892214
-1.0,100,562.34757
-1.0,100,562.739719
1.0,48,563.864408
1.0,84,564.211709
-1.0,100,565.593374
1.0,61,566.814326
1.0,70,567.090718
-1.0,100,568.426399
-1.0,100,569.832416
-1.0,100,571.210945
-1.0,100,571.619761
-1.0,100,573.006561
-1.0,100,574.373311
1.0,30,574.497003
-1.0,100,575.879004
-1.0,100,577.344335
1.0,11,577.392053
-1.0,100,578.809503
-1.0,100,579.220684
1.0,6,579.246449
1.0,68,580.586048
-1.0,100,582.072193
-1.0,100,582.47876
-1.0,100,583.951645
1.0,23,584.056765
1.0,46,585.231954
-1.0,100,586.603709
-1.0,100,587.007039
1.0,68,588.304878
1.0,57,588.524588
1.0,26,589.632778
1.0,29,589.749455
-1.0,100,591.171182
-1.0,100,591.566878
1.0,79,592.87533
1.0,23,592.968287
-1.0,100,594.440373
-1.0,100,595.804238
-1.0,100,596.211799
1.0,42,597.361944
1.0,41,597.542899
-1.0,100,598.97967
-1.0,100,600.32865
-1.0,100,600.744938
-1.0,100,602.152704
1.0,9,602.190644
1.0,20,602.272651
-1.0,100,603.659533
1.0,41,604.76352
-1.0,100,605.158752
-1.0,100,606.528078
1.0,63,607.79739
1.0,72,608.080469
-1.0,100,609.459955
-1.0,100,610.904102
1.0,64,611.1594
-1.0,100,612.558219
-1.0,100,614.075941
1.0,16,614.138949
-1.0,100,615.558038
1.0,59,615.805583
-1.0,100,617.166425
1.0,14,617.224419
-1.0,100,618.645359
-1.0,100,620.092615
1.0,9,620.133709
-1.0,100,620.525636
1.0,54,621.727133
1.0,82,623.010367
-1.0,100,623.423134
-1.0,100,624.83353
1.0,8,624.869292
1.0,69,626.12829
1.0,49,626.333205
-1.0,100,627.709318
-1.0,100,629.155883
1.0,93,629.561342
1.0,64,630.807971
1.0,77,631.143027
-1.0,100,632.522768
1.0,55,633.767693
-1.0,100,634.183179
1.0,36,635.333997
1.0,16,635.404439
1.0,26,635.508878
1.0,87,636.957932
-1.0,100,638.355372
-1.0,100,638.780055
-1.0,100,640.194187
-1.0,100,641.60358
1.0,28,641.72126
1.0,16,641.787935
1.0,98,643.162455
-1.0,100,644.55542
1.0,35,644.691165
-1.0,100,646.285537
1.0,99,647.775079
-1.0,100,648.211666
-1.0,100,649.558046
1.0,5,649.579668
-1.0,100,651.091719
1.0,48,651.300771
-1.0,100,652.725493
1.0,5,652.746716
-1.0,100,654.160149
-1.0,100,655.551569
1.0,33,655.675917
1.0,29,655.796827
-1.0,100,657.172316
-1.0,100,658.582642
-1.0,100,660.026619
-1.0,100,660.40788
-1.0,100,661.76914
-1.0,100,663.087856
-1.0,100,664.460905
1.0,8,664.493454
-1.0,100,665.843735
1.0,28,665.963991
1.0,61,666.211416
1.0,88,667.548229
-1.0,100,669.029208
-1.0,100,669.416773
1.0,29,670.528958
-1.0,100,670.940611
-1.0,100,672.366586
1.0,44,673.511359
-1.0,100,673.927856
-1.0,100,675.350398
1.0,71,676.647397
-1.0,100,677.057541
-1.0,100,678.476857
-1.0,100,679.903904
-1.0,100,681.317654
-1.0,100,682.682962
-1.0,100,683.074226
1.0,46,684.245064
-1.0,100,685.591196
1.0,89,685.95642
-1.0,100,687.381315
-1.0,100,688.807922
1.0,10,688.855909
1.0,39,689.014716
1.0,62,690.242738
-1.0,100,690.657655
-1.0,100,692.151498
1.0,10,692.208534
-1.0,100,693.662725
1.0,58,694.897169
1.0,21,694.989885
-1.0,100,695.391514
-1.0,100,696.744397
-1.0,100,698.269471
-1.0,100,699.659296
-1.0,100,700.998733
1.0,48,701.197697
1.0,25,701.317199
-1.0,100,702.701298
-1.0,100,704.077149
1.0,21,704.172425
-1.0,100,705.62376
-1.0,100,706.048728
1.0,23,707.102376
-1.0,100,707.509157
-1.0,100,708.893787
-1.0,100,710.336187
-1.0,100,711.752535
-1.0,100,713.186545
1.0,18,713.272994
1.0,7,713.300572
1.0,60,713.550922
-1.0,100,714.953896
1.0,6,714.984112
-1.0,100,716.366328
-1.0,100,717.733588
-1.0,100,718.129576
-1.0,100,719.60381
-1.0,100,721.027052
-1.0,100,722.444762
1.0,39,722.615086
1.0,96,724.016657
1.0,17,724.089638
-1.0,100,725.4427
-1.0,100,725.833107
-1.0,100,727.20993
-1.0,100,728.65619
-1.0,100,730.007017
-1.0,100,731.338542
-1.0,100,731.752334
1.0,48,733.025587
1.0,43,733.203021
1.0,66,734.47511
-1.0,100,734.88956
-1.0,100,736.291815
1.0,29,736.410219
-1.0,100,737.867556
1.0,72,739.158525
-1.0,100,740.537966
-1.0,100,740.950525
1.0,30,742.016935
-1.0,100,742.418454
-1.0,100,743.83321
-1.0,100,745.272868
-1.0,100,746.650296
-1.0,100,747.086601
1.0,41,748.33372
1.0,9,748.37346
1.0,30,748.496096
-1.0,100,749.83729
-1.0,100,751.214617
1.0,90,751.589109
1.0,21,752.684121
-1.0,100,753.094997
1.0,50,754.365828
-1.0,100,754.776139
1.0,95,756.154138
-1.0,100,757.50684
1.0,54,757.712997
-1.0,100,759.097884
1.0,40,760.212621
1.0,38,760.370512
-1.0,100,761.792455
-1.0,100,762.205259
-1.0,100,763.658672
-1.0,100,765.057123
-1.0,100,766.436653
1.0,55,766.665512
1.0,86,768.122791
-1.0,100,769.530735
1.0,78,769.859018
1.0,7,769.892708
-1.0,100,771.347995
1.0,15,771.412732
-1.0,100,772.75791
1.0,47,772.952047
-1.0,100,774.346933
1.0,13,774.405168
-1.0,100,775.803068
-1.0,100,777.217496
1.0,14,777.284439
1.0,14,777.340166
1.0,92,778.709468
-1.0,100,779.116149
-1.0,100,780.452089
-1.0,100,781.960912
-1.0,100,783.420487
1.0,5,783.44058
-1.0,100,784.817908
-1.0,100,785.209273
-1.0,100,786.561684
-1.0,100,788.020999
1.0,4,788.039042
1.0,7,788.070883
-1.0,100,789.490327
-1.0,100,790.877095
-1.0,100,791.290208
-1.0,100,792.715309
-1.0,100,794.14386
-1.0,100,795.526578
1.0,93,795.902397
1.0,65,797.2203
-1.0,100,798.65974
1.0,13,798.711488
-1.0,100,800.121914
1.0,34,800.272384
1.0,32,800.397394
-1.0,100,801.782403
-1.0,100,803.157107
-1.0,100,804.641733
1.0,47,804.826092
1.0,87,806.156433
-1.0,100,806.583519
-1.0,100,807.991508
1.0,26,808.097186
1.0,68,809.395725
-1.0,100,810.836153
-1.0,100,811.244706
-1.0,100,812.715853
-1.0,100,814.100274
1.0,7,814.12875
-1.0,100,815.459358
1.0,73,815.769676
-1.0,100,817.344082
1.0,12,817.395304
1.0,57,818.618262
-1.0,100,819.042045
-1.0,100,820.416762
-1.0,100,821.89479
-1.0,100,823.230226
-1.0,100,824.635228
-1.0,100,825.051589
1.0,82,826.38773
-1.0,100,827.842495
1.0,6,827.867341
1.0,31,828.004208
1.0,36,828.168112
-1.0,100,829.566238
-1.0,100,831.01493
1.0,82,832.373647
-1.0,100,832.789284
1.0,92,834.106479
-1.0,100,835.543883
-1.0,100,836.971208
1.0,6,836.999772
-1.0,100,837.392776
-1.0,100,838.789009
1.0,99,840.178833
1.0,19,840.262505
1.0,44,841.43527
-1.0,100,841.844057
-1.0,100,843.209282
1.0,36,843.359657
1.0,55,844.616591
1.0,29,844.732236
-1.0,100,846.070396
-1.0,100,847.528548
1.0,27,847.647215
1.0,39,847.822155
1.0,72,849.055823
-1.0,100,849.459342
1.0,91,850.843503
-1.0,100,852.253903
-1.0,100,853.709313
1.0,27,853.813869
1.0,38,853.967608
-1.0,100,855.437522
-1.0,100,856.825701
-1.0,100,858.280289
-1.0,100,858.699499
1.0,42,859.797604
-1.0,100,860.209783
-1.0,100,861.608825
1.0,54,862.793676
1.0,97,863.185462
1.0,100,864.570744
1.0,42,865.735749
-1.0,100,866.13718
-1.0,100,867.51597
1.0,5,867.5452
1.0,4,867.562743
-1.0,100,869.13681
-1.0,100,870.563745
1.0,21,870.661197
-1.0,100,872.096042
1.0,43,872.273017
-1.0,100,873.781781
-1.0,100,875.194011
-1.0,100,875.634614
-1.0,100,877.08201
1.0,6,877.108648
-1.0,100,878.506562
1.0,23,878.606186
-1.0,100,879.960314
1.0,32,880.099064
-1.0,100,881.455726
1.0,42,881.624524
-1.0,100,883.057698
1.0,19,883.137743
1.0,12,883.186706
1.0,56,884.348665
-1.0,100,885.806086
1.0,53,886.023267
1.0,66,886.281632
1.0,5,886.307365
1.0,68,887.54788
1.0,12,887.601468
1.0,25,887.706014
1.0,7,887.735971
-1.0,100,889.162921
1.0,14,889.22415
1.0,29,889.353707
1.0,18,890.483865
1.0,19,890.563097
1.0,81,890.871429
1.0,45,892.085299
-1.0,100,893.544773
1.0,27,893.654594
1.0,4,893.674629
-1.0,100,895.047512
-1.0,100,895.447956
1.0,43,896.627878
-1.0,100,897.038779
-1.0,100,898.451279
-1.0,100,899.840586
-1.0,100,901.250794
1.0,18,901.329058
1.0,37,901.47661
1.0,14,901.534906
1.0,22,902.735391
1.0,100,903.153962
1.0,57,904.383722
-1.0,100,905.818152
-1.0,100,906.229335
-1.0,100,907.653208
1.0,21,907.734992
1.0,23,907.830592
-1.0,100,909.248471
1.0,94,910.669703
1.0,71,910.959745
-1.0,100,912.407212
-1.0,100,913.847256
-1.0,100,915.206019
-1.0,100,916.703676
-1.0,100,917.110248
-1.0,100,918.567613
1.0,37,918.731653
-1.0,100,920.179544
-1.0,100,921.599621
1.0,78,922.946522
-1.0,100,923.361682
1.0,96,924.759921
-1.0,100,926.195216
-1.0,100,927.662978
-1.0,100,929.094293
-1.0,100,929.510284
-1.0,100,930.88124
-1.0,100,932.321598
1.0,29,932.442442
-1.0,100,933.903212
-1.0,100,935.363301
1.0,4,935.380397
-1.0,100,935.794733
1.0,24,936.91308
-1.0,100,937.340696
-1.0,100,938.759056
1.0,12,938.805906
1.0,16,938.872951
-1.0,100,940.294905
1.0,14,940.354446
-1.0,100,941.751045
-1.0,100,943.152179
-1.0,100,944.609724
1.0,13,944.661219
-1.0,100,945.996824
-1.0,100,946.383219
-1.0,100,947.827027
-1.0,100,949.202
1.0,10,949.244875
1.0,5,949.26803
1.0,47,949.459561
-1.0,100,950.924272
1.0,35,951.071333
1.0,37,952.241065
-1.0,100,953.640008
1.0,70,953.935002
1.0,8,953.97071
1.0,59,955.274914
1.0,12,955.322425
-1.0,100,955.735698
1.0,72,957.002299
-1.0,100,958.446613
1.0,34,958.584037
-1.0,100,960.05665
1.0,63,960.305154
-1.0,100,961.629725
-1.0,100,963.046873
-1.0,100,964.401377
1.0,70,964.698416
-1.0,100,966.193615
-1.0,100,967.609602
1.0,19,967.688824
-1.0,100,969.025366
-1.0,100,969.429769
-1.0,100,970.828548
1.0,32,971.954494
1.0,19,972.042169
-1.0,100,972.464134
-1.0,100,973.807325
1.0,13,973.863313
1.0,100,975.274873
1.0,15,975.342398
-1.0,100,976.70546
-1.0,100,978.136306
-1.0,100,979.568641
1.0,98,979.970599
1.0,82,981.289862
1.0,56,981.515717
-1.0,100,982.968997
-1.0,100,984.357093
1.0,22,984.450662
1.0,62,985.762207
1.0,52,985.967888
1.0,35,986.108234
1.0,14,986.165403
-1.0,100,987.620333
1.0,9,987.660478
1.0,66,988.994406
1.0,27,989.107829
1.0,95,990.714903
-1.0,100,992.055514
1.0,8,992.091874
-1.0,100,992.509387
-1.0,100,993.889191
1.0,4,993.906512
1.0,68,995.263807
-1.0,100,996.625323
-1.0,100,997.030814
-1.0,100,998.402153
1.0,74,999.662553
1.0,51,999.879498
-1.0,100,1001.254521
1.0,11,1001.299805
-1.0,100,1002.684668
1.0,80,1003.024692
1.0,53,1004.244475
1.0,64,1004.507449
1.0,21,1004.599429
-1.0,100,1006.100439
-1.0,100,1007.461102
-1.0,100,1008.87579
-1.0,100,1010.235328
-1.0,100,1010.617837
-1.0,100,1012.113681
-1.0,100,1013.510945
-1.0,100,1014.970004
-1.0,100,1015.357458
1.0,38,1016.586843
1.0,32,1016.718959
1.0,14,1016.77544
-1.0,100,1018.129794
-1.0,100,1019.60749
-1.0,100,1020.018969
1.0,57,1021.219887
1.0,30,1021.337609
-1.0,100,1022.734511
1.0,9,1022.77224
-1.0,100,1024.129674
-1.0,100,1025.484954
-1.0,100,1025.892761
-1.0,100,1027.425622
-1.0,100,1028.766288
-1.0,100,1030.289547
1.0,19,1030.369231
1.0,46,1030.549518
-1.0,100,1031.930506
1.0,27,1032.046592
1.0,46,1033.306276
-1.0,100,1033.719566
1.0,32,1034.95441
1.0,9,1034.994662
-1.0,100,1035.392385
-1.0,100,1036.732129
1.0,58,1037.947303
1.0,78,1038.247813
-1.0,100,1039.748692
-1.0,100,1041.235815
-1.0,100,1042.66753
-1.0,100,1043.077275
-1.0,100,1044.536243
1.0,33,1044.684954
-1.0,100,1046.068361
-1.0,100,1047.531833
1.0,13,1047.582348
-1.0,100,1048.930424
1.0,96,1050.304875
-1.0,100,1050.713083
1.0,29,1051.803117
-1.0,100,1052.212019
-1.0,100,1053.604962
-1.0,100,1055.078728
1.0,61,1055.324789
-1.0,100,1056.701339
-1.0,100,1058.156459
-1.0,100,1059.571765
1.0,14,1059.627906
1.0,62,1059.882577
-1.0,100,1061.237661
1.0,8,1061.274126
-1.0,100,1062.682165
1.0,35,1062.84951
1.0,89,1064.163396
-1.0,100,1065.634574
-1.0,100,1067.054265
-1.0,100,1067.460605
1.0,39,1068.572911
-1.0,100,1068.982119
1.0,9,1069.023972
1.0,6,1069.052992
1.0,41,1070.309661
-1.0,100,1071.714527
-1.0,100,1072.108465
1.0,9,1072.147281
-1.0,100,1073.528378
-1.0,100,1074.940493
-1.0,100,1076.384513
-1.0,100,1077.846331
1.0,92,1078.218729
1.0,90,1079.587283
-1.0,100,1080.965769
1.0,83,1081.292556
1.0,5,1081.313385
1.0,84,1082.787637
1.0,13,1082.837503
-1.0,100,1084.225712
1.0,43,1084.393686
-1.0,100,1085.770915
1.0,18,1085.842407
1.0,57,1087.067273
1.0,33,1087.200959
1.0,57,1087.422639
1.0,95,1088.742451
-1.0,100,1090.175426
1.0,65,1090.433784
-1.0,100,1091.880723
1.0,86,1093.252699
1.0,57,1093.475632
-1.0,100,1094.909443
-1.0,100,1096.303721
1.0,13,1096.358654
1.0,35,1096.498514
-1.0,100,1097.912549
1.0,31,1098.048242
1.0,80,1099.35883
-1.0,100,1100.777517
-1.0,100,1101.151854
-1.0,100,1102.517563
1.0,34,1103.694869
-1.0,100,1104.123628
-1.0,100,1105.552689
1.0,18,1105.631419
1.0,55,1106.838769
1.0,100,1107.258834
-1.0,100,1108.688133
-1.0,100,1110.073176
1.0,13,1110.130843
1.0,88,1111.502119
1.0,33,1111.643749
-1.0,100,1113.190886
-1.0,100,1114.654207
1.0,24,1114.755622
-1.0,100,1116.190632
-1.0,100,1116.586285
-1.0,100,1118.023184
-1.0,100,1119.413455
-1.0,100,1120.843693
-1.0,100,1121.248389
-1.0,100,1122.722852
-1.0,100,1124.130893
-1.0,100,1125.58566
1.0,78,1125.925986
-1.0,100,1127.41839
-1.0,100,1128.840606
-1.0,100,1130.241897
-1.0,100,1131.639708
1.0,64,1131.903024
-1.0,100,1133.273
1.0,12,1133.325713
-1.0,100,1134.766459
1.0,45,1134.942564
-1.0,100,1136.32406
-1.0,100,1137.761883
-1.0,100,1138.154206
-1.0,100,1139.731627
-1.0,100,1141.158731
1.0,94,1142.502628
1.0,21,1142.587634
-1.0,100,1144.037911
1.0,19,1144.111151
1.0,43,1144.283706
-1.0,100,1145.643248
-1.0,100,1147.041041
1.0,4,1147.060322
-1.0,100,1148.515142
1.0,51,1148.740539
1.0,41,1148.921327
-1.0,100,1150.347331
1.0,54,1150.572726
-1.0,100,1152.015567
-1.0,100,1153.429477
1.0,7,1153.457845
1.0,49,1153.657214
1.0,36,1154.838605
1.0,70,1155.131091
-1.0,100,1156.543876
-1.0,100,1157.96626
1.0,14,1158.038479
-1.0,100,1159.479909
-1.0,100,1160.888952
-1.0,100,1161.281515
1.0,36,1162.420861
-1.0,100,1162.830731
1.0,26,1163.93938
-1.0,100,1164.337569
-1.0,100,1165.740512
-1.0,100,1167.175816
1.0,48,1167.383951
1.0,17,1167.456601
1.0,10,1167.498168
1.0,3,1168.490148
-1.0,100,1168.889054
-1.0,100,1170.364402
1.0,52,1170.574532
-1.0,100,1171.954446
-1.0,100,1173.37593
-1.0,100,1174.896915
1.0,73,1175.217708
-1.0,100,1176.618715
1.0,41,1176.791935
-1.0,100,1178.189317
-1.0,100,1179.582688
1.0,21,1179.67577
1.0,80,1180.949671
-1.0,100,1182.396248
1.0,73,1182.699501
-1.0,100,1184.186219
-1.0,100,1185.699156
-1.0,100,1187.132157
1.0,16,1187.195589
-1.0,100,1187.614853
-1.0,100,1189.018857
1.0,55,1190.274657
1.0,22,1190.368809
-1.0,100,1191.751806
-1.0,100,1192.178401
-1.0,100,1193.571819
-1.0,100,1194.997002
-1.0,100,1196.438106
1.0,28,1196.550854
-1.0,100,1198.066638
1.0,20,1198.135419
-1.0,100,1199.481052
-1.0,100,1199.878697
-1.0,100,1201.324719
-1.0,100,1202.735094
-1.0,100,1204.166944
-1.0,100,1205.669486
-1.0,100,1206.095475
-1.0,100,1207.449421
-1.0,100,1208.873553
1.0,11,1208.920801
-1.0,100,1210.356034
1.0,53,1210.571271
-1.0,100,1212.014526
1.0,41,1212.196018
1.0,57,1213.447041
1.0,17,1213.522744
-1.0,100,1214.864635
1.0,47,1215.068155
1.0,9,1215.112936
-1.0,100,1216.560634
1.0,74,1216.877031
-1.0,100,1218.298272
1.0,63,1219.589754
1.0,46,1219.807646
1.0,67,1221.079557
1.0,28,1221.192526
1.0,21,1221.277688
-1.0,100,1222.748442
-1.0,100,1224.167395
1.0,34,1224.317592
1.0,33,1224.448819
-1.0,100,1225.843255
-1.0,100,1227.34577
-1.0,100,1227.767912
1.0,67,1229.018369
-1.0,100,1230.393491
1.0,95,1230.771737
-1.0,100,1232.227862
-1.0,100,1233.636766
-1.0,100,1235.063061
-1.0,100,1236.46888
-1.0,100,1236.896056
-1.0,100,1238.287894
-1.0,100,1239.704648
-1.0,100,1241.118643
1.0,49,1241.308398
-1.0,100,1242.749174
-1.0,100,1244.190376
-1.0,100,1244.608969
-1.0,100,1246.007937
-1.0,100,1247.531513
-1.0,100,1248.920124
-1.0,100,1250.317197
1.0,94,1250.712849
-1.0,100,1252.100999
-1.0,100,1253.594797
1.0,72,1253.893623
-1.0,100,1255.507141
-1.0,100,1256.939623
-1.0,100,1258.361469
-1.0,100,1259.85763
-1.0,100,1260.263845
-1.0,100,1261.657908
1.0,6,1261.683671
1.0,16,1261.751388
-1.0,100,1263.118676
-1.0,100,1264.552114
1.0,61,1264.812182
-1.0,100,1266.223774
-1.0,100,1267.597364
-1.0,100,1269.084535
-1.0,100,1269.482469
-1.0,100,1270.883594
1.0,24,1270.982133
-1.0,100,1272.399421
-1.0,100,1273.828617
1.0,65,1275.095204
1.0,4,1275.113635
-1.0,100,1275.523292
-1.0,100,1276.969883
1.0,12,1277.01914
-1.0,100,1278.631568
-1.0,100,1280.088591
-1.0,100,1281.566617
1.0,24,1281.659556
-1.0,100,1283.041415
-1.0,100,1283.46404
1.0,17,1283.534322
-1.0,100,1285.003561
1.0,100,1286.452396
1.0,44,1286.650836
-1.0,100,1288.05616
-1.0,100,1289.448692
-1.0,100,1290.918318
1.0,30,1291.044496
1.0,19,1291.128942
-1.0,100,1292.555695
1.0,90,1293.917963
1.0,25,1294.02287
1.0,47,1294.238443
-1.0,100,1295.777097
-1.0,100,1297.222692
-1.0,100,1297.615789
1.0,37,1298.779534
1.0,20,1298.866834
-1.0,100,1300.358813
-1.0,100,1300.769233
-1.0,100,1302.186224
-1.0,100,1303.517372
1.0,78,1304.897642
1.0,93,1305.292216
-1.0,100,1306.737277
1.0,18,1306.819259
-1.0,100,1308.213589
-1.0,100,1309.674588
-1.0,100,1311.031762
-1.0,100,1311.465722
-1.0,100,1312.927557
-1.0,100,1314.362813
-1.0,100,1315.778374
1.0,47,1315.95874
-1.0,100,1317.380595
1.0,66,1317.675889
-1.0,100,1319.060582
-1.0,100,1320.432557
1.0,63,1320.68726
1.0,15,1321.700666
1.0,79,1322.034988
-1.0,100,1323.451417
-1.0,100,1324.855619
-1.0,100,1326.341505
-1.0,100,1326.763694
1.0,26,1327.842563
-1.0,100,1328.236819
-1.0,100,1329.640704
1.0,79,1330.934836
-1.0,100,1331.34996
-1.0,100,1332.826513
1.0,9,1332.87076
-1.0,100,1334.22154
-1.0,100,1335.643333
-1.0,100,1337.039844
-1.0,100,1337.446907
1.0,17,1338.572934
-1.0,100,1339.022618
1.0,9,1339.062923
-1.0,100,1340.513804
-1.0,100,1341.919938
-1.0,100,1343.404799
1.0,91,1343.773146
-1.0,100,1345.153581
1.0,17,1345.22443
-1.0,100,1346.605795
1.0,6,1346.635093
1.0,10,1346.672383
1.0,95,1348.111264
-1.0,100,1349.570401
-1.0,100,1350.943238
-1.0,100,1351.354457
1.0,29,1352.516435
-1.0,100,1352.948997
1.0,8,1352.982317
1.0,13,1354.030116
-1.0,100,1354.464402
-1.0,100,1355.852843
-1.0,100,1357.32587
-1.0,100,1358.782162
-1.0,100,1359.19074
1.0,91,1360.570102
1.0,11,1360.61656
-1.0,100,1361.985796
1.0,44,1362.168621
-1.0,100,1363.531629
1.0,74,1364.802964
-1.0,100,1366.234034
-1.0,100,1366.645792
-1.0,100,1368.024282
-1.0,100,1369.400662
-1.0,100,1370.75919
-1.0,100,1371.157433
1.0,41,1372.281777
-1.0,100,1373.676612
1.0,33,1373.81625
-1.0,100,1375.211737
1.0,30,1375.333545
-1.0,100,1376.688515
-1.0,100,1377.106486
-1.0,100,1378.501052
1.0,19,1378.576591
-1.0,100,1379.971907
1.0,84,1381.329256
-1.0,100,1382.738142
-1.0,100,1383.121133
-1.0,100,1384.603
-1.0,100,1385.984612
-1.0,100,1387.329772
1.0,86,1387.686575
-1.0,100,1389.041376
-1.0,100,1390.411196
1.0,18,1390.48848
-1.0,100,1391.913393
-1.0,100,1393.405008
-1.0,100,1393.785907
-1.0,100,1395.154448
-1.0,100,1396.528694
-1.0,100,1397.978241
-1.0,100,1399.335314
1.0,93,1399.746077
-1.0,100,1401.302926
-1.0,100,1402.778075
-1.0,100,1404.219174
1.0,13,1404.274196
-1.0,100,1404.693932
-1.0,100,1406.148721
1.0,9,1406.188876
1.0,31,1407.284462
-1.0,100,1407.72142
1.0,25,1408.881824
1.0,30,1409.015346
-1.0,100,1410.446563
1.0,10,1410.490597
-1.0,100,1410.895875
-1.0,100,1412.268007
1.0,6,1412.294356
-1.0,100,1413.76685
1.0,77,1415.093592
1.0,54,1415.335076
-1.0,100,1416.75922
1.0,20,1416.845433
1.0,26,1416.950837
-1.0,100,1418.307417
-1.0,100,1419.765111
-1.0,100,1421.22144
-1.0,100,1421.635266
-1.0,100,1422.954576
-1.0,100,1424.365475
1.0,63,1424.633292
-1.0,100,1426.027883
-1.0,100,1427.495344
-1.0,100,1428.925512
-1.0,100,1429.339724
-1.0,100,1430.782158
1.0,88,1432.140319
1.0,75,1433.371445
1.0,32,1433.507371
-1.0,100,1434.901152
-1.0,100,1435.310188
1.0,71,1436.602688
-1.0,100,1438.026779
-1.0,100,1438.418158
-1.0,100,1439.816243
-1.0,100,1441.190997
1.0,39,1441.348458
-1.0,100,1442.78724
1.0,72,1444.107077
-1.0,100,1444.516661
1.0,11,1445.637915
1.0,28,1445.752017
1.0,14,1445.805933
1.0,36,1445.953189
-1.0,100,1447.399908
-1.0,100,1448.821015
-1.0,100,1449.215829
-1.0,100,1450.65294
-1.0,100,1452.083493
-1.0,100,1453.505226
-1.0,100,1454.939396
-1.0,100,1455.348749
1.0,90,1456.711571
-1.0,100,1458.208872
-1.0,100,1459.597362
-1.0,100,1460.019811
-1.0,100,1461.393667
-1.0,100,1462.840865
1.0,40,1463.012857
1.0,19,1463.088521
-1.0,100,1464.46889
1.0,7,1464.498169
-1.0,100,1465.968665
-1.0,100,1467.448931
1.0,8,1467.485277
1.0,33,1467.624857
1.0,64,1468.887068
1.0,65,1469.167669
1.0,26,1469.275828
-1.0,100,1470.76966
-1.0,100,1472.157994
-1.0,100,1473.490701
-1.0,100,1474.923639
-1.0,100,1475.343117
1.0,63,1476.683393
1.0,83,1477.027365
-1.0,100,1478.456086
1.0,74,1479.742608
-1.0,100,1481.207349
1.0,60,1481.457312
1.0,76,1482.812976
-1.0,100,1483.220466
-1.0,100,1484.683027
-1.0,100,1486.199083
1.0,22,1486.292489
-1.0,100,1487.727228
1.0,56,1487.956375
-1.0,100,1489.334306
-1.0,100,1490.806325
1.0,27,1490.929421
1.0,48,1492.162285
1.0,62,1492.421574
1.0,9,1492.464
1.0,28,1492.588423
-1.0,100,1494.085508
-1.0,100,1495.53605
-1.0,100,1496.936532
1.0,28,1497.055425
1.0,14,1497.122288
-1.0,100,1498.49171
1.0,47,1498.689293
1.0,7,1498.716277
-1.0,100,1500.199455
-1.0,100,1501.568375
1.0,28,1501.699421
1.0,60,1501.948071
-1.0,100,1503.336082
-1.0,100,1504.719741
-1.0,100,1506.123052
1.0,9,1506.164775
1.0,47,1506.363219
1.0,12,1506.423547
-1.0,100,1507.771902
1.0,54,1509.002563
1.0,18,1509.078277
-1.0,100,1509.479189
-1.0,100,1510.891546
1.0,28,1511.012219
-1.0,100,1512.447124
1.0,52,1513.686219
-1.0,100,1514.102898
-1.0,100,1515.450377
1.0,61,1516.697575
1.0,37,1516.851165
1.0,19,1516.924879
-1.0,100,1518.329567
-1.0,100,1519.686327
-1.0,100,1520.09299
-1.0,100,1521.472797
1.0,5,1521.495952
1.0,8,1521.532825
-1.0,100,1522.914141
1.0,31,1523.036056
1.0,77,1524.358237
-1.0,100,1525.722397
-1.0,100,1527.224502
-1.0,100,1527.613398
-1.0,100,1529.043672
1.0,14,1529.097247
-1.0,100,1530.483624
-1.0,100,1531.887356
-1.0,100,1533.244952
-1.0,100,1533.669548
1.0,52,1534.987786
1.0,48,1535.191614
1.0,76,1536.542315
-1.0,100,1536.942137
-1.0,100,1538.467974
1.0,50,1539.778653
-1.0,100,1540.169353
-1.0,100,1541.623016
-1.0,100,1543.044882
-1.0,100,1544.465733
-1.0,100,1545.857786
1.0,15,1545.922024
-1.0,100,1546.324013
-1.0,100,1547.676404
1.0,36,1548.803536
-1.0,100,1549.21961
-1.0,100,1550.638606
-1.0,100,1552.0903
-1.0,100,1553.512687
-1.0,100,1553.947812
-1.0,100,1555.349868
-1.0,100,1556.765264
-1.0,100,1558.266622
-1.0,100,1559.660768
-1.0,100,1560.071597
-1.0,100,1561.43537
-1.0,100,1562.839886
-1.0,100,1564.203358
-1.0,100,1564.630986
-1.0,100,1565.981335
-1.0,100,1567.483345
-1.0,100,1568.903624
1.0,41,1569.06894
1.0,18,1569.140561
-1.0,100,1570.554286
-1.0,100,1571.897277
-1.0,100,1573.335578
1.0,36,1573.484102
-1.0,100,1574.971539
-1.0,100,1575.387498
1.0,42,1576.481357
1.0,32,1576.606634
-1.0,100,1578.18324
-1.0,100,1579.533167
-1.0,100,1579.937632
1.0,12,1579.989754
-1.0,100,1581.424084
-1.0,100,1582.896364
-1.0,100,1584.254992
-1.0,100,1585.642034
-1.0,100,1586.05195
-1.0,100,1587.456283
1.0,70,1588.782664
-1.0,100,1589.181918
-1.0,100,1590.539093
1.0,38,1591.764918
1.0,4,1591.785184
1.0,87,1592.154561
1.0,52,1593.338395
-1.0,100,1593.762343
-1.0,100,1595.189393
1.0,94,1596.557568
-1.0,100,1598.097218
-1.0,100,1599.498474
1.0,88,1599.856372
1.0,38,1601.003832
-1.0,100,1601.405763
1.0,58,1602.588513
-1.0,100,1604.065767
1.0,24,1604.165417
-1.0,100,1604.553576
-1.0,100,1605.9951
1.0,74,1607.260085
1.0,72,1607.571483
-1.0,100,1608.958414
-1.0,100,1610.356442
-1.0,100,1611.778877
-1.0,100,1613.338466
-1.0,100,1613.785242
-1.0,100,1615.189577
-1.0,100,1616.605058
1.0,99,1618.00057
1.0,45,1618.173224
-1.0,100,1619.593151
1.0,77,1619.947014
-1.0,100,1621.348544
-1.0,100,1622.807329
-1.0,100,1624.227197
1.0,7,1624.262877
1.0,77,1624.609247
-1.0,100,1626.013536
-1.0,100,1627.457389
-1.0,100,1628.87683
1.0,13,1628.936122
-1.0,100,1630.332997
1.0,37,1630.494194
1.0,41,1630.668901
-1.0,100,1632.098964
1.0,90,1633.5035
1.0,19,1633.584485
-1.0,100,1635.104375
-1.0,100,1635.515788
-1.0,100,1636.90428
1.0,64,1638.166543
-1.0,100,1638.59234
-1.0,100,1640.029468
-1.0,100,1641.384044
-1.0,100,1642.97235
1.0,50,1643.171354
1.0,72,1644.453991
1.0,36,1644.61508
-1.0,100,1645.98282
1.0,12,1646.040552
-1.0,100,1647.42523
-1.0,100,1647.856962
1.0,84,1649.134399
1.0,28,1649.258677
-1.0,100,1650.672439
-1.0,100,1652.191974
-1.0,100,1653.573771
1.0,76,1653.894372
-1.0,100,1655.329408
-1.0,100,1656.753519
1.0,20,1656.836502
1.0,96,1658.259436
-1.0,100,1659.693539
-1.0,100,1660.090212
-1.0,100,1661.431024
1.0,13,1661.485336
-1.0,100,1662.963865
-1.0,100,1664.368765
-1.0,100,1665.885226
1.0,53,1666.12004
-1.0,100,1667.510313
-1.0,100,1668.912689
1.0,31,1669.048816
-1.0,100,1670.550426
-1.0,100,1670.966626
-1.0,100,1672.330489
-1.0,100,1673.744037
-1.0,100,1675.152189
-1.0,100,1675.553336
-1.0,100,1676.992347
1.0,7,1677.029567
1.0,74,1678.397629
-1.0,100,1679.866205
1.0,15,1679.928699
1.0,88,1680.289198
1.0,58,1681.594045
1.0,6,1681.618831
-1.0,100,1683.068104
1.0,24,1683.16653
1.0,62,1683.432513
1.0,88,1684.767457
-1.0,100,1686.189462
-1.0,100,1687.585668
-1.0,100,1688.009384
-1.0,100,1689.47211
1.0,18,1689.553308
1.0,16,1690.642975
1.0,11,1690.685392
1.0,12,1690.74042
-1.0,100,1691.151803
1.0,88,1692.501278
1.0,50,1693.749188
-1.0,100,1694.167914
1.0,72,1695.386688
-1.0,100,1696.764799
-1.0,100,1697.17674
-1.0,100,1698.620471
1.0,80,1699.865505
-1.0,100,1701.274321
1.0,62,1701.540595
-1.0,100,1703.011007
1.0,37,1703.172215
-1.0,100,1704.669065
1.0,18,1704.753318
1.0,42,1704.947325
1.0,46,1706.186165
-1.0,100,1707.651885
1.0,15,1707.711099
1.0,96,1708.113828
1.0,24,1709.175576
-1.0,100,1709.588279
1.0,16,1710.644894
-1.0,100,1711.073211
-1.0,100,1712.563978
1.0,29,1712.684338
1.0,99,1714.09166
1.0,37,1714.260474
-1.0,100,1715.670744
1.0,95,1717.102511
1.0,81,1718.52803
1.0,58,1718.805316
1.0,49,1719.005851
-1.0,100,1720.423766
1.0,49,1721.707577
-1.0,100,1722.130219
-1.0,100,1723.60799
1.0,34,1723.745445
1.0,54,1724.942626
-1.0,100,1726.399507
1.0,21,1726.49291
1.0,67,1726.786342
-1.0,100,1728.209521
1.0,62,1729.488302
-1.0,100,1729.932497
-1.0,100,1731.322038
-1.0,100,1732.707096
1.0,16,1732.772334
-1.0,100,1734.255963
1.0,99,1735.658575
1.0,11,1735.706716
1.0,29,1735.830416
-1.0,100,1737.268288
1.0,22,1737.362364
-1.0,100,1738.785387
-1.0,100,1739.204384
1.0,89,1740.706686
1.0,14,1740.774045
-1.0,100,1742.147991
-1.0,100,1743.591715
-1.0,100,1745.010921
-1.0,100,1745.436649
-1.0,100,1746.796744
1.0,50,1747.019802
-1.0,100,1748.444813
1.0,90,1749.782151
1.0,34,1749.930502
1.0,72,1751.264138
1.0,33,1751.401163
-1.0,100,1752.771528
-1.0,100,1754.233151
-1.0,100,1754.642579
-1.0,100,1756.042938
-1.0,100,1757.561936
1.0,10,1757.603671
-1.0,100,1759.054089
1.0,72,1759.359287
-1.0,100,1760.865424
-1.0,100,1762.36167
-1.0,100,1763.800129
-1.0,100,1765.152282
-1.0,100,1765.568321
-1.0,100,1766.991684
1.0,71,1768.315129
-1.0,100,1768.710281
-1.0,100,1770.141118
-1.0,100,1771.560039
1.0,49,1771.76231
1.0,16,1771.82881
-1.0,100,1773.244001
-1.0,100,1774.697177
-1.0,100,1776.097092
1.0,31,1776.232933
1.0,43,1776.405532
1.0,10,1776.440219
1.0,71,1777.777963
1.0,29,1777.886507
-1.0,100,1779.471466
-1.0,100,1780.947402
-1.0,100,1782.39452
1.0,93,1782.789768
-1.0,100,1784.201689
-1.0,100,1785.624631
1.0,20,1785.711648
-1.0,100,1787.090533
1.0,38,1787.27072
1.0,24,1787.379582
-1.0,100,1788.83316
-1.0,100,1790.301475
-1.0,100,1791.730616
-1.0,100,1792.148057
-1.0,100,1793.526006
-1.0,100,1795.036593
1.0,76,1796.346377
1.0,41,1796.537261
-1.0,100,1798.019297
-1.0,100,1798.416632
-1.0,100,1799.798656
1.0,8,1799.829731
1.0,11,1799.878082
1.0,19,1800.952956
1.0,96,1801.340819
-1.0,100,1802.713764
-1.0,100,1804.135581
-1.0,100,1805.540371
1.0,17,1805.614496
-1.0,100,1807.033226
-1.0,100,1807.449943
-1.0,100,1808.798475
-1.0,100,1810.261677
1.0,10,1810.304715
-1.0,100,1811.756574
-1.0,100,1813.152742
-1.0,100,1813.568968
1.0,9,1813.611976
-1.0,100,1815.01116
1.0,94,1816.476688
-1.0,100,1817.944546
-1.0,100,1818.355221
-1.0,100,1819.758764
-1.0,100,1821.166814
-1.0,100,1822.627893
1.0,8,1822.661941
1.0,55,1822.894866
-1.0,100,1824.342548
-1.0,100,1825.730792
1.0,38,1825.901859
-1.0,100,1827.378342
-1.0,100,1828.86877
-1.0,100,1830.363477
1.0,79,1830.723099
-1.0,100,1832.126529
1.0,6,1832.152331
1.0,100,1833.554313
-1.0,100,1835.02714
1.0,76,1835.343504
-1.0,100,1836.797926
1.0,43,1836.988248
-1.0,100,1838.476942
-1.0,100,1839.904265
-1.0,100,1841.343756
1.0,58,1841.592664
1.0,28,1841.712453
-1.0,100,1843.176096
-1.0,100,1844.648
-1.0,100,1846.019477
1.0,67,1846.296106
1.0,64,1847.512995
1.0,53,1847.742875
-1.0,100,1849.186078
-1.0,100,1850.602053
-1.0,100,1851.035789
-1.0,100,1852.480455
-1.0,100,1853.88166
-1.0,100,1855.238236
1.0,23,1855.334704
1.0,75,1855.664911
-1.0,100,1857.239648
-1.0,100,1858.678412
-1.0,100,1860.132812
-1.0,100,1861.56508
-1.0,100,1861.998508
-1.0,100,1863.422695
1.0,7,1863.455043
-1.0,100,1864.948955
-1.0,100,1866.462145
1.0,94,1867.897973
-1.0,100,1868.344661
1.0,22,1868.434886
-1.0,100,1869.859402
-1.0,100,1871.198433
-1.0,100,1872.704308
1.0,8,1872.739711
1.0,95,1874.167739
-1.0,100,1874.595343
1.0,37,1875.769683
-1.0,100,1876.208649
1.0,13,1877.29673
1.0,19,1877.380979
-1.0,100,1878.894293
-1.0,100,1879.339743
1.0,61,1880.586109
-1.0,100,1881.959196
-1.0,100,1882.413629
-1.0,100,1883.806487
1.0,27,1883.931183
1.0,28,1885.079584
-1.0,100,1885.511966
-1.0,100,1886.925973
1.0,12,1886.98122
1.0,8,1887.022146
1.0,97,1888.421048
-1.0,100,1889.918814
-1.0,100,1891.37657
1.0,13,1891.434778
1.0,77,1891.766189
1.0,66,1893.09383
-1.0,100,1894.591038
-1.0,100,1895.007397
-1.0,100,1896.442138
-1.0,100,1897.82335
1.0,8,1897.861311
1.0,11,1897.907185
1.0,38,1898.07474
-1.0,100,1899.54859
1.0,58,1900.828087
-1.0,100,1901.27175
1.0,58,1902.453737
-1.0,100,1903.959693
1.0,82,1904.317909
-1.0,100,1905.745141
-1.0,100,1907.19428
1.0,11,1907.238878
-1.0,100,1908.793075
1.0,55,1909.014086
-1.0,100,1910.363949
-1.0,100,1911.778726
1.0,17,1911.854649
-1.0,100,1913.330578
-1.0,100,1913.737755
1.0,70,1915.043112
1.0,7,1915.069034
-1.0,100,1916.482429
-1.0,100,1917.936752
1.0,90,1918.300362
-1.0,100,1919.660518
-1.0,100,1921.045467
1.0,62,1921.314254
-1.0,100,1922.75091
-1.0,100,1924.203308
-1.0,100,1925.665371
1.0,28,1925.779128
-1.0,100,1927.270192
-1.0,100,1927.69239
-1.0,100,1929.072212
-1.0,100,1930.512023
1.0,42,1930.677885
1.0,29,1931.778824
-1.0,100,1932.201283
-1.0,100,1933.609289
1.0,100,1935.019221
1.0,24,1935.115056
1.0,41,1935.288434
1.0,37,1936.403371
1.0,50,1936.603062
-1.0,100,1937.970894
-1.0,100,1939.374401
1.0,17,1939.446947
1.0,16,1939.518557
1.0,11,1939.566014
1.0,72,1940.87697
-1.0,100,1941.267773
1.0,28,1942.450356
1.0,67,1942.738191
-1.0,100,1944.113778
-1.0,100,1945.532029
-1.0,100,1945.963237
1.0,13,1946.996184
1.0,9,1947.037558
-1.0,100,1947.44823
-1.0,100,1948.788284
-1.0,100,1950.184757
-1.0,100,1951.553457
-1.0,100,1951.983663
-1.0,100,1953.370944
-1.0,100,1955.01136
-1.0,100,1956.34891
1.0,64,1956.60741
-1.0,100,1958.044085
1.0,15,1958.104964
1.0,37,1959.248218
1.0,8,1959.2872
1.0,4,1959.303636
-1.0,100,1959.733464
1.0,68,1961.126759
1.0,44,1961.343836
-1.0,100,1962.873373
1.0,56,1963.110378
-1.0,100,1964.557182
-1.0,100,1966.086666
-1.0,100,1967.504312
-1.0,100,1968.980207
-1.0,100,1969.39732
1.0,66,1970.704515
1.0,86,1972.130914
-1.0,100,1972.552466
-1.0,100,1974.002002
1.0,21,1974.096253
-1.0,100,1975.476017
1.0,25,1975.586891
-1.0,100,1977.100341
-1.0,100,1978.484089
-1.0,100,1979.951802
1.0,52,1980.170225
1.0,13,1980.228271
-1.0,100,1981.619434
1.0,74,1981.922445
-1.0,100,1983.300473
1.0,20,1983.384133
1.0,4,1983.401646
-1.0,100,1984.775721
-1.0,100,1986.192493
1.0,10,1986.248674
-1.0,100,1987.597404
1.0,24,1987.712195
-1.0,100,1989.090893
-1.0,100,1990.510175
1.0,99,1990.940553
1.0,16,1991.991997
-1.0,100,1992.408267
1.0,29,1993.5786
1.0,10,1993.625804
-1.0,100,1994.079914
1.0,54,1995.306259
-1.0,100,1996.768271
-1.0,100,1997.177115
-1.0,100,1998.576577
-1.0,100,2000.054637
-1.0,100,2001.505659
1.0,3,2001.520593
1.0,88,2001.890369
-1.0,100,2003.323244
1.0,90,2004.849761
1.0,81,2006.167149
-1.0,100,2006.566336
-1.0,100,2008.101589
-1.0,100,2009.496635
1.0,64,2009.756146
-1.0,100,2011.243293
-1.0,100,2012.659619
1.0,84,2014.10764
-1.0,100,2014.534472
1.0,17,2015.669842
1.0,93,2016.055714
1.0,27,2016.163532
1.0,37,2017.290464
1.0,30,2017.416547
1.0,75,2018.845607
-1.0,100,2019.26434
-1.0,100,2020.80994
-1.0,100,2022.192582
-1.0,100,2023.708553
-1.0,100,2024.129603
-1.0,100,2025.561477
1.0,75,2026.901238
-1.0,100,2028.366257
1.0,54,2028.588262
-1.0,100,2030.146493
-1.0,100,2031.582344
1.0,42,2031.766374
-1.0,100,2033.360586
1.0,88,2033.733132
-1.0,100,2035.213017
1.0,17,2035.28934
1.0,78,2036.802606
1.0,45,2036.967166
-1.0,100,2038.336782
-1.0,100,2039.734367
1.0,99,2041.197609
-1.0,100,2041.619311
-1.0,100,2043.041966
-1.0,100,2044.421437
-1.0,100,2045.886998
-1.0,100,2047.244807
1.0,32,2047.389788
1.0,21,2047.480844
-1.0,100,2048.95452
1.0,18,2049.034368
-1.0,100,2050.466121
1.0,19,2050.552457
-1.0,100,2051.968578
1.0,19,2052.047833
1.0,58,2052.295189
-1.0,100,2053.663148
1.0,60,2053.948964
1.0,63,2055.183011
1.0,13,2055.239093
-1.0,100,2056.71149
-1.0,100,2058.083141
1.0,28,2058.207756
1.0,50,2058.414725
1.0,36,2058.566484
1.0,24,2059.638638
1.0,34,2059.776948
1.0,42,2059.94761
1.0,24,2060.035947
1.0,77,2061.318118
1.0,28,2061.428857
-1.0,100,2062.813147
1.0,23,2062.91417
1.0,18,2062.997561
-1.0,100,2064.51825
1.0,10,2064.558399
-1.0,100,2065.976096
1.0,80,2067.407143
1.0,18,2067.489982
-1.0,100,2068.905612
1.0,92,2069.31005
1.0,20,2069.394532
-1.0,100,2070.850934
1.0,75,2072.323317
1.0,10,2072.369933
-1.0,100,2073.827168
-1.0,100,2074.244251
1.0,97,2075.71443
1.0,8,2075.749796
1.0,94,2077.056838
1.0,75,2078.451616
1.0,4,2078.471756
-1.0,100,2078.882783
-1.0,100,2080.287863
-1.0,100,2081.680578
-1.0,100,2083.163957
-1.0,100,2084.609914
-1.0,100,2085.033396
1.0,19,2085.11718
1.0,70,2086.476012
1.0,98,2087.840786
1.0,46,2088.035543
-1.0,100,2089.397118
1.0,16,2089.468146
1.0,5,2089.488542
1.0,63,2090.753096
1.0,14,2090.808316
-1.0,100,2091.220521
-1.0,100,2092.665797
-1.0,100,2094.17117
1.0,64,2095.4643
1.0,14,2095.526275
-1.0,100,2095.958668
1.0,28,2097.011723
1.0,54,2097.237194
-1.0,100,2098.701111
1.0,31,2098.826535
-1.0,100,2100.209942
1.0,76,2100.503174
-1.0,100,2101.862653
-1.0,100,2103.292114
-1.0,100,2104.690955
-1.0,100,2106.042681
1.0,33,2106.181192
1.0,11,2106.231009
-1.0,100,2107.665843
1.0,33,2107.809083
-1.0,100,2109.236212
1.0,59,2109.486203
1.0,32,2109.618955
-1.0,100,2111.199391
1.0,67,2112.435036
-1.0,100,2113.857094
-1.0,100,2114.27924
-1.0,100,2115.628376
-1.0,100,2117.022206
-1.0,100,2118.535965
-1.0,100,2118.962486
1.0,28,2120.06186
-1.0,100,2120.502045
1.0,29,2121.71071
-1.0,100,2122.130074
1.0,31,2123.222844
1.0,12,2123.271921
1.0,53,2123.481932
-1.0,100,2124.867989
-1.0,100,2126.321033
1.0,26,2126.438655
1.0,92,2127.937931
1.0,28,2128.052463
1.0,29,2128.182937
-1.0,100,2129.678133
-1.0,100,2131.052698
-1.0,100,2131.46991
-1.0,100,2132.961167
-1.0,100,2134.349854
1.0,24,2134.451278
1.0,29,2134.567749
-1.0,100,2135.996422
1.0,47,2137.208658
-1.0,100,2137.619133
-1.0,100,2139.070283
-1.0,100,2140.482146
1.0,23,2140.575785
1.0,42,2140.757431
1.0,90,2142.102714
-1.0,100,2143.563182
1.0,66,2143.859378
1.0,36,2145.028153
1.0,20,2145.105464
1.0,22,2145.198222
-1.0,100,2146.547494
1.0,63,2146.805462
-1.0,100,2148.203598
-1.0,100,2149.665498
-1.0,100,2151.062777
-1.0,100,2151.487136
1.0,96,2152.881554
-1.0,100,2154.309407
-1.0,100,2155.761896
1.0,73,2156.061285
-1.0,100,2157.649879
-1.0,100,2159.033888
-1.0,100,2160.475616
1.0,35,2160.623166
-1.0,100,2162.157793
-1.0,100,2163.560878
1.0,64,2163.791134
1.0,34,2163.923166
1.0,37,2165.054209
1.0,29,2165.166031
1.0,60,2165.402
1.0,13,2165.452665
1.0,72,2166.702771
1.0,19,2166.770755
1.0,47,2166.976916
1.0,35,2168.187704
1.0,19,2168.279972
-1.0,100,2169.866418
1.0,69,2170.158586
-1.0,100,2171.622768
1.0,49,2171.838412
1.0,72,2173.12426
-1.0,100,2174.50949
-1.0,100,2174.928478
-1.0,100,2176.379913
1.0,62,2177.583197
1.0,16,2177.651955
1.0,60,2177.895032
1.0,58,2179.174375
-1.0,100,2180.635254
-1.0,100,2181.039799
1.0,49,2182.208051
-1.0,100,2183.573256
-1.0,100,2183.962709
-1.0,100,2185.389053
1.0,91,2186.753842
-1.0,100,2188.253258
1.0,57,2188.484633
1.0,19,2188.560512
1.0,14,2188.6122
1.0,15,2188.67658
1.0,34,2189.793638
1.0,70,2190.089655
-1.0,100,2191.500445
-1.0,100,2192.826119
-1.0,100,2194.353718
1.0,21,2194.437734
1.0,47,2194.635233
-1.0,100,2196.033601
-1.0,100,2197.364601
-1.0,100,2197.747411
-1.0,100,2199.12267
1.0,12,2199.17759
-1.0,100,2200.545217
1.0,88,2201.952473
1.0,14,2202.018289
-1.0,100,2203.436041
-1.0,100,2203.841502
1.0,100,2205.250611
1.0,72,2206.528961
-1.0,100,2207.897472
-1.0,100,2208.330529
1.0,55,2209.673057
1.0,17,2209.750736
-1.0,100,2211.238779
1.0,55,2211.471603
-1.0,100,2212.870846
1.0,27,2212.992342
-1.0,100,2214.450973
1.0,69,2214.737458
-1.0,100,2216.201986
-1.0,100,2217.585374
1.0,98,2219.158888
-1.0,100,2220.584282
-1.0,100,2220.973386
-1.0,100,2222.414528
-1.0,100,2223.747867
-1.0,100,2225.178553
-1.0,100,2225.587694
1.0,25,2226.795641
1.0,72,2227.105164
-1.0,100,2228.519422
1.0,31,2228.651595
1.0,95,2230.061706
-1.0,100,2231.435941
-1.0,100,2232.879437
1.0,31,2233.002503
-1.0,100,2234.437316
1.0,17,2234.507542
1.0,91,2234.901225
-1.0,100,2236.361764
-1.0,100,2237.838086
-1.0,100,2239.201414
-1.0,100,2240.629805
1.0,23,2240.720281
1.0,85,2241.090084
1.0,23,2242.373494
-1.0,100,2242.774143
-1.0,100,2244.228625
-1.0,100,2245.700751
1.0,27,2245.807955
1.0,95,2247.189792
-1.0,100,2248.708703
-1.0,100,2249.14947
-1.0,100,2250.564592
1.0,13,2250.614769
1.0,71,2251.932847
-1.0,100,2253.381598
1.0,6,2253.410429
1.0,90,2253.78578
1.0,29,2254.895899
1.0,30,2255.036577
1.0,58,2255.276535
1.0,98,2256.741606
-1.0,100,2258.191132
1.0,31,2258.314848
1.0,77,2259.707968
-1.0,100,2260.122396
1.0,15,2261.287946
1.0,13,2261.340192
1.0,22,2261.428883
1.0,40,2261.572943
1.0,40,2261.748113
1.0,18,2262.80263
-1.0,100,2263.192749
1.0,13,2263.249781
-1.0,100,2264.809347
-1.0,100,2266.255344
-1.0,100,2267.664597
1.0,34,2267.810347
1.0,51,2268.031074
1.0,54,2269.243546
-1.0,100,2270.664677
-1.0,100,2271.085447
-1.0,100,2272.456266
1.0,56,2273.746327
1.0,80,2274.072943
1.0,82,2275.336167
1.0,33,2275.479209
-1.0,100,2276.857637
-1.0,100,2278.228856
1.0,20,2278.316549
-1.0,100,2279.760046
-1.0,100,2281.161353
1.0,98,2281.578768
-1.0,100,2283.080323
-1.0,100,2284.47191
-1.0,100,2285.927197
1.0,54,2286.138921
-1.0,100,2287.582395
-1.0,100,2289.015419
-1.0,100,2289.454019
1.0,6,2289.478433
1.0,65,2290.724963
1.0,97,2292.158547
-1.0,100,2292.578452
1.0,35,2293.705138
1.0,83,2294.051526
-1.0,100,2295.470251
-1.0,100,2296.951921
1.0,83,2298.286704
-1.0,100,2298.726411
1.0,23,2299.841866
1.0,54,2300.071488
-1.0,100,2301.476905
-1.0,100,2302.849351
1.0,30,2302.975469
1.0,81,2303.325144
-1.0,100,2304.7905
1.0,28,2304.908161
1.0,38,2306.085023
1.0,23,2306.181268
1.0,66,2306.458473
-1.0,100,2307.901393
1.0,36,2308.050851
1.0,51,2309.277541
1.0,27,2309.399423
-1.0,100,2310.87499
-1.0,100,2312.280968
-1.0,100,2312.697116
1.0,97,2314.123793
-1.0,100,2315.507217
-1.0,100,2316.923022
1.0,14,2316.993869
1.0,59,2317.236483
-1.0,100,2318.687722
1.0,32,2318.820151
1.0,44,2320.037431
-1.0,100,2320.448671
1.0,18,2321.486109
-1.0,100,2321.907502
1.0,29,2323.088064
1.0,60,2323.350469
1.0,87,2324.806
-1.0,100,2326.18947
-1.0,100,2326.616463
-1.0,100,2328.086384
-1.0,100,2329.478876
1.0,75,2329.808371
1.0,45,2331.122883
1.0,14,2331.184505
-1.0,100,2332.585619
-1.0,100,2333.972485
1.0,40,2334.131222
1.0,39,2334.297295
-1.0,100,2335.743805
-1.0,100,2337.145037
1.0,44,2337.320099
-1.0,100,2338.711337
-1.0,100,2340.115493
1.0,81,2340.468912
-1.0,100,2341.942475
-1.0,100,2343.327628
-1.0,100,2344.66125
-1.0,100,2345.086021
-1.0,100,2346.462801
1.0,49,2347.598805
1.0,10,2347.638363
1.0,45,2347.824463
1.0,59,2348.091912
-1.0,100,2349.556707
-1.0,100,2351.110844
1.0,60,2351.359955
1.0,58,2352.701521
1.0,96,2354.193575
-1.0,100,2354.608567
-1.0,100,2356.002513
-1.0,100,2357.452931
-1.0,100,2358.888975
1.0,87,2359.212128
-1.0,100,2360.580846
1.0,25,2360.690432
-1.0,100,2362.089347
1.0,36,2362.242348
-1.0,100,2363.663059
1.0,38,2364.860838
1.0,33,2365.007678
-1.0,100,2366.512255
-1.0,100,2366.925519
1.0,87,2368.282892
-1.0,100,2369.719007
1.0,20,2369.808099
-1.0,100,2371.321389
1.0,13,2371.382157
-1.0,100,2372.813695
1.0,67,2373.096411
-1.0,100,2374.507195
1.0,13,2374.56042
1.0,19,2374.638374
-1.0,100,2376.081951
1.0,7,2376.114311
1.0,6,2376.141422
1.0,13,2376.200091
1.0,46,2377.589188
1.0,50,2377.795672
1.0,13,2377.85129
-1.0,100,2379.19332
-1.0,100,2380.568721
1.0,14,2380.631663
-1.0,100,2382.025074
1.0,47,2382.232886
1.0,38,2382.387187
1.0,33,2382.512399
1.0,47,2383.650077
-1.0,100,2385.186996
1.0,36,2385.329515
-1.0,100,2386.77637
-1.0,100,2387.160799
-1.0,100,2388.60068
1.0,36,2388.744319
-1.0,100,2390.186903
-1.0,100,2391.531989
1.0,35,2391.680065
1.0,67,2392.983895
-1.0,100,2394.338544
1.0,11,2394.386282
1.0,71,2394.662233
-1.0,100,2396.132755
1.0,42,2396.303411
-1.0,100,2397.719649
1.0,76,2399.025283
1.0,55,2399.25281
-1.0,100,2400.651874
1.0,65,2400.916667
1.0,56,2402.091937
-1.0,100,2403.570293
1.0,44,2403.745744
-1.0,100,2405.253736
-1.0,100,2406.639733
-1.0,100,2407.071018
-1.0,100,2408.46784
