#{"env_id": null, "t_start": 1550439769.0004106}
r,l,t
-1.0,100,6.077292
-1.0,100,8.37525
-1.0,100,9.71607
-1.0,100,11.072227
1.0,39,11.238443
1.0,29,11.355629
-1.0,100,12.766281
-1.0,100,14.237773
1.0,12,14.291478
-1.0,100,15.693683
-1.0,100,16.09065
-1.0,100,17.570727
-1.0,100,18.980852
-1.0,100,20.489428
-1.0,100,20.899282
-1.0,100,22.353777
-1.0,100,23.816746
-1.0,100,25.274755
-1.0,100,26.707279
1.0,50,26.914146
-1.0,100,28.447608
-1.0,100,29.93742
1.0,48,30.133022
-1.0,100,31.574677
1.0,27,31.698788
-1.0,100,33.145505
-1.0,100,34.569974
1.0,61,34.802641
-1.0,100,36.226998
1.0,78,36.547872
-1.0,100,38.100213
1.0,43,38.264115
-1.0,100,39.820634
-1.0,100,41.213802
1.0,64,42.520317
1.0,25,42.6247
1.0,83,42.967998
1.0,54,44.214193
-1.0,100,45.628337
-1.0,100,46.033857
1.0,67,47.308504
-1.0,100,48.689024
-1.0,100,49.110812
-1.0,100,50.60665
-1.0,100,52.089202
-1.0,100,53.491778
-1.0,100,54.907221
1.0,24,54.999705
-1.0,100,56.400679
1.0,41,56.553861
-1.0,100,57.951067
-1.0,100,58.364875
-1.0,100,59.804083
-1.0,100,61.197452
-1.0,100,62.663465
-1.0,100,64.098674
-1.0,100,64.515459
-1.0,100,65.885937
-1.0,100,67.346627
-1.0,100,68.7683
-1.0,100,69.179678
1.0,13,70.28132
-1.0,100,70.699253
1.0,38,71.82652
-1.0,100,72.248932
1.0,76,73.544963
1.0,78,74.837929
1.0,42,75.000049
-1.0,100,76.393348
1.0,21,76.479143
-1.0,100,78.021034
1.0,37,78.166042
-1.0,100,79.677346
1.0,89,80.034908
1.0,10,81.09103
-1.0,100,81.504472
-1.0,100,82.900782
-1.0,100,84.303841
-1.0,100,85.721089
1.0,16,85.788995
-1.0,100,87.139463
1.0,29,87.259993
1.0,100,88.680891
1.0,13,88.732904
1.0,42,88.911119
-1.0,100,90.416682
-1.0,100,91.956089
-1.0,100,92.361229
-1.0,100,93.791665
-1.0,100,95.221754
-1.0,100,96.593787
1.0,55,96.830744
1.0,25,96.93764
-1.0,100,98.367768
-1.0,100,99.758739
-1.0,100,101.153975
-1.0,100,101.558453
1.0,35,102.640379
-1.0,100,103.052824
-1.0,100,104.521772
-1.0,100,105.996931
1.0,67,107.307624
1.0,82,107.639407
-1.0,100,109.113199
1.0,31,109.24683
-1.0,100,110.860301
1.0,22,110.956507
-1.0,100,112.387901
1.0,21,112.479639
1.0,16,112.55649
-1.0,100,114.025007
-1.0,100,115.415425
-1.0,100,116.916306
1.0,52,117.111738
-1.0,100,118.572617
1.0,12,118.629011
-1.0,100,120.019159
-1.0,100,120.506059
-1.0,100,122.356451
-1.0,100,123.803998
-1.0,100,125.261086
-1.0,100,126.645491
1.0,77,126.960353
1.0,53,128.191779
-1.0,100,128.614748
-1.0,100,130.119319
-1.0,100,131.535967
-1.0,100,133.014166
-1.0,100,134.487309
1.0,39,134.669688
-1.0,100,136.141409
1.0,49,136.350094
-1.0,100,137.83632
-1.0,100,139.276946
1.0,76,139.597058
1.0,28,139.716003
-1.0,100,141.21608
-1.0,100,142.618743
1.0,88,143.976912
1.0,29,144.101506
-1.0,100,145.564397
1.0,83,145.924501
1.0,53,147.271564
-1.0,100,147.714481
1.0,76,149.13028
-1.0,100,150.541778
1.0,15,150.606243
-1.0,100,152.058694
1.0,42,152.234544
1.0,17,152.306197
1.0,75,153.60833
-1.0,100,155.12513
1.0,97,155.538815
-1.0,100,157.138182
1.0,33,157.283838
-1.0,100,158.668993
-1.0,100,160.148083
1.0,61,160.400738
1.0,24,161.582428
-1.0,100,161.989094
1.0,5,162.01291
-1.0,100,163.450501
1.0,7,163.481403
1.0,19,163.557869
-1.0,100,165.052426
-1.0,100,166.452295
-1.0,100,167.877789
-1.0,100,169.318332
-1.0,100,169.716446
1.0,48,170.937111
-1.0,100,171.343345
1.0,81,172.69132
1.0,5,172.711133
1.0,24,172.813594
1.0,51,173.994522
-1.0,100,174.409089
1.0,70,175.871926
1.0,20,175.956263
-1.0,100,177.406935
-1.0,100,178.854052
1.0,35,179.001342
-1.0,100,180.502931
1.0,93,181.912247
-1.0,100,182.348022
-1.0,100,183.899867
-1.0,100,185.448418
1.0,43,185.631496
1.0,26,185.746311
1.0,51,187.027861
1.0,22,187.115518
1.0,39,187.269315
1.0,43,188.493567
-1.0,100,188.900071
-1.0,100,190.244417
1.0,17,190.309516
1.0,22,190.407664
-1.0,100,191.927482
1.0,84,193.280106
1.0,21,193.371593
-1.0,100,194.809386
1.0,14,194.865532
1.0,38,195.028257
1.0,18,195.106003
1.0,83,196.526444
1.0,39,196.685439
1.0,37,197.862775
-1.0,100,198.275855
-1.0,100,199.803144
-1.0,100,201.229889
-1.0,100,202.576183
1.0,32,202.700003
1.0,54,202.927413
-1.0,100,204.349472
-1.0,100,205.729558
-1.0,100,207.147252
1.0,47,207.327348
-1.0,100,208.758168
1.0,5,208.780913
-1.0,100,210.127601
1.0,15,210.187958
1.0,79,211.527091
1.0,55,211.765583
-1.0,100,213.288817
1.0,94,213.679839
-1.0,100,215.099627
1.0,58,216.370429
-1.0,100,216.777798
-1.0,100,218.244938
1.0,8,218.28297
-1.0,100,219.692496
-1.0,100,221.101584
1.0,53,221.316546
-1.0,100,222.688743
1.0,71,224.135163
-1.0,100,224.55351
1.0,80,225.875217
1.0,72,227.270676
1.0,91,227.655432
-1.0,100,229.233944
-1.0,100,230.708518
1.0,24,230.811494
1.0,58,232.064095
-1.0,100,232.482756
-1.0,100,233.880181
1.0,98,235.329739
-1.0,100,236.784622
1.0,52,237.010953
-1.0,100,238.452958
1.0,66,238.739776
-1.0,100,240.209022
-1.0,100,241.659537
-1.0,100,243.123342
-1.0,100,243.544445
-1.0,100,244.943806
-1.0,100,246.39082
1.0,75,247.686675
-1.0,100,248.120771
1.0,35,249.196701
-1.0,100,249.634787
1.0,60,250.922353
-1.0,100,252.447622
1.0,45,252.641437
1.0,27,252.751158
-1.0,100,254.158477
1.0,8,254.190478
-1.0,100,255.710649
-1.0,100,257.251969
-1.0,100,257.676991
-1.0,100,259.15512
-1.0,100,260.687161
1.0,22,260.785296
-1.0,100,262.21945
-1.0,100,263.657893
-1.0,100,265.151049
-1.0,100,265.580563
1.0,40,266.788979
1.0,13,266.847495
-1.0,100,267.267973
-1.0,100,268.688034
-1.0,100,270.170408
-1.0,100,271.636863
-1.0,100,273.068572
-1.0,100,273.493601
-1.0,100,274.985571
-1.0,100,276.550363
-1.0,100,278.004723
-1.0,100,279.465812
-1.0,100,279.885479
-1.0,100,281.30733
-1.0,100,282.814013
-1.0,100,284.173566
-1.0,100,284.594177
1.0,17,285.650529
-1.0,100,286.067315
-1.0,100,287.527692
1.0,37,287.684129
1.0,47,288.946759
-1.0,100,290.37945
1.0,19,290.466158
1.0,87,290.816172
-1.0,100,292.216525
-1.0,100,293.65368
1.0,23,293.749756
-1.0,100,295.250793
-1.0,100,296.688769
1.0,21,296.78118
-1.0,100,298.262279
-1.0,100,298.658997
1.0,25,299.731419
-1.0,100,300.133587
-1.0,100,301.61902
-1.0,100,303.12474
1.0,12,303.174397
1.0,11,303.222145
-1.0,100,304.699038
-1.0,100,306.1349
-1.0,100,306.553737
-1.0,100,307.961809
-1.0,100,309.469364
-1.0,100,310.917805
-1.0,100,312.376872
1.0,55,312.608895
-1.0,100,314.003273
-1.0,100,315.348526
-1.0,100,315.766279
-1.0,100,317.290525
-1.0,100,318.677988
1.0,15,318.739925
1.0,42,318.915524
1.0,41,320.027572
-1.0,100,320.417685
1.0,9,321.454723
-1.0,100,321.855116
-1.0,100,323.231618
-1.0,100,324.648613
1.0,14,324.711085
1.0,59,324.958394
-1.0,100,326.465366
1.0,30,326.589489
-1.0,100,328.147976
-1.0,100,329.582048
-1.0,100,330.963438
1.0,5,330.983846
-1.0,100,332.420392
1.0,91,332.794481
-1.0,100,334.261391
-1.0,100,335.620308
1.0,73,335.92671
-1.0,100,337.374989
-1.0,100,338.795757
-1.0,100,340.241858
1.0,82,340.605748
-1.0,100,342.059263
1.0,68,343.432617
-1.0,100,344.882872
-1.0,100,345.306502
-1.0,100,346.698732
1.0,71,348.087857
-1.0,100,348.519311
-1.0,100,350.006078
-1.0,100,351.430945
-1.0,100,352.977422
-1.0,100,354.380316
-1.0,100,354.807494
1.0,16,354.883397
-1.0,100,356.487371
1.0,16,356.559704
1.0,34,357.686208
-1.0,100,358.108645
1.0,48,359.367738
-1.0,100,360.76193
-1.0,100,361.197579
-1.0,100,362.75284
-1.0,100,364.17868
1.0,15,364.247097
1.0,44,364.438303
-1.0,100,365.848709
1.0,62,367.215537
-1.0,100,367.630934
1.0,15,368.782383
1.0,57,369.017563
1.0,60,369.258097
1.0,51,370.491005
-1.0,100,371.980951
-1.0,100,372.389401
-1.0,100,373.830998
1.0,47,375.023502
1.0,97,375.435856
-1.0,100,376.897625
-1.0,100,378.311115
-1.0,100,379.735854
-1.0,100,380.134095
-1.0,100,381.585241
-1.0,100,382.9956
-1.0,100,384.491115
-1.0,100,385.932489
-1.0,100,386.351218
1.0,77,387.688195
1.0,32,387.817323
-1.0,100,389.216117
-1.0,100,390.637093
-1.0,100,392.157295
-1.0,100,392.573539
1.0,11,392.62418
-1.0,100,394.060125
1.0,92,395.474701
-1.0,100,396.878842
1.0,39,397.05379
1.0,73,398.429538
-1.0,100,398.85123
1.0,35,400.047794
1.0,40,400.210998
-1.0,100,401.686358
-1.0,100,403.187165
1.0,60,403.440968
-1.0,100,404.846789
-1.0,100,406.328779
-1.0,100,406.758049
-1.0,100,408.143663
1.0,57,409.380357
-1.0,100,409.808705
-1.0,100,411.256594
-1.0,100,412.818016
-1.0,100,414.272854
1.0,37,414.427868
-1.0,100,415.907768
1.0,26,416.015749
1.0,52,416.234739
-1.0,100,417.708658
-1.0,100,419.177066
-1.0,100,420.553111
1.0,57,420.777006
-1.0,100,422.336266
-1.0,100,423.869401
-1.0,100,425.331393
1.0,37,425.489453
1.0,25,425.58706
1.0,85,426.985015
-1.0,100,427.391413
-1.0,100,428.854661
1.0,40,430.087836
-1.0,100,430.484214
-1.0,100,431.976524
-1.0,100,433.478165
-1.0,100,434.986289
-1.0,100,435.405976
-1.0,100,436.908409
-1.0,100,438.420414
-1.0,100,439.898911
1.0,17,439.971172
-1.0,100,441.337156
1.0,55,441.57734
1.0,58,442.966735
-1.0,100,443.395738
-1.0,100,444.856169
-1.0,100,446.336352
-1.0,100,447.755085
1.0,17,447.828942
-1.0,100,449.254384
1.0,24,449.368311
-1.0,100,450.810652
-1.0,100,451.243439
-1.0,100,452.647433
-1.0,100,454.017888
1.0,80,455.394403
-1.0,100,455.824646
-1.0,100,457.201636
-1.0,100,458.678305
1.0,34,458.827296
1.0,74,460.121656
1.0,6,460.151374
1.0,56,460.397256
-1.0,100,461.817832
-1.0,100,463.211928
1.0,38,463.366755
-1.0,100,464.731404
-1.0,100,466.231014
1.0,96,466.638108
1.0,31,467.807454
1.0,11,467.852725
-1.0,100,469.248091
-1.0,100,469.662519
1.0,29,470.832413
-1.0,100,471.234465
-1.0,100,472.703469
-1.0,100,474.067045
-1.0,100,475.545122
1.0,15,475.608618
-1.0,100,476.973036
-1.0,100,477.374795
1.0,88,478.789089
1.0,43,478.971603
-1.0,100,480.365937
1.0,33,480.507377
1.0,59,481.796558
-1.0,100,483.259794
1.0,41,483.434028
-1.0,100,484.7942
1.0,81,485.143386
-1.0,100,486.574962
-1.0,100,487.972151
1.0,87,489.349262
-1.0,100,489.753407
-1.0,100,491.143603
-1.0,100,492.520299
-1.0,100,493.955418
-1.0,100,495.362314
1.0,13,495.415226
1.0,14,495.479773
-1.0,100,496.872341
-1.0,100,497.297906
-1.0,100,498.859509
-1.0,100,500.281193
-1.0,100,501.660506
-1.0,100,502.076839
1.0,37,503.374348
-1.0,100,503.795615
-1.0,100,505.297374
1.0,9,505.335331
-1.0,100,506.913969
-1.0,100,508.401676
1.0,60,508.666402
-1.0,100,510.038316
1.0,22,510.136349
-1.0,100,511.655268
-1.0,100,513.090107
1.0,11,513.13306
-1.0,100,514.684579
-1.0,100,516.135209
-1.0,100,516.552395
-1.0,100,518.007595
-1.0,100,519.433202
-1.0,100,520.938581
-1.0,100,521.368731
-1.0,100,522.831723
-1.0,100,524.284745
-1.0,100,525.765538
-1.0,100,527.214965
-1.0,100,527.637216
1.0,95,529.044169
-1.0,100,530.574955
-1.0,100,531.999808
1.0,77,532.314117
-1.0,100,533.835321
-1.0,100,535.259482
-1.0,100,536.685829
1.0,36,536.836183
1.0,10,536.87597
-1.0,100,538.266569
-1.0,100,539.783137
-1.0,100,540.174262
-1.0,100,541.55179
1.0,39,541.716881
1.0,67,543.004209
-1.0,100,544.456965
-1.0,100,544.871573
1.0,45,546.050151
1.0,28,546.17548
-1.0,100,547.642608
-1.0,100,549.183771
-1.0,100,549.594477
-1.0,100,551.058134
-1.0,100,552.467889
1.0,17,552.535437
1.0,46,552.721107
1.0,16,553.844341
-1.0,100,554.240515
-1.0,100,555.6855
1.0,81,557.112247
-1.0,100,558.509018
-1.0,100,558.928845
-1.0,100,560.329823
-1.0,100,561.733943
1.0,100,563.115685
-1.0,100,563.544024
-1.0,100,564.938302
1.0,11,564.984738
-1.0,100,566.446158
1.0,10,566.487464
1.0,50,567.692634
1.0,11,567.737581
-1.0,100,568.152936
-1.0,100,569.572134
1.0,33,569.716513
-1.0,100,571.095386
-1.0,100,572.59055
1.0,47,572.788821
-1.0,100,574.213598
1.0,87,575.626233
1.0,42,575.803036
1.0,87,577.167611
-1.0,100,578.584632
-1.0,100,579.003214
1.0,22,580.179255
1.0,14,580.240643
-1.0,100,580.667813
-1.0,100,582.125745
-1.0,100,583.553247
-1.0,100,584.911954
1.0,97,586.384859
-1.0,100,586.817865
-1.0,100,588.23545
-1.0,100,589.685261
1.0,31,589.81731
1.0,88,591.297064
1.0,67,591.589039
-1.0,100,593.023722
1.0,15,593.083053
1.0,58,594.490827
1.0,10,594.53766
-1.0,100,596.016052
-1.0,100,596.437871
-1.0,100,597.998805
-1.0,100,599.551473
-1.0,100,600.94828
-1.0,100,602.33045
1.0,94,602.710843
-1.0,100,604.211139
-1.0,100,605.581488
-1.0,100,607.051926
-1.0,100,607.474983
1.0,41,608.687411
-1.0,100,609.097358
-1.0,100,610.56143
1.0,13,610.616539
-1.0,100,612.09292
-1.0,100,613.434814
1.0,8,613.473191
-1.0,100,614.897138
1.0,15,614.964152
1.0,85,616.46391
-1.0,100,616.859276
-1.0,100,618.253494
-1.0,100,619.675513
-1.0,100,621.102459
-1.0,100,621.507665
1.0,25,622.661031
1.0,20,622.747082
1.0,90,623.107535
1.0,13,624.150895
1.0,33,624.286891
-1.0,100,625.706313
-1.0,100,626.12447
1.0,37,627.333302
1.0,16,627.408778
1.0,39,627.578275
-1.0,100,628.981912
-1.0,100,630.381608
-1.0,100,630.800038
1.0,85,632.283629
-1.0,100,633.645323
1.0,71,633.955195
-1.0,100,635.390491
1.0,29,635.5141
1.0,44,636.67204
-1.0,100,638.057033
1.0,41,638.235693
-1.0,100,639.64452
1.0,24,639.744836
-1.0,100,641.188669
-1.0,100,641.620021
-1.0,100,643.114979
1.0,38,644.328763
1.0,53,644.553836
1.0,49,644.761825
1.0,18,644.839671
-1.0,100,646.285683
-1.0,100,647.84796
1.0,13,647.9052
1.0,61,649.269935
1.0,86,649.631441
-1.0,100,651.162793
1.0,49,651.374022
-1.0,100,652.842045
1.0,11,652.892236
-1.0,100,654.328575
1.0,37,654.487036
-1.0,100,656.016901
1.0,51,657.238796
1.0,4,657.256382
1.0,54,657.504035
1.0,58,657.747704
1.0,12,658.787185
1.0,98,659.206748
-1.0,100,660.691658
-1.0,100,662.06617
1.0,47,662.267964
-1.0,100,663.672531
1.0,81,664.95624
1.0,72,665.261545
1.0,85,666.699404
-1.0,100,668.208183
1.0,53,668.442011
1.0,62,669.734131
1.0,82,670.109849
1.0,51,671.381804
1.0,26,671.491561
-1.0,100,672.878322
-1.0,100,673.293289
1.0,31,674.468498
-1.0,100,674.910916
-1.0,100,676.351539
1.0,10,676.394405
1.0,60,677.715328
1.0,85,678.083186
-1.0,100,679.56636
1.0,82,681.038762
-1.0,100,682.593694
-1.0,100,683.027924
-1.0,100,684.448711
1.0,99,685.931732
-1.0,100,687.481636
1.0,22,687.580153
1.0,27,687.702673
-1.0,100,689.17773
1.0,10,689.222008
-1.0,100,690.655573
1.0,22,690.744119
1.0,22,690.837206
-1.0,100,692.291807
1.0,10,692.335729
-1.0,100,693.747554
1.0,51,693.958453
1.0,27,694.077558
1.0,39,695.354233
1.0,95,695.762523
-1.0,100,697.130439
1.0,70,698.430801
1.0,70,698.722662
-1.0,100,700.172735
-1.0,100,701.66092
-1.0,100,703.12109
-1.0,100,703.535542
1.0,19,704.57066
1.0,9,704.609113
1.0,44,704.804895
-1.0,100,706.355939
-1.0,100,707.699617
-1.0,100,708.123893
1.0,11,708.167503
-1.0,100,709.655497
-1.0,100,711.09701
1.0,28,711.219378
1.0,67,712.455551
1.0,62,712.725328
1.0,14,712.784425
-1.0,100,714.216193
-1.0,100,715.666306
1.0,23,715.764395
1.0,43,715.939647
1.0,97,717.330601
1.0,93,718.854043
-1.0,100,720.313944
-1.0,100,720.71785
-1.0,100,722.20268
-1.0,100,723.587263
-1.0,100,725.07461
-1.0,100,726.584255
1.0,12,726.637787
1.0,12,726.690519
-1.0,100,728.086517
-1.0,100,728.526245
-1.0,100,730.137235
1.0,81,731.517462
1.0,85,731.864887
-1.0,100,733.262854
1.0,9,733.303025
1.0,6,733.335289
-1.0,100,734.799792
1.0,53,735.019631
1.0,80,736.278337
-1.0,100,737.767003
1.0,43,737.952859
-1.0,100,739.357704
1.0,82,740.698787
-1.0,100,741.101768
-1.0,100,742.550191
1.0,42,743.712663
-1.0,100,744.137007
-1.0,100,745.559359
-1.0,100,746.981855
-1.0,100,748.388597
1.0,86,748.750918
-1.0,100,750.153608
1.0,78,751.423502
-1.0,100,751.825222
1.0,80,753.204631
-1.0,100,754.648054
-1.0,100,756.131625
-1.0,100,756.542484
-1.0,100,757.978966
-1.0,100,759.442262
1.0,92,761.01079
-1.0,100,762.460391
-1.0,100,762.86687
-1.0,100,764.23947
-1.0,100,765.678899
-1.0,100,767.121903
-1.0,100,767.531404
1.0,83,768.846402
1.0,71,770.402621
-1.0,100,770.810915
1.0,98,772.266624
-1.0,100,773.911596
-1.0,100,775.416898
-1.0,100,776.871743
1.0,100,777.275082
-1.0,100,778.733647
1.0,52,778.950793
-1.0,100,780.361857
1.0,86,781.685219
-1.0,100,783.135089
-1.0,100,783.546916
1.0,78,784.851497
-1.0,100,786.295941
-1.0,100,787.7443
1.0,89,788.110163
1.0,57,789.472335
-1.0,100,790.948613
1.0,94,791.351709
-1.0,100,792.784285
-1.0,100,794.278754
1.0,68,794.563871
1.0,75,795.889099
1.0,51,796.116517
1.0,22,797.362753
-1.0,100,797.782966
-1.0,100,799.239553
1.0,72,800.537843
-1.0,100,800.942118
-1.0,100,802.34761
1.0,12,802.401097
-1.0,100,803.857372
1.0,9,803.902254
-1.0,100,805.452299
-1.0,100,806.843655
-1.0,100,808.278168
-1.0,100,808.691228
-1.0,100,810.151667
1.0,58,811.492724
-1.0,100,811.896937
-1.0,100,813.335521
1.0,8,813.375725
1.0,12,813.426039
1.0,22,813.521566
1.0,88,814.952533
1.0,49,816.221073
1.0,56,816.458831
1.0,48,816.649701
1.0,15,816.716755
-1.0,100,818.155081
-1.0,100,819.599844
-1.0,100,821.022837
-1.0,100,822.494319
-1.0,100,822.915228
-1.0,100,824.308947
-1.0,100,825.766906
-1.0,100,827.26088
-1.0,100,827.714987
-1.0,100,829.162029
-1.0,100,830.68602
-1.0,100,832.117627
-1.0,100,833.74866
-1.0,100,834.179312
1.0,80,835.577064
1.0,39,835.750317
1.0,39,837.007963
1.0,33,837.148409
-1.0,100,838.554803
-1.0,100,838.974811
-1.0,100,840.366142
-1.0,100,841.785138
1.0,83,843.210688
1.0,37,843.359848
1.0,24,843.461233
-1.0,100,844.903601
1.0,34,845.045648
1.0,24,845.145648
-1.0,100,846.520708
1.0,43,846.699161
1.0,26,847.845394
1.0,53,848.070439
1.0,8,848.104225
1.0,66,849.400123
1.0,7,849.432483
-1.0,100,850.814617
1.0,97,851.226554
-1.0,100,852.667463
1.0,37,852.824828
-1.0,100,854.263866
-1.0,100,855.650038
1.0,10,855.697363
-1.0,100,857.054722
-1.0,100,858.576044
1.0,68,858.862367
1.0,70,860.186598
-1.0,100,860.629847
1.0,35,861.786515
1.0,50,862.022001
-1.0,100,863.486785
-1.0,100,864.832398
-1.0,100,865.276011
-1.0,100,866.68588
-1.0,100,868.170656
-1.0,100,869.641992
-1.0,100,871.113195
-1.0,100,871.524362
1.0,54,872.686619
-1.0,100,874.113802
1.0,35,874.262939
1.0,31,874.400522
-1.0,100,875.886095
-1.0,100,877.342291
-1.0,100,877.771499
1.0,49,879.060823
1.0,14,879.120464
1.0,29,879.240736
1.0,56,880.400913
1.0,63,880.674951
1.0,60,881.923264
1.0,24,882.025001
1.0,86,882.392079
-1.0,100,883.80704
1.0,18,883.878667
1.0,99,885.284029
-1.0,100,886.729818
-1.0,100,888.122535
-1.0,100,888.534405
1.0,40,889.739148
-1.0,100,890.166501
1.0,42,891.371523
-1.0,100,892.874428
1.0,90,893.246967
-1.0,100,894.80655
1.0,83,896.182401
-1.0,100,897.59157
1.0,59,897.842483
1.0,43,898.025609
1.0,20,898.110359
1.0,92,899.614496
1.0,9,899.654883
-1.0,100,901.164459
-1.0,100,902.598912
-1.0,100,904.048977
1.0,47,904.247234
1.0,45,904.441425
1.0,66,905.706841
1.0,79,906.063657
-1.0,100,907.493551
-1.0,100,908.991623
1.0,19,909.074458
1.0,33,909.210387
1.0,30,910.429732
1.0,68,910.716396
-1.0,100,912.067825
1.0,29,912.192909
-1.0,100,913.818403
-1.0,100,915.218337
1.0,96,916.502314
-1.0,100,916.933352
1.0,8,916.97314
1.0,71,918.287923
1.0,18,918.359982
-1.0,100,919.753615
-1.0,100,921.181955
-1.0,100,921.610791
1.0,98,923.030668
-1.0,100,924.4268
1.0,76,925.835783
-1.0,100,926.259351
1.0,97,927.673091
1.0,14,927.732356
1.0,98,929.227566
1.0,9,929.269134
1.0,38,929.430565
-1.0,100,930.785554
-1.0,100,932.233142
1.0,59,932.485047
-1.0,100,933.908075
1.0,71,935.194924
1.0,97,935.592076
-1.0,100,936.995615
1.0,62,938.332757
-1.0,100,938.753804
1.0,39,939.913204
-1.0,100,941.370111
1.0,40,941.535867
-1.0,100,943.052888
-1.0,100,943.467987
-1.0,100,944.91344
-1.0,100,946.289032
-1.0,100,947.765034
1.0,42,947.942683
-1.0,100,949.381748
-1.0,100,950.916365
-1.0,100,951.348178
-1.0,100,952.741951
-1.0,100,954.151854
-1.0,100,955.501049
-1.0,100,957.100385
1.0,22,957.196748
-1.0,100,958.540791
1.0,70,958.826941
1.0,63,960.060117
-1.0,100,960.459445
-1.0,100,961.912746
1.0,70,963.158086
-1.0,100,963.560295
-1.0,100,964.987391
-1.0,100,966.390083
-1.0,100,967.905988
-1.0,100,969.373889
-1.0,100,969.788478
1.0,75,971.078049
-1.0,100,972.522614
1.0,15,972.583016
-1.0,100,974.008137
-1.0,100,974.403904
-1.0,100,975.819294
-1.0,100,977.277856
1.0,58,977.523312
1.0,75,978.7914
1.0,14,978.856353
1.0,56,980.179755
1.0,11,980.227106
-1.0,100,980.650773
1.0,81,981.977426
1.0,48,982.196173
-1.0,100,983.701617
-1.0,100,985.129455
1.0,32,985.260328
1.0,67,986.497874
1.0,21,986.587734
-1.0,100,988.06517
-1.0,100,989.463873
-1.0,100,989.877271
-1.0,100,991.317837
1.0,20,991.406506
1.0,11,991.455264
-1.0,100,992.970685
1.0,69,994.246282
1.0,63,994.498415
-1.0,100,995.971755
-1.0,100,997.524458
1.0,47,997.717839
-1.0,100,999.283367
-1.0,100,1000.740956
-1.0,100,1001.152146
1.0,37,1002.270219
-1.0,100,1002.682814
-1.0,100,1004.119891
-1.0,100,1005.612109
1.0,33,1005.746972
-1.0,100,1007.140638
-1.0,100,1008.661271
1.0,46,1008.857516
-1.0,100,1010.275344
-1.0,100,1011.699708
-1.0,100,1013.082367
1.0,43,1013.264941
1.0,85,1014.630932
1.0,41,1014.81703
-1.0,100,1016.322204
1.0,72,1016.633868
-1.0,100,1018.031955
-1.0,100,1019.488162
1.0,42,1019.673823
-1.0,100,1021.078582
-1.0,100,1022.444662
-1.0,100,1022.862415
-1.0,100,1024.254925
-1.0,100,1025.684669
-1.0,100,1027.06805
-1.0,100,1028.595422
-1.0,100,1029.018927
-1.0,100,1030.475777
-1.0,100,1031.998582
1.0,3,1032.014807
-1.0,100,1033.375728
1.0,51,1033.599403
-1.0,100,1035.112848
-1.0,100,1036.542244
1.0,79,1036.876487
1.0,71,1038.148109
1.0,59,1038.394361
-1.0,100,1039.857057
-1.0,100,1041.246339
-1.0,100,1042.712941
-1.0,100,1043.142568
-1.0,100,1044.588538
-1.0,100,1046.013381
1.0,71,1047.324494
-1.0,100,1047.748677
-1.0,100,1049.145684
-1.0,100,1050.603459
-1.0,100,1052.055566
-1.0,100,1052.488509
-1.0,100,1053.947266
1.0,94,1055.395344
-1.0,100,1056.81196
-1.0,100,1058.225111
1.0,12,1058.279675
-1.0,100,1058.698048
-1.0,100,1060.21957
-1.0,100,1061.726719
1.0,4,1061.747194
-1.0,100,1063.170161
-1.0,100,1064.604854
-1.0,100,1065.036099
-1.0,100,1066.452737
-1.0,100,1067.940802
-1.0,100,1069.446828
-1.0,100,1069.873918
1.0,72,1071.209074
-1.0,100,1072.648731
-1.0,100,1074.100471
1.0,24,1074.200547
-1.0,100,1075.653733
1.0,77,1075.989675
-1.0,100,1077.475213
1.0,97,1078.911344
1.0,53,1079.156146
-1.0,100,1080.639693
-1.0,100,1082.162783
-1.0,100,1082.60268
-1.0,100,1083.984338
1.0,38,1085.190387
1.0,85,1085.570089
-1.0,100,1086.960217
-1.0,100,1088.558921
-1.0,100,1090.015224
1.0,22,1090.107628
1.0,34,1090.252831
-1.0,100,1091.719739
-1.0,100,1093.166369
1.0,23,1093.268671
-1.0,100,1094.777952
-1.0,100,1095.19347
-1.0,100,1096.645936
1.0,41,1096.821902
1.0,29,1098.010123
-1.0,100,1098.42755
-1.0,100,1099.76186
-1.0,100,1101.252444
-1.0,100,1102.634793
-1.0,100,1104.061923
-1.0,100,1104.487148
-1.0,100,1105.846455
-1.0,100,1107.282243
-1.0,100,1108.704574
1.0,11,1108.758421
1.0,10,1108.801336
-1.0,100,1110.329652
-1.0,100,1110.754379
1.0,85,1112.114744
-1.0,100,1113.695624
-1.0,100,1115.051414
-1.0,100,1115.472134
1.0,88,1116.851936
-1.0,100,1118.305431
-1.0,100,1119.671107
-1.0,100,1120.107404
-1.0,100,1121.581043
1.0,13,1121.633142
-1.0,100,1123.078597
-1.0,100,1124.545756
-1.0,100,1126.07383
-1.0,100,1126.492836
-1.0,100,1127.898304
-1.0,100,1129.299681
-1.0,100,1130.730644
-1.0,100,1132.125664
-1.0,100,1132.531097
-1.0,100,1133.981949
1.0,39,1134.148338
-1.0,100,1135.512465
1.0,41,1136.673044
-1.0,100,1137.071125
-1.0,100,1138.591177
-1.0,100,1140.065146
-1.0,100,1141.449271
-1.0,100,1141.842829
-1.0,100,1143.271276
1.0,15,1143.334623
-1.0,100,1144.773515
1.0,36,1144.919725
1.0,96,1146.303682
-1.0,100,1147.747644
-1.0,100,1149.223846
-1.0,100,1149.627413
1.0,11,1150.639013
1.0,45,1150.82389
-1.0,100,1152.310184
-1.0,100,1152.755792
-1.0,100,1154.209582
1.0,57,1155.535693
1.0,14,1155.598242
-1.0,100,1157.04917
-1.0,100,1157.462916
1.0,49,1158.606321
-1.0,100,1160.097617
-1.0,100,1160.523857
1.0,30,1161.71467
1.0,78,1162.034337
1.0,12,1162.082372
1.0,7,1162.114424
1.0,59,1163.436129
1.0,44,1163.630089
-1.0,100,1165.055036
-1.0,100,1166.429227
1.0,58,1166.68133
1.0,25,1166.788067
-1.0,100,1168.210867
1.0,21,1168.303369
-1.0,100,1169.754284
-1.0,100,1171.244538
1.0,18,1171.321285
1.0,68,1172.686385
-1.0,100,1173.098733
-1.0,100,1174.473384
1.0,13,1174.528184
-1.0,100,1175.990058
1.0,18,1176.063827
-1.0,100,1177.538368
-1.0,100,1178.976229
1.0,99,1179.393295
-1.0,100,1180.832704
1.0,30,1180.966466
-1.0,100,1182.383764
-1.0,100,1183.939013
-1.0,100,1185.4249
-1.0,100,1186.84641
1.0,86,1187.209469
1.0,79,1188.556075
1.0,56,1188.777712
-1.0,100,1190.293941
-1.0,100,1191.822273
-1.0,100,1193.276204
1.0,56,1193.502294
1.0,89,1194.990322
-1.0,100,1196.410229
1.0,79,1196.73604
1.0,76,1198.036986
1.0,86,1198.402276
-1.0,100,1199.843071
1.0,98,1201.255728
-1.0,100,1202.731025
-1.0,100,1204.243944
-1.0,100,1204.660773
-1.0,100,1206.063274
-1.0,100,1207.618765
-1.0,100,1209.037655
1.0,40,1209.208068
-1.0,100,1210.636554
1.0,95,1212.027251
1.0,19,1212.109163
-1.0,100,1212.537602
1.0,88,1213.99405
1.0,55,1215.236854
-1.0,100,1215.661765
1.0,28,1216.805966
1.0,41,1216.981225
-1.0,100,1218.461863
-1.0,100,1218.891122
1.0,72,1220.289188
1.0,34,1220.439512
-1.0,100,1221.891598
-1.0,100,1223.364454
-1.0,100,1224.800632
-1.0,100,1225.223853
1.0,70,1226.455552
-1.0,100,1227.910133
1.0,75,1228.22208
-1.0,100,1229.600488
-1.0,100,1230.979417
-1.0,100,1232.549859
-1.0,100,1232.994535
1.0,61,1234.359437
1.0,12,1234.410451
1.0,82,1235.75091
-1.0,100,1236.171147
-1.0,100,1237.646053
-1.0,100,1239.172739
-1.0,100,1240.629367
-1.0,100,1242.035325
-1.0,100,1242.46374
-1.0,100,1243.99975
1.0,17,1244.067641
-1.0,100,1245.484417
-1.0,100,1246.996323
1.0,92,1248.420064
1.0,25,1248.51907
-1.0,100,1250.012837
1.0,70,1250.290229
-1.0,100,1251.728052
1.0,72,1252.025766
-1.0,100,1253.397357
-1.0,100,1254.885412
-1.0,100,1256.451037
1.0,41,1256.623415
-1.0,100,1258.00799
-1.0,100,1259.51811
-1.0,100,1259.940957
-1.0,100,1261.40722
1.0,33,1261.548973
1.0,27,1262.669318
1.0,17,1262.744943
-1.0,100,1264.129128
1.0,34,1264.264402
-1.0,100,1265.738661
-1.0,100,1266.152642
1.0,52,1267.384706
1.0,96,1268.782454
-1.0,100,1269.181304
-1.0,100,1270.626785
-1.0,100,1272.029238
-1.0,100,1273.465156
1.0,92,1273.843811
1.0,91,1275.242647
1.0,65,1276.51854
-1.0,100,1276.928767
-1.0,100,1278.346915
-1.0,100,1279.738279
1.0,17,1279.811251
1.0,31,1279.94854
-1.0,100,1281.372844
-1.0,100,1282.771351
-1.0,100,1284.215805
-1.0,100,1284.632721
-1.0,100,1286.06841
-1.0,100,1287.473234
1.0,40,1287.647508
1.0,12,1287.70357
-1.0,100,1289.116466
-1.0,100,1290.544415
-1.0,100,1291.972965
-1.0,100,1293.499125
-1.0,100,1293.90409
-1.0,100,1295.343546
1.0,92,1296.814618
1.0,17,1296.886544
1.0,29,1297.006633
-1.0,100,1298.392587
1.0,82,1299.743887
-1.0,100,1300.161157
-1.0,100,1301.569443
1.0,8,1301.60663
-1.0,100,1303.048651
1.0,40,1303.209748
-1.0,100,1304.720682
-1.0,100,1306.174221
-1.0,100,1307.56251
-1.0,100,1307.965794
-1.0,100,1309.525434
1.0,69,1310.846572
1.0,21,1310.940414
1.0,56,1311.160964
1.0,79,1312.548549
1.0,17,1312.612635
1.0,16,1312.677775
-1.0,100,1314.143749
-1.0,100,1315.584187
-1.0,100,1316.966953
-1.0,100,1317.396098
1.0,27,1318.471586
-1.0,100,1318.895864
-1.0,100,1320.324757
-1.0,100,1321.810454
-1.0,100,1323.186117
-1.0,100,1324.641424
1.0,9,1324.68485
-1.0,100,1325.106725
1.0,25,1326.214016
-1.0,100,1326.644724
-1.0,100,1328.100923
1.0,6,1328.130727
-1.0,100,1329.601902
-1.0,100,1331.010083
1.0,71,1331.298676
1.0,15,1331.364956
-1.0,100,1332.851492
-1.0,100,1334.312029
-1.0,100,1335.764557
1.0,99,1337.159707
-1.0,100,1337.569712
-1.0,100,1339.000076
-1.0,100,1340.440216
-1.0,100,1341.850127
1.0,96,1342.259813
-1.0,100,1343.702718
1.0,33,1343.835612
-1.0,100,1345.310399
-1.0,100,1346.74072
-1.0,100,1348.217429
-1.0,100,1349.641435
-1.0,100,1350.035094
-1.0,100,1351.428096
-1.0,100,1352.877147
1.0,71,1353.178501
-1.0,100,1354.639216
-1.0,100,1356.040974
-1.0,100,1357.453101
-1.0,100,1358.926685
1.0,54,1359.170731
-1.0,100,1360.564
-1.0,100,1362.002867
1.0,85,1362.342913
-1.0,100,1363.751847
1.0,18,1363.825943
1.0,76,1365.168664
-1.0,100,1366.584796
-1.0,100,1366.978113
-1.0,100,1368.359145
1.0,20,1368.439325
1.0,13,1368.494937
-1.0,100,1369.927336
-1.0,100,1371.317104
-1.0,100,1372.694472
1.0,35,1372.847821
-1.0,100,1374.257168
1.0,39,1374.430225
-1.0,100,1375.886228
1.0,61,1376.129363
1.0,59,1377.387541
1.0,82,1377.733627
-1.0,100,1379.099718
-1.0,100,1380.529395
1.0,11,1380.572402
-1.0,100,1382.065578
-1.0,100,1383.490062
1.0,41,1383.655509
-1.0,100,1385.12385
-1.0,100,1385.542568
1.0,42,1386.709056
-1.0,100,1388.201128
1.0,49,1388.409511
-1.0,100,1389.80938
1.0,60,1390.053945
-1.0,100,1391.532661
-1.0,100,1392.906282
-1.0,100,1394.33262
-1.0,100,1394.720122
1.0,46,1395.88834
1.0,45,1396.06359
1.0,87,1397.404236
1.0,34,1397.545371
-1.0,100,1399.006801
1.0,54,1399.224105
-1.0,100,1400.623176
-1.0,100,1402.094143
-1.0,100,1403.512167
1.0,20,1403.590089
-1.0,100,1404.989379
-1.0,100,1405.405132
1.0,79,1406.749092
-1.0,100,1408.158547
1.0,75,1408.463959
-1.0,100,1409.875108
-1.0,100,1411.329795
-1.0,100,1412.755144
-1.0,100,1413.158369
-1.0,100,1414.604916
-1.0,100,1416.039197
-1.0,100,1417.440988
1.0,11,1417.487434
1.0,28,1417.602187
-1.0,100,1419.054221
1.0,87,1420.447808
-1.0,100,1420.848965
-1.0,100,1422.229102
-1.0,100,1423.597574
-1.0,100,1425.007403
1.0,60,1425.265867
-1.0,100,1426.690361
1.0,15,1426.751215
-1.0,100,1428.202789
1.0,39,1428.371126
-1.0,100,1429.798925
1.0,85,1431.18936
-1.0,100,1431.607696
-1.0,100,1433.066515
-1.0,100,1434.500637
1.0,77,1434.840162
-1.0,100,1436.315752
1.0,84,1437.703569
-1.0,100,1439.081469
-1.0,100,1439.507899
-1.0,100,1440.937899
1.0,80,1442.277571
1.0,51,1442.500921
1.0,18,1442.579528
1.0,17,1443.680544
-1.0,100,1444.10109
-1.0,100,1445.509065
-1.0,100,1446.949089
-1.0,100,1448.407714
-1.0,100,1448.843133
1.0,25,1449.945828
-1.0,100,1450.368148
1.0,58,1451.734459
1.0,84,1453.164582
-1.0,100,1453.59763
-1.0,100,1454.96194
1.0,79,1456.404439
1.0,92,1456.803981
1.0,62,1458.056008
1.0,72,1458.388676
1.0,12,1459.512768
1.0,6,1459.539622
1.0,6,1459.565984
-1.0,100,1459.994555
1.0,89,1461.39833
-1.0,100,1462.808953
-1.0,100,1464.270262
1.0,55,1464.505046
-1.0,100,1466.014713
-1.0,100,1467.43652
-1.0,100,1467.875149
-1.0,100,1469.289612
1.0,74,1470.55403
-1.0,100,1472.007184
1.0,17,1472.083202
1.0,63,1472.347741
-1.0,100,1473.764219
-1.0,100,1475.166703
1.0,16,1475.231755
-1.0,100,1476.689025
-1.0,100,1478.078691
1.0,85,1478.431223
1.0,80,1479.76455
-1.0,100,1481.153486
1.0,83,1481.496085
-1.0,100,1482.864513
1.0,81,1484.230402
-1.0,100,1484.626403
1.0,20,1485.683642
-1.0,100,1486.092415
-1.0,100,1487.521154
1.0,98,1488.905387
-1.0,100,1490.28786
1.0,61,1490.541738
-1.0,100,1491.990205
1.0,54,1492.202838
1.0,47,1493.421833
1.0,72,1493.710534
1.0,75,1495.032044
-1.0,100,1496.40458
-1.0,100,1496.810517
-1.0,100,1498.216543
1.0,76,1499.559379
-1.0,100,1500.979173
1.0,8,1501.017739
1.0,99,1501.439098
1.0,64,1502.751938
1.0,98,1504.132877
1.0,8,1504.168512
-1.0,100,1505.626434
1.0,12,1505.676049
-1.0,100,1506.09047
1.0,14,1507.179271
-1.0,100,1507.582632
1.0,73,1508.81343
-1.0,100,1510.330078
-1.0,100,1510.739594
-1.0,100,1512.161852
-1.0,100,1513.635307
1.0,85,1515.004323
1.0,8,1515.03973
1.0,20,1515.128834
-1.0,100,1516.52353
-1.0,100,1516.937305
-1.0,100,1518.386162
1.0,70,1519.657291
-1.0,100,1521.188835
1.0,15,1521.242462
1.0,12,1521.297944
1.0,91,1521.685351
-1.0,100,1523.168551
-1.0,100,1524.553408
1.0,42,1524.728681
-1.0,100,1526.103507
-1.0,100,1527.47954
-1.0,100,1528.998679
1.0,31,1529.136199
1.0,46,1529.344364
-1.0,100,1530.750045
-1.0,100,1532.139143
1.0,14,1532.197046
1.0,62,1532.454329
1.0,75,1533.766153
1.0,28,1533.881812
-1.0,100,1535.315423
1.0,24,1535.42173
-1.0,100,1536.930098
-1.0,100,1538.376536
1.0,40,1538.54917
1.0,13,1538.610503
1.0,29,1538.731507
-1.0,100,1540.104656
-1.0,100,1541.481535
1.0,28,1541.593016
-1.0,100,1542.988446
1.0,75,1544.346181
1.0,77,1544.65698
1.0,94,1546.146834
-1.0,100,1547.542986
1.0,37,1547.69766
-1.0,100,1549.11352
1.0,58,1549.356387
-1.0,100,1550.853381
-1.0,100,1552.264528
-1.0,100,1553.640116
-1.0,100,1554.062696
1.0,100,1555.522832
1.0,22,1555.613488
1.0,18,1555.683388
-1.0,100,1557.195076
1.0,60,1558.470462
-1.0,100,1558.86627
1.0,6,1559.929232
-1.0,100,1560.357072
-1.0,100,1561.920349
-1.0,100,1563.362267
-1.0,100,1564.82329
1.0,29,1564.952471
-1.0,100,1566.430512
-1.0,100,1566.852308
1.0,77,1568.161964
1.0,99,1569.663061
-1.0,100,1571.05915
-1.0,100,1571.455159
-1.0,100,1572.914329
-1.0,100,1574.320418
1.0,26,1574.42355
-1.0,100,1575.844048
-1.0,100,1577.330838
-1.0,100,1577.763203
-1.0,100,1579.162556
1.0,21,1579.246151
-1.0,100,1580.714022
1.0,31,1580.843431
-1.0,100,1582.226848
-1.0,100,1583.690849
1.0,59,1583.95813
-1.0,100,1585.358522
1.0,34,1586.477197
1.0,38,1586.64186
-1.0,100,1588.049105
-1.0,100,1588.46173
-1.0,100,1589.86743
-1.0,100,1591.271593
-1.0,100,1592.728271
1.0,23,1592.824294
-1.0,100,1594.183666
-1.0,100,1594.605346
-1.0,100,1596.08256
1.0,11,1596.12562
1.0,75,1597.449694
1.0,16,1597.520473
1.0,55,1597.759157
1.0,46,1598.958716
1.0,57,1599.194347
-1.0,100,1600.679716
1.0,55,1601.865199
-1.0,100,1602.288722
-1.0,100,1603.699713
1.0,23,1603.802868
1.0,10,1603.844443
1.0,39,1604.94951
1.0,8,1604.984258
-1.0,100,1605.414844
1.0,29,1606.553657
-1.0,100,1606.965374
-1.0,100,1608.397843
-1.0,100,1609.802176
-1.0,100,1611.242939
1.0,43,1611.423522
-1.0,100,1612.804094
-1.0,100,1614.243314
-1.0,100,1615.650551
1.0,86,1616.00119
-1.0,100,1617.39582
-1.0,100,1618.807282
1.0,21,1618.898919
-1.0,100,1620.281893
1.0,53,1620.492163
-1.0,100,1621.936695
-1.0,100,1623.349886
-1.0,100,1623.75025
-1.0,100,1625.15248
1.0,91,1626.535418
1.0,80,1627.866823
1.0,82,1628.188625
-1.0,100,1629.644795
-1.0,100,1631.117724
-1.0,100,1632.544119
1.0,35,1632.692923
-1.0,100,1634.162391
1.0,85,1634.508995
-1.0,100,1635.872049
-1.0,100,1637.266207
1.0,54,1637.491389
-1.0,100,1639.006461
-1.0,100,1640.363828
1.0,38,1640.532818
-1.0,100,1641.939709
-1.0,100,1643.340435
-1.0,100,1643.75023
-1.0,100,1645.203359
1.0,71,1646.575384
1.0,11,1646.622582
1.0,10,1646.667085
-1.0,100,1648.04416
-1.0,100,1649.418616
-1.0,100,1649.851929
-1.0,100,1651.210547
-1.0,100,1652.667295
-1.0,100,1654.122532
-1.0,100,1654.539634
-1.0,100,1655.982685
1.0,39,1657.17898
-1.0,100,1657.622112
-1.0,100,1658.979512
-1.0,100,1660.430181
-1.0,100,1661.870777
1.0,48,1662.065278
1.0,82,1663.371214
-1.0,100,1663.788462
-1.0,100,1665.220491
-1.0,100,1666.600653
1.0,21,1666.694427
1.0,46,1667.868567
-1.0,100,1668.284
-1.0,100,1669.735701
-1.0,100,1671.175388
1.0,67,1671.453303
-1.0,100,1672.871712
-1.0,100,1674.242998
-1.0,100,1675.651368
1.0,83,1675.992962
1.0,72,1677.331235
-1.0,100,1678.73659
1.0,8,1678.771634
-1.0,100,1680.242161
-1.0,100,1680.664158
-1.0,100,1682.054875
1.0,73,1683.486524
-1.0,100,1683.944309
1.0,74,1685.387089
1.0,99,1686.753747
-1.0,100,1688.175589
-1.0,100,1688.586118
-1.0,100,1690.009279
-1.0,100,1691.423554
1.0,58,1691.681864
-1.0,100,1693.136907
-1.0,100,1694.560977
1.0,60,1694.79864
1.0,56,1696.04506
-1.0,100,1697.433859
-1.0,100,1697.848222
1.0,29,1698.981447
1.0,75,1699.294983
-1.0,100,1700.736486
1.0,26,1700.853682
-1.0,100,1702.308134
-1.0,100,1703.760895
-1.0,100,1705.21296
1.0,35,1705.362115
1.0,55,1705.590108
-1.0,100,1706.990432
-1.0,100,1708.457611
1.0,98,1709.899975
-1.0,100,1710.306999
1.0,48,1711.524558
1.0,47,1711.713366
-1.0,100,1713.0823
1.0,73,1713.378806
-1.0,100,1714.778406
-1.0,100,1716.243697
1.0,87,1717.587159
-1.0,100,1719.094483
-1.0,100,1719.516371
1.0,36,1720.661386
-1.0,100,1721.080552
1.0,20,1722.212934
1.0,41,1722.388948
1.0,92,1723.782604
-1.0,100,1724.20291
1.0,7,1724.235027
-1.0,100,1725.595681
-1.0,100,1727.007149
-1.0,100,1728.391365
1.0,80,1728.721445
1.0,94,1730.09845
1.0,21,1730.182621
-1.0,100,1731.623347
-1.0,100,1733.025607
1.0,57,1733.264891
-1.0,100,1734.70903
-1.0,100,1736.102482
-1.0,100,1737.605274
-1.0,100,1738.003818
-1.0,100,1739.501427
1.0,81,1740.911892
-1.0,100,1742.312236
-1.0,100,1742.727392
1.0,60,1743.993338
-1.0,100,1745.465052
-1.0,100,1745.857797
-1.0,100,1747.272102
-1.0,100,1748.676418
-1.0,100,1750.098714
-1.0,100,1751.46796
1.0,38,1751.639642
-1.0,100,1753.086085
-1.0,100,1753.498335
1.0,80,1754.854414
-1.0,100,1756.203485
-1.0,100,1757.651794
-1.0,100,1758.055524
-1.0,100,1759.51287
-1.0,100,1760.924364
1.0,95,1762.338758
-1.0,100,1762.759053
1.0,98,1764.151879
1.0,96,1765.510925
-1.0,100,1766.958251
-1.0,100,1768.38506
-1.0,100,1768.789032
1.0,64,1770.053448
1.0,72,1770.331342
1.0,10,1770.375945
-1.0,100,1771.764795
-1.0,100,1773.190103
-1.0,100,1774.581727
-1.0,100,1776.061795
-1.0,100,1776.459385
-1.0,100,1777.846759
-1.0,100,1779.264057
1.0,100,1780.646092
1.0,94,1781.017712
-1.0,100,1782.381971
-1.0,100,1783.811895
-1.0,100,1785.268456
-1.0,100,1786.667917
-1.0,100,1787.073853
-1.0,100,1788.551494
1.0,52,1789.709066
1.0,31,1789.843503
-1.0,100,1791.283192
-1.0,100,1791.707455
-1.0,100,1793.16677
1.0,18,1793.24531
-1.0,100,1794.654087
1.0,9,1794.693744
1.0,71,1795.978507
-1.0,100,1796.408717
1.0,13,1797.487532
-1.0,100,1797.903378
-1.0,100,1799.314347
1.0,15,1799.375096
-1.0,100,1800.787809
1.0,61,1801.027218
-1.0,100,1802.409348
-1.0,100,1803.808159
-1.0,100,1805.181255
1.0,61,1805.438446
1.0,43,1806.697178
1.0,74,1807.006702
-1.0,100,1808.428461
-1.0,100,1809.857796
-1.0,100,1811.286226
1.0,90,1811.656345
1.0,25,1811.755008
-1.0,100,1813.162193
-1.0,100,1814.599679
-1.0,100,1816.030982
1.0,72,1816.328806
1.0,54,1817.524873
-1.0,100,1818.905927
1.0,76,1819.194418
-1.0,100,1820.628862
1.0,71,1820.915026
1.0,33,1822.052496
-1.0,100,1823.553937
1.0,98,1823.964203
-1.0,100,1825.394267
-1.0,100,1826.877802
-1.0,100,1828.319062
-1.0,100,1828.734406
-1.0,100,1830.197293
-1.0,100,1831.632094
1.0,14,1831.692594
-1.0,100,1833.093603
1.0,88,1834.552092
-1.0,100,1834.95911
1.0,18,1835.031245
-1.0,100,1836.454114
-1.0,100,1837.892867
1.0,85,1839.287793
-1.0,100,1839.700585
-1.0,100,1841.10262
-1.0,100,1842.492043
-1.0,100,1843.94757
1.0,92,1845.316543
1.0,38,1845.484778
-1.0,100,1846.932519
1.0,27,1847.052872
-1.0,100,1848.493398
-1.0,100,1848.896439
1.0,22,1850.00119
-1.0,100,1850.41359
1.0,94,1851.811139
1.0,44,1851.99772
-1.0,100,1853.435536
-1.0,100,1854.910488
1.0,95,1856.279528
-1.0,100,1857.713305
-1.0,100,1858.135197
-1.0,100,1859.501015
1.0,16,1859.573495
-1.0,100,1860.972896
-1.0,100,1862.392453
-1.0,100,1863.792279
-1.0,100,1864.202649
1.0,21,1864.289541
-1.0,100,1865.778327
1.0,95,1867.170251
1.0,81,1868.507245
1.0,23,1868.606894
1.0,23,1868.706039
-1.0,100,1870.198081
-1.0,100,1871.60698
1.0,17,1871.67493
1.0,15,1871.741525
-1.0,100,1873.15607
1.0,73,1873.459122
1.0,24,1873.568012
-1.0,100,1874.919445
-1.0,100,1876.468606
1.0,67,1876.74595
-1.0,100,1878.389832
-1.0,100,1879.812771
1.0,71,1881.12248
1.0,82,1881.467212
1.0,50,1882.657829
-1.0,100,1883.073143
1.0,67,1884.339175
-1.0,100,1885.818295
-1.0,100,1886.210753
-1.0,100,1887.599873
-1.0,100,1889.013356
-1.0,100,1890.528622
-1.0,100,1891.995962
-1.0,100,1892.399994
1.0,34,1893.566991
-1.0,100,1893.974867
-1.0,100,1895.392669
1.0,74,1896.749252
1.0,69,1897.041159
1.0,40,1898.177874
1.0,18,1898.252907
-1.0,100,1899.798365
1.0,37,1899.949736
-1.0,100,1901.3805
1.0,46,1901.569922
-1.0,100,1902.955793
-1.0,100,1904.381079
-1.0,100,1904.809916
1.0,18,1904.89132
1.0,99,1906.270877
-1.0,100,1907.67925
-1.0,100,1909.053589
-1.0,100,1910.47699
1.0,74,1910.788016
1.0,16,1910.855764
-1.0,100,1912.254892
1.0,6,1912.281121
-1.0,100,1913.715921
1.0,65,1913.993718
-1.0,100,1915.393689
1.0,77,1916.733895
-1.0,100,1918.078208
-1.0,100,1918.466708
1.0,28,1919.549883
1.0,37,1919.690181
1.0,74,1919.993787
-1.0,100,1921.348853
-1.0,100,1922.753372
-1.0,100,1924.15543
-1.0,100,1925.568935
-1.0,100,1925.99379
-1.0,100,1927.416449
-1.0,100,1928.833991
-1.0,100,1930.314424
1.0,25,1930.40741
-1.0,100,1931.819598
-1.0,100,1932.222954
-1.0,100,1933.625764
-1.0,100,1935.094498
1.0,20,1935.184402
-1.0,100,1936.542929
-1.0,100,1937.980811
-1.0,100,1938.383257
1.0,53,1939.633392
-1.0,100,1941.040601
1.0,48,1941.235304
-1.0,100,1942.678088
-1.0,100,1944.047738
-1.0,100,1944.486355
-1.0,100,1946.004152
1.0,26,1946.118111
-1.0,100,1947.570278
1.0,59,1948.835258
-1.0,100,1949.257667
1.0,65,1950.517376
1.0,60,1950.770636
-1.0,100,1952.177918
1.0,54,1953.426931
-1.0,100,1953.838696
1.0,64,1955.145561
-1.0,100,1956.60533
-1.0,100,1957.023722
1.0,96,1958.484723
-1.0,100,1959.924093
-1.0,100,1961.360036
-1.0,100,1962.83811
-1.0,100,1963.258121
-1.0,100,1964.791253
1.0,29,1964.906107
1.0,29,1966.027265
-1.0,100,1966.448908
-1.0,100,1967.857607
-1.0,100,1969.328727
1.0,41,1969.52083
-1.0,100,1971.072454
-1.0,100,1972.529361
-1.0,100,1974.023796
-1.0,100,1974.454089
1.0,81,1975.750957
-1.0,100,1977.22093
-1.0,100,1978.638547
-1.0,100,1979.072995
1.0,83,1980.408371
-1.0,100,1981.987677
1.0,80,1982.32718
-1.0,100,1983.798677
-1.0,100,1985.270948
1.0,13,1985.3274
1.0,14,1985.386031
-1.0,100,1986.840508
1.0,89,1988.16858
-1.0,100,1988.595367
-1.0,100,1990.091559
-1.0,100,1991.49269
1.0,20,1991.581938
1.0,32,1991.71991
-1.0,100,1993.17074
-1.0,100,1994.62249
1.0,48,1994.824761
-1.0,100,1996.249216
1.0,11,1996.2913
-1.0,100,1997.675038
-1.0,100,1999.103504
-1.0,100,2000.496899
-1.0,100,2000.925955
-1.0,100,2002.317499
1.0,28,2002.436182
-1.0,100,2003.911071
1.0,13,2003.967382
-1.0,100,2005.337243
-1.0,100,2006.757237
-1.0,100,2008.171405
-1.0,100,2008.584363
-1.0,100,2009.990299
-1.0,100,2011.370028
-1.0,100,2012.792694
1.0,42,2012.973833
-1.0,100,2014.38448
-1.0,100,2015.894754
-1.0,100,2016.303806
-1.0,100,2017.724597
-1.0,100,2019.151341
-1.0,100,2020.657586
1.0,25,2020.754947
-1.0,100,2022.101244
1.0,99,2022.488054
-1.0,100,2023.932504
-1.0,100,2025.313314
-1.0,100,2026.673893
1.0,76,2026.967576
1.0,96,2028.469809
-1.0,100,2029.858503
1.0,10,2029.899209
1.0,7,2029.929683
-1.0,100,2031.362866
1.0,92,2032.805736
1.0,8,2032.840576
1.0,22,2032.938037
1.0,91,2033.318946
-1.0,100,2034.67551
1.0,16,2034.740475
-1.0,100,2036.233829
-1.0,100,2037.62812
-1.0,100,2039.07321
1.0,30,2039.196165
-1.0,100,2040.688061
-1.0,100,2042.079726
-1.0,100,2042.500258
1.0,96,2043.901803
1.0,26,2044.006534
-1.0,100,2045.445281
-1.0,100,2046.848888
1.0,22,2046.938859
-1.0,100,2048.487088
-1.0,100,2049.868627
-1.0,100,2050.28404
1.0,16,2050.349766
-1.0,100,2051.763787
-1.0,100,2053.195598
1.0,90,2054.628604
-1.0,100,2055.038003
-1.0,100,2056.483126
-1.0,100,2057.882001
-1.0,100,2059.271751
-1.0,100,2060.696119
-1.0,100,2061.103677
-1.0,100,2062.512685
-1.0,100,2063.90598
-1.0,100,2065.308646
-1.0,100,2066.780082
-1.0,100,2067.220621
1.0,34,2068.371747
-1.0,100,2068.789483
1.0,14,2068.845967
1.0,90,2070.243917
-1.0,100,2071.680184
-1.0,100,2073.089544
-1.0,100,2074.566966
-1.0,100,2074.989748
-1.0,100,2076.470979
-1.0,100,2077.893568
1.0,57,2078.141265
1.0,36,2079.293787
-1.0,100,2079.719165
-1.0,100,2081.1149
-1.0,100,2082.654686
-1.0,100,2084.192533
-1.0,100,2084.605956
-1.0,100,2086.063288
1.0,98,2087.526681
-1.0,100,2088.957577
-1.0,100,2090.366279
1.0,35,2090.519959
1.0,17,2090.595264
-1.0,100,2092.0214
-1.0,100,2093.604819
1.0,43,2093.781683
-1.0,100,2095.21967
-1.0,100,2095.634473
1.0,20,2096.688096
1.0,17,2096.768445
1.0,58,2096.997148
-1.0,100,2098.420355
-1.0,100,2099.834538
-1.0,100,2101.305337
-1.0,100,2101.708509
1.0,57,2103.026155
1.0,73,2103.32915
-1.0,100,2104.678456
-1.0,100,2106.106321
-1.0,100,2107.487673
-1.0,100,2107.8905
-1.0,100,2109.313619
-1.0,100,2110.712392
-1.0,100,2112.16005
-1.0,100,2113.549927
1.0,26,2113.659511
-1.0,100,2115.062984
-1.0,100,2115.474305
-1.0,100,2116.881406
-1.0,100,2118.337871
-1.0,100,2119.785622
1.0,87,2120.148554
-1.0,100,2121.562134
-1.0,100,2122.993626
-1.0,100,2124.440017
-1.0,100,2125.84465
1.0,38,2126.011643
1.0,12,2126.061316
-1.0,100,2127.487215
-1.0,100,2127.91168
1.0,46,2129.143504
-1.0,100,2130.643757
1.0,26,2130.757539
-1.0,100,2132.164473
1.0,10,2132.205197
-1.0,100,2132.625446
-1.0,100,2134.132747
-1.0,100,2135.540835
-1.0,100,2136.981071
-1.0,100,2138.499922
1.0,72,2138.804137
-1.0,100,2140.237304
-1.0,100,2141.693285
-1.0,100,2142.095196
-1.0,100,2143.52475
1.0,6,2143.55135
-1.0,100,2145.074785
-1.0,100,2146.478385
-1.0,100,2147.912853
-1.0,100,2148.316557
-1.0,100,2149.727261
-1.0,100,2151.092843
-1.0,100,2152.576924
1.0,88,2152.94714
-1.0,100,2154.404862
-1.0,100,2155.868888
-1.0,100,2157.365481
-1.0,100,2158.756276
-1.0,100,2159.162361
-1.0,100,2160.562221
1.0,49,2161.733259
-1.0,100,2162.136842
-1.0,100,2163.547853
1.0,85,2164.937406
-1.0,100,2166.414281
-1.0,100,2166.822964
-1.0,100,2168.325507
-1.0,100,2169.778963
-1.0,100,2171.264568
-1.0,100,2171.689892
-1.0,100,2173.078273
-1.0,100,2174.564967
1.0,48,2174.775279
-1.0,100,2176.330591
1.0,18,2176.408666
-1.0,100,2177.824543
-1.0,100,2179.29196
1.0,42,2179.466781
-1.0,100,2180.911031
-1.0,100,2182.26848
-1.0,100,2183.673046
-1.0,100,2184.088105
-1.0,100,2185.488535
-1.0,100,2186.89454
-1.0,100,2188.395073
-1.0,100,2188.805788
-1.0,100,2190.197177
-1.0,100,2191.64389
-1.0,100,2193.051842
-1.0,100,2194.49542
-1.0,100,2194.911375
-1.0,100,2196.378197
1.0,10,2196.419441
1.0,30,2196.549268
-1.0,100,2197.975606
-1.0,100,2199.388972
-1.0,100,2200.789971
1.0,23,2200.89239
1.0,80,2202.234711
1.0,25,2202.343698
-1.0,100,2203.741816
-1.0,100,2204.158778
-1.0,100,2205.610992
1.0,3,2205.625687
-1.0,100,2207.041005
1.0,30,2207.170478
-1.0,100,2208.61041
-1.0,100,2210.002558
-1.0,100,2211.415165
-1.0,100,2211.846734
-1.0,100,2213.22984
-1.0,100,2214.734568
-1.0,100,2216.229424
-1.0,100,2216.631689
1.0,97,2218.096333
-1.0,100,2219.50811
-1.0,100,2220.964644
-1.0,100,2222.387041
-1.0,100,2222.804191
-1.0,100,2224.270433
1.0,18,2224.343661
-1.0,100,2225.765365
1.0,77,2227.111319
-1.0,100,2227.516654
-1.0,100,2228.969673
-1.0,100,2230.459937
-1.0,100,2231.884196
-1.0,100,2233.276581
1.0,10,2233.319993
-1.0,100,2233.735972
-1.0,100,2235.160132
-1.0,100,2236.546817
-1.0,100,2237.93887
-1.0,100,2238.34192
-1.0,100,2239.725876
-1.0,100,2241.195924
-1.0,100,2242.56921
-1.0,100,2243.986821
-1.0,100,2244.392247
-1.0,100,2245.85735
1.0,64,2247.078271
-1.0,100,2247.504118
-1.0,100,2248.906437
-1.0,100,2250.324489
-1.0,100,2251.819174
-1.0,100,2253.253428
-1.0,100,2253.660257
-1.0,100,2255.187272
-1.0,100,2256.669707
-1.0,100,2258.113131
-1.0,100,2258.5102
-1.0,100,2260.015706
1.0,56,2261.336283
-1.0,100,2261.716549
-1.0,100,2263.186294
-1.0,100,2264.704471
-1.0,100,2266.185194
-1.0,100,2267.556936
-1.0,100,2267.975425
-1.0,100,2269.490973
1.0,62,2270.885219
-1.0,100,2271.372069
-1.0,100,2272.879032
-1.0,100,2274.312799
-1.0,100,2275.758945
-1.0,100,2277.163909
-1.0,100,2277.565263
-1.0,100,2278.988494
-1.0,100,2280.442219
-1.0,100,2281.912715
1.0,24,2282.006142
-1.0,100,2283.40486
-1.0,100,2283.81693
-1.0,100,2285.304208
-1.0,100,2286.76582
-1.0,100,2288.155372
1.0,56,2288.390966
-1.0,100,2289.772385
-1.0,100,2291.212763
1.0,25,2291.317193
-1.0,100,2292.755405
1.0,91,2293.124844
1.0,53,2294.296021
-1.0,100,2295.69849
1.0,67,2295.975309
1.0,11,2296.025374
-1.0,100,2297.489598
-1.0,100,2298.886797
1.0,39,2299.043322
-1.0,100,2300.496844
-1.0,100,2301.926587
-1.0,100,2302.344705
-1.0,100,2303.794421
1.0,13,2303.851076
-1.0,100,2305.274329
1.0,83,2306.56883
-1.0,100,2308.021841
-1.0,100,2308.420437
-1.0,100,2309.833602
-1.0,100,2311.204847
-1.0,100,2312.617866
-1.0,100,2313.014192
-1.0,100,2314.400603
1.0,92,2315.809147
-1.0,100,2317.224794
-1.0,100,2318.628294
-1.0,100,2319.029297
-1.0,100,2320.420768
-1.0,100,2321.887184
1.0,29,2322.00399
-1.0,100,2323.436021
-1.0,100,2324.903638
-1.0,100,2325.321771
-1.0,100,2326.74231
-1.0,100,2328.170221
-1.0,100,2329.529586
-1.0,100,2330.921412
-1.0,100,2331.331797
1.0,31,2332.432727
-1.0,100,2332.854526
-1.0,100,2334.314159
-1.0,100,2335.771335
1.0,9,2335.808864
1.0,8,2335.844091
-1.0,100,2337.276109
1.0,81,2338.672982
-1.0,100,2339.098211
-1.0,100,2340.493385
-1.0,100,2342.017146
1.0,59,2342.265885
1.0,43,2343.456259
1.0,60,2343.706393
1.0,6,2343.731801
-1.0,100,2345.121569
-1.0,100,2346.536406
-1.0,100,2347.947879
-1.0,100,2348.362971
1.0,69,2349.714727
-1.0,100,2351.137841
-1.0,100,2351.561761
-1.0,100,2352.963567
1.0,84,2354.368753
-1.0,100,2355.734251
-1.0,100,2356.157019
-1.0,100,2357.614604
-1.0,100,2359.114439
-1.0,100,2360.525294
-1.0,100,2361.958594
-1.0,100,2362.366664
-1.0,100,2363.818372
-1.0,100,2365.194392
1.0,83,2366.538079
-1.0,100,2366.950742
-1.0,100,2368.329686
1.0,68,2369.685179
-1.0,100,2370.097154
-1.0,100,2371.567671
-1.0,100,2373.028698
1.0,23,2373.118756
-1.0,100,2374.601268
-1.0,100,2375.955784
-1.0,100,2376.388047
-1.0,100,2377.798767
-1.0,100,2379.186747
-1.0,100,2380.681937
1.0,15,2380.740303
1.0,26,2380.849872
-1.0,100,2382.268734
-1.0,100,2383.696074
-1.0,100,2384.095541
-1.0,100,2385.495052
1.0,76,2386.790146
-1.0,100,2388.212594
-1.0,100,2388.621948
-1.0,100,2390.18569
-1.0,100,2391.555426
-1.0,100,2392.934895
1.0,45,2393.111855
-1.0,100,2394.445807
-1.0,100,2395.895236
1.0,43,2396.089253
-1.0,100,2397.47209
-1.0,100,2398.976739
-1.0,100,2399.388935
-1.0,100,2400.877155
-1.0,100,2402.239156
-1.0,100,2403.734626
1.0,14,2403.796877
-1.0,100,2405.67216
1.0,91,2406.043022
-1.0,100,2407.501907
1.0,6,2407.524328
-1.0,100,2408.936261
-1.0,100,2410.348456
-1.0,100,2410.740223
1.0,87,2412.124456
-1.0,100,2413.585505
1.0,63,2413.852454
-1.0,100,2415.295904
-1.0,100,2416.716736
-1.0,100,2418.068885
-1.0,100,2419.482164
-1.0,100,2419.894672
-1.0,100,2421.315209
-1.0,100,2422.759758
-1.0,100,2424.249992
-1.0,100,2424.680507
-1.0,100,2426.112429
-1.0,100,2427.647483
-1.0,100,2429.115993
1.0,37,2429.272357
-1.0,100,2430.700803
1.0,19,2430.77395
-1.0,100,2432.22261
-1.0,100,2433.590855
-1.0,100,2434.006742
1.0,57,2435.305441
1.0,44,2435.484834
1.0,59,2436.987008
-1.0,100,2437.506144
1.0,54,2439.061643
-1.0,100,2440.510713
-1.0,100,2440.930521
