#{"env_id": null, "t_start": 1550428199.5065954}
r,l,t
-1.0,100,4.361469
-1.0,100,6.657384
-1.0,100,7.834104
-1.0,100,9.060506
-1.0,100,9.401675
-1.0,100,10.555985
1.0,18,10.613338
-1.0,100,11.768526
-1.0,100,13.056655
-1.0,100,14.199043
-1.0,100,14.535336
1.0,48,15.617793
1.0,28,15.712176
-1.0,100,17.27812
-1.0,100,18.53747
-1.0,100,18.8723
-1.0,100,20.01676
-1.0,100,21.304732
-1.0,100,22.550615
-1.0,100,23.800901
-1.0,100,24.153408
-1.0,100,25.530159
-1.0,100,26.740586
-1.0,100,27.952138
-1.0,100,28.278959
-1.0,100,29.545536
1.0,13,29.589672
-1.0,100,31.150331
-1.0,100,32.381314
1.0,86,33.543834
1.0,55,33.729897
1.0,43,33.871771
-1.0,100,35.081968
-1.0,100,36.359713
1.0,47,36.537623
-1.0,100,37.862128
-1.0,100,39.124043
-1.0,100,40.473694
-1.0,100,40.815449
-1.0,100,42.012425
-1.0,100,43.362582
-1.0,100,44.608802
-1.0,100,44.922869
-1.0,100,46.131306
-1.0,100,47.349163
-1.0,100,48.590403
1.0,99,49.860301
-1.0,100,50.202801
-1.0,100,51.547557
-1.0,100,52.816819
-1.0,100,54.061039
-1.0,100,55.257121
1.0,60,55.471297
-1.0,100,56.72515
1.0,35,56.8495
-1.0,100,58.047863
-1.0,100,59.362846
-1.0,100,59.713297
1.0,50,60.751599
-1.0,100,61.970475
-1.0,100,62.324757
-1.0,100,63.610572
-1.0,100,64.849819
-1.0,100,66.109654
-1.0,100,66.441553
-1.0,100,67.671962
1.0,39,68.684362
-1.0,100,69.029377
1.0,61,70.163825
-1.0,100,71.364566
-1.0,100,71.720015
-1.0,100,72.949242
-1.0,100,74.192849
-1.0,100,75.444499
-1.0,100,75.818077
-1.0,100,77.067115
1.0,26,77.156277
1.0,79,78.340889
-1.0,100,79.579525
-1.0,100,80.796866
1.0,28,80.89681
-1.0,100,82.067293
1.0,79,82.331877
-1.0,100,83.605064
-1.0,100,84.811272
-1.0,100,86.096551
-1.0,100,86.440705
-1.0,100,87.651545
-1.0,100,88.859938
-1.0,100,90.0921
1.0,100,91.33295
-1.0,100,91.641996
1.0,43,92.650912
1.0,82,92.924907
1.0,45,93.981865
-1.0,100,94.293914
-1.0,100,95.546872
1.0,43,96.572348
-1.0,100,96.914793
-1.0,100,98.20293
-1.0,100,99.388485
-1.0,100,100.596297
-1.0,100,100.945776
1.0,19,101.901117
-1.0,100,102.250523
1.0,53,103.309821
1.0,45,103.479997
1.0,13,103.528648
-1.0,100,104.802906
-1.0,100,106.115604
-1.0,100,107.448727
-1.0,100,107.791892
-1.0,100,109.005565
1.0,35,109.13254
-1.0,100,110.379313
-1.0,100,111.590869
-1.0,100,112.796164
-1.0,100,114.097167
1.0,10,114.135196
1.0,41,114.268291
-1.0,100,115.50628
1.0,61,115.694976
1.0,9,115.724894
-1.0,100,116.998215
1.0,10,117.03412
-1.0,100,118.345909
-1.0,100,119.588696
-1.0,100,119.902118
1.0,18,120.885218
-1.0,100,121.215313
-1.0,100,122.462236
-1.0,100,123.71143
1.0,18,123.771785
-1.0,100,125.021369
-1.0,100,126.277226
-1.0,100,126.626194
-1.0,100,127.840947
1.0,24,127.922051
-1.0,100,129.106137
-1.0,100,130.316295
-1.0,100,131.6026
-1.0,100,132.900148
-1.0,100,133.237686
-1.0,100,134.517207
-1.0,100,135.705252
-1.0,100,136.945733
1.0,21,137.019728
-1.0,100,138.24264
1.0,87,138.567383
-1.0,100,139.773595
1.0,18,139.83678
1.0,82,141.025686
-1.0,100,142.342475
1.0,5,142.360827
-1.0,100,142.706486
-1.0,100,143.988471
1.0,12,144.027456
-1.0,100,145.310588
1.0,19,145.374018
1.0,25,145.461464
-1.0,100,146.749296
-1.0,100,148.050014
-1.0,100,149.355322
1.0,85,149.633445
-1.0,100,150.959277
1.0,43,151.987747
1.0,87,152.291233
1.0,21,152.360839
-1.0,100,153.618637
1.0,57,154.743175
-1.0,100,155.071448
1.0,98,156.293375
-1.0,100,157.50556
1.0,72,158.673296
-1.0,100,159.009407
-1.0,100,160.229899
1.0,42,160.359526
-1.0,100,161.544089
-1.0,100,162.783212
1.0,58,162.987134
-1.0,100,164.246302
1.0,60,165.418983
-1.0,100,165.720429
-1.0,100,166.859627
-1.0,100,168.114354
-1.0,100,169.415782
1.0,45,169.576164
-1.0,100,170.815735
1.0,26,170.909705
1.0,72,172.0492
-1.0,100,172.389737
-1.0,100,173.658008
-1.0,100,174.938469
-1.0,100,176.174546
-1.0,100,177.433951
-1.0,100,177.843097
-1.0,100,179.128649
-1.0,100,180.35447
-1.0,100,181.563841
-1.0,100,182.768002
1.0,66,182.987218
1.0,13,183.035185
-1.0,100,184.382885
1.0,82,185.54065
-1.0,100,185.896128
-1.0,100,187.101577
-1.0,100,188.42532
-1.0,100,189.666046
1.0,38,189.788455
-1.0,100,191.014396
-1.0,100,192.212769
-1.0,100,192.532514
-1.0,100,193.695538
-1.0,100,194.907664
-1.0,100,196.116427
1.0,34,196.224972
1.0,26,196.303296
-1.0,100,197.538256
-1.0,100,198.779609
-1.0,100,199.104544
1.0,87,200.267751
-1.0,100,201.454238
-1.0,100,202.674291
-1.0,100,202.984278
-1.0,100,204.332132
-1.0,100,205.613576
-1.0,100,206.79459
1.0,17,206.842836
1.0,59,207.018095
-1.0,100,208.315617
-1.0,100,209.577126
-1.0,100,210.818511
1.0,25,210.899397
1.0,27,210.993492
-1.0,100,212.212532
-1.0,100,213.532142
-1.0,100,214.759574
-1.0,100,215.099004
-1.0,100,216.344018
1.0,53,217.456619
-1.0,100,217.804802
1.0,28,218.813595
-1.0,100,219.156008
1.0,68,220.232325
1.0,15,220.289945
1.0,31,220.398107
1.0,40,220.530152
-1.0,100,221.740893
-1.0,100,222.940459
-1.0,100,224.190603
-1.0,100,225.394916
-1.0,100,225.720865
-1.0,100,226.915386
-1.0,100,228.187114
-1.0,100,229.416823
-1.0,100,230.674566
-1.0,100,231.029733
-1.0,100,232.301082
1.0,29,232.400918
-1.0,100,233.595226
-1.0,100,234.809866
-1.0,100,235.975037
-1.0,100,236.317179
-1.0,100,237.550822
-1.0,100,238.779524
-1.0,100,239.984962
-1.0,100,241.187243
1.0,42,241.343877
-1.0,100,242.584456
-1.0,100,242.949357
-1.0,100,244.254057
-1.0,100,245.456106
-1.0,100,246.629219
-1.0,100,247.834746
1.0,22,247.912978
-1.0,100,249.143003
-1.0,100,249.496674
-1.0,100,250.730959
-1.0,100,251.95381
1.0,5,251.972238
-1.0,100,253.204899
-1.0,100,253.555971
-1.0,100,254.816999
-1.0,100,256.010351
-1.0,100,257.204696
-1.0,100,258.444238
-1.0,100,258.790464
-1.0,100,259.99277
-1.0,100,261.29983
1.0,52,261.489649
1.0,72,262.610624
-1.0,100,263.811967
1.0,73,264.072254
1.0,85,265.314443
1.0,87,266.572308
1.0,25,266.66615
-1.0,100,267.953604
-1.0,100,268.297124
-1.0,100,269.514316
-1.0,100,270.750014
1.0,91,271.917552
1.0,35,272.042168
-1.0,100,273.289121
1.0,7,273.31621
-1.0,100,274.545096
1.0,49,274.719433
-1.0,100,275.961511
-1.0,100,276.283113
-1.0,100,277.510083
-1.0,100,278.733011
1.0,67,279.789966
1.0,71,280.033348
1.0,48,280.201055
-1.0,100,281.431604
-1.0,100,282.679359
1.0,58,283.819707
-1.0,100,284.167419
1.0,7,284.194377
-1.0,100,285.49564
-1.0,100,286.694615
-1.0,100,288.010225
1.0,36,288.132774
-1.0,100,289.309815
-1.0,100,290.513594
-1.0,100,290.853263
1.0,31,291.853906
1.0,29,291.956093
-1.0,100,293.134516
-1.0,100,293.476289
-1.0,100,294.736978
-1.0,100,295.963471
-1.0,100,297.179933
-1.0,100,297.518877
-1.0,100,298.804338
-1.0,100,300.126585
-1.0,100,301.391137
-1.0,100,302.646009
-1.0,100,302.960889
-1.0,100,304.24381
-1.0,100,305.442475
1.0,82,306.609204
1.0,71,306.829304
1.0,60,307.967634
1.0,29,308.059116
1.0,14,308.101315
-1.0,100,309.271008
-1.0,100,309.587888
-1.0,100,310.787937
1.0,35,311.762429
1.0,29,311.874151
1.0,63,312.073896
1.0,53,313.100728
-1.0,100,313.455017
-1.0,100,314.75453
-1.0,100,315.994894
-1.0,100,317.262113
-1.0,100,318.470569
-1.0,100,318.823407
-1.0,100,320.048538
-1.0,100,321.296004
-1.0,100,322.557554
1.0,6,322.578292
-1.0,100,323.789885
-1.0,100,324.106519
1.0,90,325.271988
-1.0,100,326.465232
-1.0,100,327.679181
-1.0,100,327.997466
-1.0,100,329.219732
-1.0,100,330.454878
-1.0,100,331.651839
1.0,7,331.67382
-1.0,100,332.837859
-1.0,100,333.165133
1.0,75,334.311314
-1.0,100,335.513309
-1.0,100,335.830855
-1.0,100,337.046957
-1.0,100,338.300335
-1.0,100,339.449411
-1.0,100,340.658296
-1.0,100,340.981258
-1.0,100,342.185083
-1.0,100,343.418506
-1.0,100,344.629367
-1.0,100,345.817317
-1.0,100,346.179386
-1.0,100,347.399709
-1.0,100,348.694703
-1.0,100,349.922784
-1.0,100,350.374752
-1.0,100,351.585929
-1.0,100,352.783949
-1.0,100,354.054873
-1.0,100,355.264069
-1.0,100,355.648399
-1.0,100,356.896124
-1.0,100,358.186408
-1.0,100,359.394183
-1.0,100,359.755623
-1.0,100,360.953584
-1.0,100,362.165816
1.0,88,363.296164
-1.0,100,363.66239
-1.0,100,364.868676
-1.0,100,366.147724
-1.0,100,367.417393
-1.0,100,368.630012
-1.0,100,368.987089
-1.0,100,370.218262
1.0,22,370.306067
-1.0,100,371.605723
-1.0,100,372.818738
-1.0,100,374.051869
-1.0,100,374.410594
-1.0,100,375.668092
-1.0,100,376.851276
-1.0,100,378.036301
-1.0,100,379.340097
-1.0,100,379.682786
-1.0,100,380.8827
-1.0,100,382.095317
-1.0,100,383.310348
-1.0,100,383.653642
1.0,32,384.707277
-1.0,100,385.9593
-1.0,100,386.316187
-1.0,100,387.594506
1.0,61,388.630347
-1.0,100,388.993789
-1.0,100,390.198685
-1.0,100,391.446762
-1.0,100,392.691099
-1.0,100,393.031363
1.0,92,394.221178
-1.0,100,395.46569
-1.0,100,396.688628
-1.0,100,397.912098
-1.0,100,398.235284
1.0,55,399.291188
1.0,40,399.428014
-1.0,100,400.665984
-1.0,100,401.890975
-1.0,100,402.221673
-1.0,100,403.575254
1.0,35,403.685082
1.0,35,404.669608
-1.0,100,405.88461
-1.0,100,406.189487
1.0,26,406.273143
1.0,96,407.473788
-1.0,100,408.665576
-1.0,100,409.92998
1.0,55,410.105302
-1.0,100,411.296574
-1.0,100,412.497712
-1.0,100,413.746626
-1.0,100,414.068912
1.0,20,414.995631
-1.0,100,415.326631
-1.0,100,416.586515
1.0,91,417.804933
1.0,17,417.858739
-1.0,100,419.076236
-1.0,100,419.40312
-1.0,100,420.651835
1.0,34,421.596786
1.0,39,421.737718
1.0,16,421.797688
-1.0,100,423.035474
-1.0,100,424.289222
-1.0,100,424.619315
-1.0,100,425.806316
-1.0,100,427.044879
-1.0,100,428.273043
1.0,31,428.382288
-1.0,100,429.688118
-1.0,100,430.018584
-1.0,100,431.308893
-1.0,100,432.504277
1.0,92,433.701544
-1.0,100,434.898792
-1.0,100,435.235462
-1.0,100,436.44912
1.0,4,436.46542
1.0,35,436.587525
-1.0,100,437.782264
-1.0,100,439.005007
1.0,71,440.145335
-1.0,100,440.463128
1.0,10,440.496187
-1.0,100,441.716298
-1.0,100,442.972812
-1.0,100,444.167755
-1.0,100,444.487063
1.0,51,445.505832
-1.0,100,446.694862
-1.0,100,447.029164
1.0,37,448.046048
-1.0,100,449.293907
-1.0,100,449.616125
-1.0,100,450.901125
1.0,62,452.001437
-1.0,100,452.37021
-1.0,100,453.610293
-1.0,100,454.770064
-1.0,100,455.977616
1.0,15,456.025634
-1.0,100,457.227045
1.0,33,457.338702
-1.0,100,458.57828
-1.0,100,458.897859
-1.0,100,460.095177
-1.0,100,461.287671
-1.0,100,462.506054
1.0,70,462.73753
1.0,29,463.716894
-1.0,100,464.027392
-1.0,100,465.250777
1.0,21,465.32227
1.0,25,465.399271
-1.0,100,466.60937
-1.0,100,467.796412
1.0,48,467.9523
-1.0,100,469.157964
-1.0,100,470.428166
1.0,5,470.446528
-1.0,100,471.629784
-1.0,100,472.856525
-1.0,100,473.20559
-1.0,100,474.399041
-1.0,100,475.641428
-1.0,100,476.888006
-1.0,100,477.211521
1.0,81,478.357538
-1.0,100,479.560966
1.0,56,479.748428
1.0,61,480.802702
1.0,14,480.84953
-1.0,100,482.20351
1.0,61,482.411813
-1.0,100,483.650179
1.0,21,483.721037
-1.0,100,484.995256
-1.0,100,486.205142
1.0,93,486.542624
1.0,40,487.577349
-1.0,100,487.927171
-1.0,100,489.253695
1.0,71,490.476891
1.0,46,490.636916
1.0,74,491.74936
-1.0,100,493.001212
-1.0,100,493.350194
1.0,37,494.363877
1.0,32,494.47878
-1.0,100,495.712418
-1.0,100,496.052688
-1.0,100,497.368448
-1.0,100,498.623191
1.0,74,499.786598
-1.0,100,500.132794
-1.0,100,501.324277
-1.0,100,502.519771
-1.0,100,503.803548
-1.0,100,504.146422
1.0,41,505.132943
1.0,10,505.17254
-1.0,100,506.46445
-1.0,100,506.807484
-1.0,100,508.093377
1.0,8,508.121414
1.0,92,509.306654
-1.0,100,510.566365
-1.0,100,511.764894
-1.0,100,512.102046
-1.0,100,513.317074
1.0,12,513.358443
-1.0,100,514.57228
1.0,19,514.636642
-1.0,100,515.820835
-1.0,100,516.99728
1.0,93,517.28819
-1.0,100,518.504438
1.0,51,519.553955
1.0,62,519.762343
-1.0,100,520.963736
1.0,51,521.141189
-1.0,100,522.370122
1.0,12,522.413287
-1.0,100,523.657167
-1.0,100,524.914707
-1.0,100,525.261327
1.0,39,526.335891
-1.0,100,527.597795
-1.0,100,527.914058
-1.0,100,529.164189
1.0,58,530.255208
-1.0,100,530.567001
-1.0,100,531.792583
1.0,16,531.844856
1.0,39,532.827273
-1.0,100,533.140726
1.0,28,534.094166
-1.0,100,534.41249
-1.0,100,535.615029
-1.0,100,536.854663
-1.0,100,538.100133
1.0,11,538.137715
-1.0,100,539.341197
1.0,47,539.511295
1.0,87,540.726564
1.0,21,540.81048
1.0,19,540.879947
1.0,57,541.057856
1.0,26,542.049904
-1.0,100,542.38497
-1.0,100,543.638149
-1.0,100,544.850963
1.0,36,544.969554
1.0,44,545.971759
-1.0,100,546.323659
1.0,43,547.347902
-1.0,100,547.691042
1.0,28,548.740751
-1.0,100,549.082262
-1.0,100,550.364419
1.0,28,550.453363
1.0,21,551.415843
1.0,58,551.613695
-1.0,100,552.840885
1.0,12,552.883967
-1.0,100,554.220939
-1.0,100,555.485888
1.0,64,555.702109
1.0,73,556.973848
-1.0,100,557.310111
1.0,17,557.367611
-1.0,100,558.559624
1.0,12,558.602062
1.0,51,559.644858
-1.0,100,560.843769
1.0,44,560.997876
-1.0,100,562.203516
-1.0,100,562.553159
1.0,80,563.687395
-1.0,100,564.86861
-1.0,100,566.181637
-1.0,100,566.542286
1.0,64,567.59017
-1.0,100,568.874325
1.0,82,569.15311
1.0,35,570.201109
1.0,25,570.289955
-1.0,100,571.451586
1.0,38,571.582026
1.0,47,571.743533
1.0,20,571.812874
1.0,86,573.028027
1.0,21,573.103696
-1.0,100,574.330281
1.0,8,574.356531
1.0,78,575.477667
-1.0,100,575.812905
1.0,32,576.840523
-1.0,100,578.072761
-1.0,100,578.401209
-1.0,100,579.643549
1.0,89,580.78591
1.0,46,580.956073
1.0,14,581.005075
-1.0,100,582.273391
-1.0,100,583.486981
1.0,14,583.536866
-1.0,100,584.816914
1.0,40,584.955088
-1.0,100,586.186692
1.0,12,586.231272
-1.0,100,587.441515
1.0,86,587.727514
1.0,68,588.830781
-1.0,100,590.031375
-1.0,100,590.350813
-1.0,100,591.524915
-1.0,100,592.771003
-1.0,100,593.949436
1.0,58,594.137847
1.0,97,595.389591
-1.0,100,596.576641
-1.0,100,597.84825
1.0,89,598.165863
1.0,44,599.285831
1.0,72,599.555595
1.0,47,600.57213
1.0,26,600.668022
-1.0,100,601.022444
-1.0,100,602.257553
-1.0,100,603.546038
1.0,34,603.666812
1.0,98,604.938336
1.0,37,605.060044
-1.0,100,606.345028
-1.0,100,607.610128
1.0,30,607.723019
1.0,21,607.793985
1.0,95,609.04919
-1.0,100,610.29522
1.0,70,610.554276
1.0,52,611.607484
1.0,53,611.804114
-1.0,100,613.07006
-1.0,100,614.325519
-1.0,100,615.701376
-1.0,100,616.068211
-1.0,100,617.37043
1.0,41,617.525412
-1.0,100,618.717784
-1.0,100,619.927526
1.0,47,620.101753
-1.0,100,621.28957
1.0,32,621.411814
-1.0,100,622.697949
1.0,44,623.779752
1.0,82,624.066
-1.0,100,625.246726
-1.0,100,626.44779
1.0,10,626.48408
1.0,22,626.552271
-1.0,100,627.765379
1.0,42,627.897366
-1.0,100,629.101466
1.0,14,629.148136
-1.0,100,630.353877
-1.0,100,631.607683
-1.0,100,631.927479
-1.0,100,633.124621
-1.0,100,634.377856
1.0,34,634.509708
1.0,67,635.600517
-1.0,100,635.930479
1.0,12,636.849654
-1.0,100,637.166098
-1.0,100,638.330025
1.0,39,638.456863
-1.0,100,639.63592
-1.0,100,640.885267
-1.0,100,642.124103
1.0,30,642.226779
-1.0,100,643.479043
-1.0,100,644.702915
-1.0,100,645.030468
-1.0,100,646.225415
-1.0,100,647.435567
-1.0,100,648.702204
1.0,17,648.763816
-1.0,100,649.970755
1.0,47,650.133907
1.0,35,650.267715
1.0,32,651.241668
1.0,76,651.506274
-1.0,100,652.699222
1.0,70,652.941274
1.0,22,653.91996
-1.0,100,654.246929
-1.0,100,655.474877
-1.0,100,656.718081
1.0,59,656.910221
1.0,35,657.907314
-1.0,100,658.231852
-1.0,100,659.477256
-1.0,100,660.772216
-1.0,100,662.041549
-1.0,100,663.277225
1.0,78,663.542116
1.0,47,664.551655
1.0,65,664.762832
-1.0,100,666.018839
1.0,35,666.134739
1.0,33,666.242385
1.0,40,667.237192
-1.0,100,667.547752
-1.0,100,668.819769
1.0,9,668.849156
-1.0,100,670.069859
-1.0,100,671.233335
1.0,11,671.267761
1.0,73,672.362332
-1.0,100,672.687807
1.0,37,673.725389
1.0,20,673.798917
-1.0,100,675.069766
1.0,24,675.153486
-1.0,100,676.341779
-1.0,100,676.676662
1.0,21,676.744851
-1.0,100,677.965852
-1.0,100,679.189915
1.0,78,680.362339
1.0,32,680.471685
1.0,47,680.627444
1.0,11,680.665699
1.0,16,680.718091
-1.0,100,681.999796
1.0,10,682.036034
1.0,20,682.099068
1.0,43,683.102401
1.0,65,683.304036
-1.0,100,684.51254
-1.0,100,685.712836
-1.0,100,686.948305
-1.0,100,687.270248
1.0,42,688.311605
-1.0,100,689.541461
1.0,70,689.795895
1.0,12,689.836432
-1.0,100,691.101567
1.0,23,691.175276
-1.0,100,692.378328
1.0,43,692.52335
-1.0,100,693.755236
-1.0,100,694.979022
1.0,64,695.204281
-1.0,100,696.495065
1.0,38,696.62374
1.0,11,697.49903
1.0,17,697.564662
1.0,7,697.589572
-1.0,100,697.935393
1.0,80,699.085111
-1.0,100,700.313341
-1.0,100,701.6206
1.0,73,701.867262
1.0,94,703.042575
-1.0,100,704.310193
1.0,63,704.534927
-1.0,100,705.798445
1.0,51,705.978292
1.0,76,707.148943
1.0,97,708.485949
-1.0,100,709.694614
-1.0,100,710.029967
1.0,9,710.061158
1.0,100,711.237067
-1.0,100,712.481674
1.0,10,712.518589
-1.0,100,713.698056
-1.0,100,714.940192
-1.0,100,715.290879
1.0,80,716.424683
1.0,21,716.502166
1.0,69,717.569425
1.0,32,717.676863
-1.0,100,718.878325
-1.0,100,720.121699
1.0,15,720.176591
-1.0,100,720.508318
1.0,17,721.479268
1.0,63,721.69574
-1.0,100,722.924679
1.0,30,723.029345
-1.0,100,724.225285
1.0,42,724.364869
1.0,75,725.499481
1.0,73,725.752634
1.0,28,726.770669
-1.0,100,727.111059
1.0,94,728.439271
1.0,16,728.499548
-1.0,100,729.779648
1.0,53,729.959144
-1.0,100,731.177796
-1.0,100,732.44547
1.0,35,732.575708
1.0,15,732.624637
1.0,66,733.763611
-1.0,100,734.968489
1.0,38,735.105377
-1.0,100,736.350307
1.0,64,736.566663
1.0,29,736.664897
1.0,32,737.610581
1.0,91,737.941943
-1.0,100,739.201913
1.0,26,739.29508
1.0,49,740.304827
1.0,65,740.556549
-1.0,100,741.916743
1.0,15,741.971582
1.0,29,742.075563
1.0,22,743.022502
-1.0,100,743.374046
-1.0,100,744.628095
-1.0,100,745.922232
1.0,53,746.120989
-1.0,100,747.310557
1.0,91,748.531322
1.0,33,748.647864
-1.0,100,749.975293
-1.0,100,751.268477
-1.0,100,751.599092
-1.0,100,752.811173
1.0,27,752.914709
1.0,36,753.894092
1.0,37,754.018829
1.0,28,754.114291
-1.0,100,755.3273
1.0,44,755.480527
1.0,68,756.594374
1.0,67,756.806997
1.0,68,757.9254
1.0,20,757.995996
1.0,42,758.140983
1.0,73,759.322357
1.0,17,759.383486
1.0,27,759.478673
1.0,59,760.542733
-1.0,100,761.798249
1.0,24,761.887838
1.0,19,761.953481
1.0,62,762.166145
1.0,36,763.191931
-1.0,100,763.515579
-1.0,100,764.815997
1.0,39,765.809061
-1.0,100,766.150333
-1.0,100,767.384182
1.0,15,767.43868
1.0,69,768.537013
1.0,39,768.669662
-1.0,100,769.956754
-1.0,100,771.233159
1.0,73,771.491671
1.0,15,771.544947
1.0,30,772.525504
1.0,62,772.744555
1.0,34,772.86684
1.0,12,772.91572
1.0,75,774.090529
1.0,26,774.191323
1.0,44,775.346482
-1.0,100,775.719294
1.0,98,776.955555
-1.0,100,778.242176
1.0,62,778.463591
-1.0,100,779.719495
1.0,44,779.873419
1.0,48,780.942803
1.0,44,781.102808
1.0,37,781.239799
-1.0,100,782.521654
1.0,55,783.576155
-1.0,100,783.912156
1.0,18,784.802615
-1.0,100,785.133569
-1.0,100,786.32384
-1.0,100,787.67041
1.0,25,787.765235
-1.0,100,788.984132
1.0,53,789.164325
-1.0,100,790.38846
1.0,19,790.454604
1.0,10,790.492238
-1.0,100,791.723327
1.0,41,791.862924
1.0,86,793.071311
-1.0,100,794.309586
-1.0,100,795.574216
-1.0,100,795.899449
-1.0,100,797.167669
1.0,22,797.241621
1.0,26,798.280453
1.0,94,798.579165
1.0,45,799.605843
-1.0,100,799.919465
1.0,55,800.957428
1.0,15,801.007101
1.0,29,801.098351
-1.0,100,802.440144
1.0,43,802.586841
1.0,48,803.634493
1.0,23,803.705219
-1.0,100,804.95926
-1.0,100,805.275742
1.0,6,806.227912
-1.0,100,806.547415
1.0,27,807.574588
1.0,52,807.745543
1.0,81,808.996092
1.0,40,809.135111
1.0,47,809.312046
1.0,58,810.466917
1.0,34,810.585815
1.0,48,810.7535
-1.0,100,811.963952
1.0,23,812.041597
1.0,22,812.116764
-1.0,100,813.562879
-1.0,100,814.787734
1.0,24,814.871653
-1.0,100,816.173327
-1.0,100,817.359432
1.0,84,817.660413
1.0,67,818.716244
1.0,13,818.760266
-1.0,100,820.002006
1.0,60,820.214532
1.0,14,820.260666
-1.0,100,821.439185
1.0,80,822.623223
-1.0,100,823.925897
-1.0,100,824.257114
1.0,44,825.234219
-1.0,100,826.461303
1.0,51,826.642905
-1.0,100,827.805367
-1.0,100,828.130709
1.0,90,829.284027
1.0,11,829.322451
-1.0,100,830.638999
1.0,56,830.823163
-1.0,100,832.123373
1.0,25,832.210888
-1.0,100,833.435001
-1.0,100,834.61779
1.0,24,834.690173
1.0,32,834.792243
-1.0,100,835.979762
-1.0,100,837.160129
1.0,15,837.212476
1.0,16,837.265023
1.0,74,838.374202
1.0,32,838.495426
1.0,46,838.636328
-1.0,100,839.904326
-1.0,100,841.13084
-1.0,100,842.374205
-1.0,100,843.574435
1.0,54,843.764028
1.0,31,843.864327
1.0,15,843.911855
-1.0,100,845.106094
1.0,19,845.168308
-1.0,100,846.438865
1.0,90,847.635386
1.0,71,847.8771
1.0,51,848.981792
-1.0,100,850.288905
1.0,24,850.377302
1.0,27,850.474437
1.0,98,851.717891
-1.0,100,852.084183
-1.0,100,853.314804
-1.0,100,854.560229
1.0,62,854.756848
1.0,13,855.744022
1.0,40,855.890036
1.0,51,856.065772
1.0,13,856.10772
-1.0,100,857.327841
1.0,17,857.381587
1.0,87,858.658023
-1.0,100,859.915484
1.0,68,860.155583
-1.0,100,861.386709
-1.0,100,862.600205
1.0,31,862.706331
-1.0,100,863.936617
-1.0,100,865.159654
1.0,18,865.224835
1.0,8,865.255061
1.0,27,865.349648
-1.0,100,866.558292
-1.0,100,867.753398
1.0,83,868.046496
1.0,96,869.254151
-1.0,100,870.559282
1.0,10,870.601318
1.0,17,870.669676
-1.0,100,871.862082
1.0,15,871.921519
-1.0,100,873.153182
-1.0,100,874.411393
-1.0,100,874.753621
1.0,78,875.965984
1.0,61,876.197251
-1.0,100,877.491362
-1.0,100,878.713934
1.0,13,878.759053
-1.0,100,880.00352
1.0,78,880.269838
-1.0,100,881.553357
1.0,39,882.596764
1.0,34,882.707506
1.0,14,882.756652
1.0,10,882.800145
1.0,38,882.932928
-1.0,100,884.154821
1.0,11,884.192675
1.0,69,885.379426
1.0,41,885.525812
1.0,89,886.83392
-1.0,100,887.194931
1.0,3,887.209831
1.0,16,888.094291
-1.0,100,888.431661
1.0,71,889.538934
-1.0,100,890.760527
1.0,36,890.875617
1.0,20,890.942032
1.0,20,891.014581
-1.0,100,892.218323
1.0,86,893.390381
1.0,78,893.640982
1.0,23,894.581258
-1.0,100,894.90105
-1.0,100,896.116926
-1.0,100,897.395778
-1.0,100,898.597625
1.0,31,898.710104
-1.0,100,900.027456
1.0,27,900.116964
1.0,18,900.176962
-1.0,100,901.42647
1.0,64,901.642785
1.0,54,902.686546
1.0,75,902.942385
1.0,22,903.876126
-1.0,100,904.189005
-1.0,100,905.37139
1.0,43,905.52577
1.0,28,906.525461
1.0,11,906.558752
1.0,35,906.677891
-1.0,100,907.93274
1.0,95,909.167651
1.0,15,909.217998
1.0,7,909.243713
-1.0,100,909.544273
-1.0,100,910.770773
-1.0,100,912.002273
1.0,6,912.021363
-1.0,100,913.235646
1.0,32,913.330379
1.0,20,913.392357
-1.0,100,914.597749
1.0,39,914.73159
-1.0,100,915.983267
1.0,51,917.07895
-1.0,100,917.425178
1.0,96,918.608841
1.0,15,918.660172
1.0,28,918.74582
1.0,53,919.786057
-1.0,100,920.933509
1.0,25,921.025096
1.0,26,921.121253
-1.0,100,922.331672
1.0,23,922.414088
-1.0,100,923.693455
1.0,42,923.840376
1.0,41,924.009537
-1.0,100,925.235899
1.0,18,925.30251
-1.0,100,926.480288
1.0,15,926.536023
1.0,47,927.568477
1.0,46,927.717815
1.0,13,927.763391
1.0,36,927.886369
-1.0,100,929.093975
1.0,13,929.138173
-1.0,100,930.440962
1.0,66,931.595941
-1.0,100,931.944877
1.0,94,933.138133
1.0,35,933.258556
1.0,54,934.316096
1.0,10,934.350401
1.0,43,934.490859
1.0,30,934.591241
1.0,32,935.599172
1.0,17,935.659153
1.0,41,935.790062
1.0,17,935.848694
1.0,11,935.88631
-1.0,100,937.130071
1.0,22,937.204982
1.0,25,937.296744
-1.0,100,938.570861
1.0,48,939.636224
1.0,4,939.651165
1.0,9,939.685176
-1.0,100,940.023134
1.0,53,941.185927
1.0,98,942.419777
1.0,39,942.558716
-1.0,100,943.76342
1.0,24,943.84814
-1.0,100,945.089725
1.0,54,945.26158
-1.0,100,946.45708
1.0,27,946.54506
-1.0,100,947.724117
-1.0,100,948.937576
-1.0,100,949.266974
1.0,33,950.254581
1.0,61,950.457427
1.0,21,950.525313
1.0,52,951.55914
-1.0,100,952.822555
1.0,31,952.930472
-1.0,100,954.16903
-1.0,100,954.49667
-1.0,100,955.759833
1.0,11,955.795925
1.0,75,957.018679
1.0,70,957.242927
1.0,45,958.258353
1.0,73,958.488273
1.0,16,958.542832
1.0,62,959.686711
1.0,37,959.806049
-1.0,100,961.023317
1.0,37,961.144436
1.0,98,962.412764
1.0,22,962.485215
-1.0,100,963.712826
1.0,54,963.884634
1.0,47,964.916878
1.0,16,964.971655
-1.0,100,966.211127
-1.0,100,966.543776
1.0,13,967.543555
1.0,61,967.763728
-1.0,100,969.016252
1.0,15,969.07074
1.0,19,969.148301
-1.0,100,970.428266
1.0,52,970.596596
1.0,13,970.636157
1.0,23,971.684924
1.0,53,971.870053
1.0,27,971.968922
-1.0,100,973.254588
-1.0,100,974.496224
-1.0,100,975.701718
-1.0,100,976.060045
-1.0,100,977.291389
-1.0,100,978.465738
1.0,25,978.550109
1.0,56,978.734523
1.0,29,979.692063
1.0,70,979.948241
1.0,22,980.031265
-1.0,100,981.237745
1.0,89,982.438381
1.0,43,982.595791
-1.0,100,983.924837
-1.0,100,985.198709
1.0,15,985.250005
-1.0,100,986.47893
1.0,49,986.650751
-1.0,100,987.990162
1.0,30,988.097483
1.0,42,988.25121
1.0,45,989.258138
1.0,13,989.308521
1.0,33,989.4211
1.0,29,989.524739
1.0,36,990.538278
1.0,8,990.568712
1.0,26,990.665846
-1.0,100,991.968262
1.0,63,992.188901
-1.0,100,993.489516
1.0,11,993.534121
1.0,41,993.677351
1.0,13,993.726927
1.0,12,994.61023
1.0,41,994.741333
1.0,22,994.813839
1.0,53,994.98206
-1.0,100,996.167602
1.0,64,997.29012
-1.0,100,998.502235
1.0,85,998.809376
1.0,73,999.962624
-1.0,100,1001.199926
-1.0,100,1001.533863
1.0,46,1002.569418
1.0,96,1002.907575
-1.0,100,1004.106828
1.0,55,1005.235251
-1.0,100,1005.571356
-1.0,100,1006.776278
-1.0,100,1007.994236
-1.0,100,1009.24288
1.0,53,1009.423167
1.0,17,1009.48468
-1.0,100,1010.752051
1.0,54,1011.812765
-1.0,100,1012.146462
1.0,14,1012.199991
1.0,54,1013.28198
-1.0,100,1014.490609
-1.0,100,1014.832362
1.0,80,1016.026995
1.0,91,1017.214287
-1.0,100,1018.381749
1.0,22,1018.454402
-1.0,100,1018.779367
-1.0,100,1020.011666
1.0,16,1020.061708
-1.0,100,1021.239861
1.0,25,1021.31856
1.0,60,1022.395543
1.0,26,1022.485792
1.0,13,1022.532119
1.0,46,1022.675923
-1.0,100,1023.963287
1.0,100,1025.121711
1.0,22,1025.199704
1.0,28,1025.292245
1.0,14,1026.327348
-1.0,100,1026.669264
-1.0,100,1027.888383
-1.0,100,1029.448831
-1.0,100,1030.677778
1.0,57,1030.871912
-1.0,100,1032.064084
-1.0,100,1033.323948
1.0,28,1033.430591
1.0,48,1033.605404
-1.0,100,1034.890383
1.0,93,1036.102408
1.0,20,1036.174216
1.0,15,1036.226286
1.0,47,1036.392159
1.0,14,1037.317771
-1.0,100,1037.690419
1.0,55,1038.780652
1.0,45,1038.940603
1.0,16,1038.994577
-1.0,100,1040.183266
1.0,65,1041.248307
1.0,40,1041.376652
1.0,74,1041.636885
1.0,42,1042.718844
1.0,25,1042.820076
1.0,12,1042.864548
-1.0,100,1044.153866
1.0,18,1044.217325
1.0,28,1044.319447
1.0,91,1045.476184
1.0,34,1045.594312
-1.0,100,1046.809424
1.0,27,1046.907636
1.0,23,1046.985146
1.0,59,1048.097956
1.0,11,1048.13793
1.0,46,1048.289817
1.0,11,1048.331396
1.0,23,1048.421138
1.0,15,1049.377601
1.0,29,1049.47483
1.0,20,1049.541144
-1.0,100,1050.78704
1.0,37,1050.899188
-1.0,100,1052.158988
1.0,98,1053.406402
1.0,50,1053.565675
1.0,24,1053.645635
1.0,92,1054.863521
1.0,31,1054.969881
1.0,30,1055.067913
-1.0,100,1056.27826
1.0,12,1056.317017
-1.0,100,1057.569496
1.0,72,1058.70896
-1.0,100,1059.059258
1.0,97,1060.254017
1.0,16,1060.305169
1.0,48,1061.398593
-1.0,100,1061.72907
1.0,26,1062.781135
1.0,46,1062.931511
1.0,36,1063.046779
1.0,30,1063.145827
1.0,15,1064.082103
-1.0,100,1064.409508
-1.0,100,1065.601578
-1.0,100,1066.80076
1.0,26,1066.892224
1.0,60,1067.983408
-1.0,100,1068.295664
-1.0,100,1069.559011
1.0,80,1070.732587
-1.0,100,1071.918888
-1.0,100,1072.252095
-1.0,100,1073.492498
1.0,10,1073.52365
1.0,12,1073.563723
1.0,48,1074.697709
1.0,98,1075.021332
1.0,28,1076.007409
-1.0,100,1076.330411
1.0,19,1077.293099
1.0,70,1077.526532
1.0,49,1078.64673
-1.0,100,1078.98351
1.0,55,1080.054331
1.0,26,1080.138251
1.0,16,1080.192731
1.0,77,1081.299636
1.0,45,1081.44277
1.0,25,1081.521538
1.0,34,1082.564949
1.0,9,1082.599984
1.0,72,1082.846498
1.0,22,1082.915561
1.0,60,1084.01242
1.0,13,1084.054657
1.0,14,1084.097188
1.0,21,1084.160817
-1.0,100,1085.434913
1.0,15,1085.484166
-1.0,100,1086.711059
1.0,37,1086.830398
-1.0,100,1088.070611
1.0,96,1089.286069
1.0,78,1089.565339
1.0,37,1090.626353
1.0,15,1090.68306
1.0,15,1090.738732
1.0,38,1090.867866
1.0,13,1090.912414
-1.0,100,1092.121894
-1.0,100,1093.29814
1.0,29,1093.398144
1.0,32,1093.509808
1.0,70,1094.664687
1.0,16,1094.719962
1.0,28,1094.81346
1.0,32,1094.932893
1.0,86,1096.121
-1.0,100,1097.333031
1.0,71,1097.567759
-1.0,100,1098.790017
1.0,75,1099.89181
1.0,51,1100.060127
1.0,48,1101.148185
1.0,35,1101.265706
1.0,78,1101.529899
-1.0,100,1102.765357
1.0,15,1102.818854
1.0,14,1102.869874
-1.0,100,1104.181962
1.0,37,1104.300687
1.0,32,1105.288692
-1.0,100,1106.604166
-1.0,100,1106.94787
-1.0,100,1108.144723
-1.0,100,1109.382157
1.0,10,1109.416729
1.0,46,1109.575684
1.0,38,1110.605798
-1.0,100,1110.954989
1.0,47,1111.969991
-1.0,100,1113.282249
1.0,49,1113.46073
-1.0,100,1114.768493
1.0,39,1114.906086
-1.0,100,1116.187305
1.0,5,1116.209402
-1.0,100,1117.459772
1.0,17,1117.52262
1.0,8,1117.553815
1.0,22,1117.637728
1.0,27,1117.740784
1.0,38,1117.893206
1.0,89,1119.048193
1.0,18,1119.117696
1.0,48,1120.136064
-1.0,100,1120.494125
1.0,35,1121.463995
1.0,19,1121.531547
1.0,28,1121.628207
1.0,84,1122.790006
1.0,15,1122.837007
-1.0,100,1124.069597
1.0,42,1124.223017
1.0,43,1124.372888
1.0,26,1125.403226
1.0,39,1125.534321
1.0,43,1125.685333
1.0,23,1125.765213
1.0,66,1126.945331
1.0,57,1127.152447
1.0,23,1127.249963
1.0,20,1128.200379
1.0,21,1128.271123
1.0,43,1128.420771
1.0,46,1128.571813
-1.0,100,1129.801588
-1.0,100,1131.023009
1.0,59,1132.081351
1.0,38,1132.202182
1.0,16,1132.253785
1.0,72,1132.494877
1.0,29,1133.45828
-1.0,100,1134.68651
1.0,17,1134.739079
1.0,41,1134.869829
1.0,38,1134.993281
1.0,11,1135.028158
1.0,81,1136.285751
1.0,53,1136.474579
1.0,14,1136.525117
1.0,62,1137.671266
1.0,38,1137.810464
1.0,76,1138.957769
-1.0,100,1140.267476
1.0,33,1140.375382
1.0,56,1140.562689
1.0,49,1141.567401
1.0,41,1141.701641
-1.0,100,1142.888685
1.0,64,1143.114264
1.0,32,1144.136931
1.0,19,1144.200001
-1.0,100,1145.438202
-1.0,100,1145.754725
-1.0,100,1146.98463
1.0,38,1147.105108
-1.0,100,1148.349102
1.0,27,1148.450589
1.0,84,1149.610662
1.0,52,1149.784816
-1.0,100,1150.979659
-1.0,100,1152.299768
1.0,55,1152.482053
1.0,18,1153.41615
1.0,14,1153.461722
1.0,42,1153.603004
1.0,23,1153.673752
1.0,22,1153.740924
1.0,63,1154.897272
-1.0,100,1156.195601
1.0,25,1156.279958
-1.0,100,1157.594038
1.0,43,1157.751743
1.0,94,1158.982278
1.0,5,1159.000047
-1.0,100,1159.358188
-1.0,100,1160.615998
1.0,56,1161.695948
1.0,22,1161.772308
-1.0,100,1163.035124
-1.0,100,1163.382951
1.0,80,1164.530359
1.0,17,1164.589391
1.0,18,1164.654159
1.0,20,1164.727186
1.0,52,1165.810972
1.0,55,1165.993676
1.0,15,1166.043292
1.0,18,1166.967911
1.0,15,1167.02176
1.0,92,1167.334099
-1.0,100,1168.504262
1.0,45,1169.573006
1.0,12,1169.617613
1.0,15,1169.667336
1.0,85,1169.95111
1.0,9,1170.882493
-1.0,100,1171.235942
1.0,44,1172.294851
1.0,14,1172.341974
1.0,22,1172.420512
1.0,11,1172.460446
1.0,73,1173.665682
1.0,93,1173.975934
1.0,42,1175.016104
-1.0,100,1175.36524
-1.0,100,1176.583664
1.0,47,1177.647426
1.0,40,1177.780973
1.0,12,1177.823442
1.0,49,1177.998148
1.0,18,1178.062655
1.0,54,1179.185835
1.0,38,1179.320244
1.0,72,1180.452637
1.0,98,1181.638287
1.0,40,1181.772112
1.0,54,1181.957021
-1.0,100,1183.162681
-1.0,100,1184.364646
1.0,22,1184.43581
1.0,40,1184.568146
1.0,30,1185.514878
1.0,28,1185.619584
1.0,22,1185.703202
1.0,9,1185.741896
1.0,24,1185.825944
1.0,39,1185.962634
1.0,28,1186.92249
1.0,47,1187.089263
1.0,50,1187.269243
1.0,26,1188.199584
1.0,70,1188.45038
1.0,17,1188.513412
-1.0,100,1189.800715
1.0,70,1190.931129
1.0,37,1191.064612
1.0,80,1192.294261
1.0,58,1192.500898
1.0,76,1193.658944
1.0,66,1193.894575
1.0,23,1193.980308
1.0,14,1194.029112
-1.0,100,1195.248456
1.0,19,1195.317435
-1.0,100,1196.601907
-1.0,100,1197.861381
1.0,57,1198.063383
-1.0,100,1199.248667
1.0,97,1200.502852
1.0,14,1200.553774
1.0,31,1200.668678
1.0,26,1200.761297
1.0,91,1201.953578
1.0,80,1203.087253
-1.0,100,1204.351923
1.0,8,1204.378921
-1.0,100,1204.719405
1.0,26,1205.798391
1.0,23,1205.887464
1.0,98,1207.247031
1.0,46,1207.401339
1.0,79,1208.561431
1.0,31,1208.669407
1.0,35,1208.798069
1.0,39,1208.926748
1.0,8,1208.955287
1.0,29,1209.960356
1.0,5,1209.984254
1.0,98,1210.329942
1.0,24,1211.354867
-1.0,100,1211.689436
1.0,62,1212.768688
1.0,17,1212.826776
1.0,90,1214.000222
-1.0,100,1215.241025
-1.0,100,1215.599337
1.0,33,1216.622265
1.0,31,1216.736334
-1.0,100,1217.990139
1.0,77,1218.261935
1.0,53,1219.340685
1.0,36,1219.453183
-1.0,100,1220.709346
1.0,86,1221.00964
1.0,71,1222.129183
1.0,69,1222.383642
1.0,22,1223.351343
-1.0,100,1223.679418
1.0,70,1224.755145
1.0,21,1224.823409
1.0,50,1225.917251
1.0,51,1226.08154
1.0,79,1227.267009
1.0,32,1227.37386
1.0,14,1227.418557
1.0,49,1227.568987
1.0,10,1227.600102
1.0,56,1228.693403
1.0,52,1228.864957
-1.0,100,1230.105523
1.0,10,1230.136906
1.0,23,1230.216384
-1.0,100,1231.471468
-1.0,100,1232.770388
1.0,87,1233.067226
-1.0,100,1234.27555
-1.0,100,1235.493707
1.0,23,1235.568272
1.0,11,1235.606412
1.0,52,1236.682865
1.0,89,1236.976546
1.0,55,1238.099395
1.0,93,1239.282253
1.0,19,1239.350736
-1.0,100,1239.684058
1.0,31,1240.712517
1.0,9,1240.747331
-1.0,100,1241.970138
1.0,44,1242.120633
1.0,40,1242.262048
-1.0,100,1243.494927
-1.0,100,1244.684579
1.0,40,1244.813829
1.0,48,1244.972865
-1.0,100,1246.195552
1.0,67,1247.29528
1.0,28,1247.391393
1.0,22,1247.464855
-1.0,100,1248.675736
1.0,93,1249.924108
1.0,75,1250.168494
1.0,37,1251.221269
-1.0,100,1251.551783
-1.0,100,1252.730593
1.0,44,1252.887658
1.0,59,1253.962373
1.0,17,1254.029957
1.0,41,1254.159146
1.0,18,1255.156975
1.0,20,1255.226254
1.0,90,1255.529585
-1.0,100,1256.760742
1.0,9,1256.79162
1.0,64,1257.944136
-1.0,100,1259.213053
-1.0,100,1259.53363
-1.0,100,1260.787702
1.0,24,1260.862247
-1.0,100,1262.065733
1.0,53,1262.237758
1.0,24,1263.279154
-1.0,100,1263.62726
-1.0,100,1264.849658
-1.0,100,1266.108263
1.0,26,1266.197775
1.0,77,1267.330823
-1.0,100,1268.574835
-1.0,100,1268.899812
1.0,12,1268.938296
1.0,73,1270.030364
-1.0,100,1271.251179
1.0,23,1271.325195
1.0,88,1272.542748
1.0,47,1272.708483
1.0,19,1272.776716
1.0,60,1273.846239
1.0,67,1274.08247
-1.0,100,1275.385338
-1.0,100,1276.636055
1.0,18,1276.692021
1.0,18,1276.755445
1.0,32,1276.872619
-1.0,100,1278.103065
1.0,74,1279.258343
1.0,27,1279.357175
1.0,45,1279.515444
1.0,24,1279.604766
1.0,14,1279.654232
-1.0,100,1280.916475
1.0,54,1282.011378
1.0,30,1282.107934
1.0,17,1282.169424
1.0,24,1282.260481
-1.0,100,1283.561721
1.0,69,1284.663481
1.0,90,1284.955641
1.0,77,1286.127535
1.0,38,1286.265074
1.0,7,1286.292753
-1.0,100,1287.495661
1.0,9,1287.526343
1.0,98,1288.82762
1.0,55,1289.012255
-1.0,100,1290.265037
1.0,11,1290.302111
1.0,14,1290.349803
1.0,70,1291.431298
1.0,43,1291.562713
1.0,19,1291.621601
1.0,12,1291.660216
1.0,60,1292.717745
1.0,83,1292.986703
1.0,74,1294.179622
1.0,39,1294.31622
1.0,32,1295.265545
1.0,50,1295.428978
1.0,55,1295.596214
-1.0,100,1296.850949
1.0,32,1296.955347
1.0,65,1298.068946
1.0,66,1299.21929
1.0,46,1299.383506
1.0,23,1299.462045
-1.0,100,1300.741626
1.0,81,1301.013271
1.0,46,1302.047029
1.0,35,1302.181936
1.0,76,1303.407838
-1.0,100,1303.734335
-1.0,100,1304.918976
1.0,54,1305.917893
1.0,28,1306.010293
1.0,94,1307.185676
1.0,33,1307.297584
1.0,41,1307.425048
1.0,20,1307.49499
1.0,57,1308.559124
1.0,79,1308.799139
-1.0,100,1310.001988
-1.0,100,1311.204238
-1.0,100,1312.418957
1.0,7,1312.445949
-1.0,100,1313.637432
-1.0,100,1313.982077
1.0,14,1314.0324
1.0,49,1315.054616
1.0,58,1315.252887
1.0,26,1316.317677
1.0,19,1316.383968
1.0,36,1316.5212
-1.0,100,1317.719838
1.0,57,1317.934553
-1.0,100,1319.188182
1.0,32,1319.298813
1.0,88,1320.521486
-1.0,100,1321.721519
-1.0,100,1322.078377
-1.0,100,1323.293339
1.0,41,1324.299943
1.0,28,1324.408417
1.0,44,1324.557597
-1.0,100,1325.80868
1.0,14,1325.860286
-1.0,100,1327.076211
1.0,51,1327.261466
1.0,47,1328.333009
-1.0,100,1328.678281
1.0,79,1329.862551
1.0,32,1329.97244
1.0,15,1330.030276
1.0,18,1330.10341
1.0,89,1331.267363
1.0,93,1332.400465
1.0,78,1333.587502
1.0,47,1333.748031
1.0,20,1333.821999
1.0,33,1333.937087
1.0,22,1334.012446
1.0,22,1334.998969
1.0,59,1335.197753
1.0,32,1335.313553
-1.0,100,1336.526541
-1.0,100,1337.869957
1.0,75,1338.129266
1.0,11,1339.045878
1.0,24,1339.126004
1.0,18,1339.189278
1.0,19,1339.264225
1.0,15,1339.316302
-1.0,100,1340.56536
1.0,34,1340.683546
1.0,11,1340.722015
1.0,17,1340.784903
1.0,44,1341.8165
1.0,16,1341.870501
1.0,51,1342.044108
1.0,98,1343.229547
-1.0,100,1344.468952
-1.0,100,1345.656253
-1.0,100,1346.014059
1.0,25,1346.963327
-1.0,100,1347.293822
-1.0,100,1348.46829
1.0,17,1348.523606
1.0,21,1348.58832
1.0,14,1349.534688
-1.0,100,1349.850115
1.0,59,1350.897516
1.0,27,1350.983181
-1.0,100,1352.163634
-1.0,100,1353.395051
-1.0,100,1353.729802
1.0,24,1354.680801
1.0,34,1354.802033
1.0,31,1354.911464
1.0,8,1354.939199
1.0,41,1355.0926
1.0,28,1356.143297
-1.0,100,1356.514729
1.0,54,1357.565604
1.0,5,1357.58369
1.0,25,1357.665462
1.0,32,1357.769503
1.0,33,1358.774006
1.0,11,1358.818488
-1.0,100,1359.151032
1.0,33,1360.208855
1.0,27,1360.295363
1.0,75,1361.403035
-1.0,100,1361.735537
-1.0,100,1362.977138
1.0,34,1363.089156
1.0,52,1364.136075
1.0,75,1364.371921
1.0,86,1365.529324
-1.0,100,1366.759783
1.0,61,1366.963383
1.0,17,1367.016104
1.0,73,1368.119636
-1.0,100,1369.314883
-1.0,100,1370.567417
1.0,11,1370.607323
-1.0,100,1370.953187
1.0,43,1371.991743
1.0,28,1372.09023
1.0,23,1372.174569
1.0,14,1372.224192
1.0,7,1372.2497
1.0,29,1373.197087
1.0,52,1373.385953
1.0,62,1373.589204
1.0,22,1374.531697
-1.0,100,1374.870327
1.0,19,1375.943686
-1.0,100,1376.294018
1.0,32,1377.300484
1.0,96,1377.641507
1.0,45,1378.653466
1.0,22,1378.728251
1.0,17,1378.786947
-1.0,100,1380.015091
-1.0,100,1381.247902
1.0,92,1381.556212
-1.0,100,1382.859648
1.0,56,1383.046648
1.0,42,1384.064962
-1.0,100,1385.364908
1.0,55,1385.574308
1.0,18,1385.64119
-1.0,100,1386.97644
-1.0,100,1388.166808
1.0,21,1388.24127
1.0,50,1388.41993
-1.0,100,1389.619206
1.0,36,1389.746528
1.0,73,1390.844808
-1.0,100,1392.042022
1.0,21,1392.110579
1.0,13,1392.155224
1.0,17,1392.213991
1.0,43,1392.359697
1.0,34,1393.38859
1.0,25,1393.468076
1.0,45,1393.619961
1.0,10,1393.65451
1.0,53,1394.674858
-1.0,100,1395.854405
1.0,32,1395.974204
-1.0,100,1397.189769
1.0,26,1397.289473
1.0,55,1397.472875
1.0,37,1397.603916
1.0,59,1398.690652
1.0,26,1398.778339
-1.0,100,1400.046384
1.0,27,1400.14354
1.0,11,1400.183653
1.0,59,1401.27511
1.0,43,1401.419839
-1.0,100,1402.716272
1.0,10,1402.75312
1.0,20,1402.82194
1.0,91,1404.018998
-1.0,100,1405.230788
1.0,95,1405.563796
1.0,28,1405.663189
1.0,31,1406.663222
-1.0,100,1407.018374
1.0,18,1407.904804
1.0,75,1408.183185
1.0,63,1409.314371
1.0,18,1409.384706
1.0,60,1409.624075
1.0,38,1410.639813
1.0,51,1410.838211
1.0,62,1411.070807
1.0,18,1412.007838
1.0,31,1412.12873
1.0,47,1412.304559
1.0,29,1412.40945
1.0,37,1413.370254
1.0,79,1413.653998
-1.0,100,1414.838793
1.0,83,1415.980982
1.0,41,1416.133499
-1.0,100,1417.362486
1.0,16,1417.424645
1.0,85,1418.605458
1.0,34,1418.714477
1.0,24,1418.788836
-1.0,100,1420.021726
1.0,36,1420.140473
1.0,13,1420.185878
1.0,71,1421.266201
1.0,29,1421.356022
1.0,82,1422.488931
-1.0,100,1423.657024
1.0,21,1423.722752
1.0,23,1423.796381
1.0,74,1424.04048
-1.0,100,1425.246231
1.0,24,1425.319667
1.0,33,1426.366031
1.0,20,1426.433634
-1.0,100,1427.645988
1.0,53,1427.825552
1.0,41,1427.955962
-1.0,100,1429.241567
1.0,70,1430.447217
-1.0,100,1430.758539
1.0,67,1431.919701
1.0,58,1432.1053
1.0,60,1433.163038
1.0,49,1433.320695
1.0,15,1433.368292
-1.0,100,1434.661393
1.0,19,1434.724962
1.0,66,1435.824437
-1.0,100,1437.133166
1.0,16,1437.185744
1.0,48,1437.344803
1.0,18,1437.40407
1.0,14,1437.448652
-1.0,100,1438.622848
1.0,32,1438.725729
1.0,8,1438.754396
1.0,58,1439.855719
1.0,22,1439.923604
1.0,57,1441.012188
1.0,87,1441.299669
1.0,9,1441.32637
-1.0,100,1442.535346
1.0,18,1442.594555
-1.0,100,1443.857005
1.0,12,1443.895264
-1.0,100,1445.09282
1.0,10,1445.131008
1.0,73,1446.248788
1.0,91,1446.566878
1.0,53,1447.601166
1.0,47,1447.763644
1.0,73,1448.886679
1.0,43,1449.036342
1.0,29,1449.130296
1.0,67,1450.218504
-1.0,100,1450.56147
1.0,17,1451.468335
1.0,50,1451.647
1.0,65,1451.88484
1.0,40,1452.92684
-1.0,100,1454.097725
1.0,10,1454.132256
1.0,8,1454.161331
-1.0,100,1454.509424
1.0,31,1455.489813
1.0,44,1455.648341
-1.0,100,1456.898427
1.0,68,1457.123244
1.0,8,1457.151633
1.0,96,1458.371408
1.0,19,1458.430512
1.0,25,1459.392882
-1.0,100,1459.73755
1.0,7,1459.760002
1.0,25,1460.733536
-1.0,100,1461.05808
-1.0,100,1462.242447
1.0,42,1462.375866
1.0,24,1463.335616
1.0,37,1463.454693
1.0,18,1463.515613
1.0,19,1463.579628
-1.0,100,1464.739142
-1.0,100,1466.01617
1.0,78,1466.282655
1.0,13,1467.156046
1.0,10,1467.190273
1.0,7,1467.21284
1.0,26,1467.296538
-1.0,100,1468.519418
1.0,16,1468.578167
1.0,26,1468.673408
1.0,9,1468.704451
1.0,43,1468.851747
1.0,11,1468.888961
1.0,9,1469.860037
-1.0,100,1470.186759
1.0,11,1470.222934
1.0,23,1471.156512
1.0,20,1471.221761
-1.0,100,1471.544167
1.0,15,1472.617763
1.0,46,1472.765391
1.0,48,1472.92026
-1.0,100,1474.114067
1.0,60,1475.256129
1.0,61,1475.450056
-1.0,100,1476.660085
1.0,52,1476.84379
1.0,56,1477.900288
1.0,12,1477.954486
1.0,10,1477.991024
-1.0,100,1479.284337
1.0,24,1479.364202
1.0,64,1479.584583
1.0,42,1480.569465
-1.0,100,1480.897969
1.0,19,1481.842866
1.0,100,1482.159341
1.0,42,1483.18461
-1.0,100,1483.507763
1.0,55,1484.565106
1.0,20,1484.62823
1.0,46,1484.788545
-1.0,100,1486.041887
1.0,26,1486.12299
1.0,10,1486.15575
1.0,77,1487.315634
1.0,11,1487.360812
-1.0,100,1488.586
1.0,66,1488.795263
1.0,10,1489.686886
1.0,86,1489.968237
1.0,83,1491.107579
1.0,66,1491.332907
1.0,47,1492.474401
1.0,48,1492.636235
1.0,41,1492.769052
1.0,52,1493.804932
1.0,18,1493.868673
1.0,21,1493.941959
1.0,26,1494.02424
1.0,56,1495.12914
1.0,20,1495.205548
1.0,25,1495.297091
1.0,51,1496.327548
-1.0,100,1496.674264
1.0,21,1497.588084
1.0,58,1497.799591
1.0,100,1499.086131
1.0,38,1499.223351
1.0,24,1499.317367
1.0,12,1499.356665
-1.0,100,1500.655904
1.0,63,1501.839552
1.0,47,1502.021297
1.0,27,1502.113534
1.0,74,1503.248768
1.0,33,1503.361227
1.0,6,1503.382283
1.0,62,1504.468014
-1.0,100,1504.842395
-1.0,100,1506.035763
1.0,35,1506.15877
1.0,70,1507.224144
1.0,29,1507.318885
1.0,45,1507.459526
1.0,93,1508.617279
1.0,89,1509.814168
1.0,38,1509.939847
1.0,52,1510.998534
1.0,31,1511.101404
1.0,10,1511.139651
1.0,61,1511.3468
1.0,17,1512.27743
1.0,53,1512.449724
1.0,60,1512.659408
1.0,29,1513.660597
1.0,21,1513.731194
1.0,25,1513.821865
1.0,34,1513.944189
1.0,6,1513.966055
1.0,24,1515.022208
1.0,26,1515.11425
1.0,4,1515.130734
1.0,9,1515.164032
-1.0,100,1516.428669
1.0,58,1516.620899
-1.0,100,1517.899065
1.0,15,1517.954131
1.0,94,1519.14567
1.0,92,1519.458296
1.0,48,1520.46626
1.0,13,1520.51176
1.0,74,1520.745774
1.0,50,1521.835228
-1.0,100,1523.060333
1.0,35,1523.176771
1.0,20,1523.242187
-1.0,100,1524.39368
1.0,23,1524.46565
-1.0,100,1525.677294
-1.0,100,1526.906196
1.0,24,1526.98097
1.0,30,1527.072101
1.0,20,1527.13618
1.0,27,1527.219895
-1.0,100,1528.440102
1.0,12,1528.480277
1.0,25,1528.560582
-1.0,100,1529.765555
-1.0,100,1530.99426
-1.0,100,1532.214397
1.0,28,1532.304483
1.0,82,1533.423383
1.0,18,1533.489428
1.0,24,1533.578667
-1.0,100,1534.786643
1.0,60,1534.995315
-1.0,100,1536.226136
-1.0,100,1537.467763
-1.0,100,1538.776281
-1.0,100,1539.134145
-1.0,100,1540.364289
1.0,63,1541.433296
1.0,77,1541.732737
1.0,25,1541.818912
1.0,78,1543.015898
1.0,33,1543.127856
1.0,21,1543.208318
1.0,15,1544.142918
1.0,30,1544.250852
1.0,23,1544.335706
1.0,80,1545.532295
1.0,51,1545.726203
1.0,13,1545.778216
1.0,75,1546.940765
1.0,49,1547.118185
1.0,62,1548.192291
-1.0,100,1548.570799
-1.0,100,1549.952554
1.0,24,1550.042027
-1.0,100,1551.255429
1.0,21,1551.334071
-1.0,100,1552.532263
1.0,5,1552.55294
1.0,54,1553.611923
1.0,19,1553.673861
1.0,43,1553.82746
1.0,53,1554.025243
1.0,96,1555.240572
1.0,5,1555.258731
1.0,30,1555.364221
-1.0,100,1556.603143
1.0,33,1556.725871
1.0,86,1557.840374
-1.0,100,1559.034119
1.0,97,1560.193189
1.0,59,1560.385847
1.0,23,1560.458291
1.0,8,1560.482302
1.0,14,1560.528731
1.0,36,1561.525741
-1.0,100,1562.756275
-1.0,100,1563.076402
1.0,9,1563.104434
1.0,62,1564.203106
-1.0,100,1565.406331
1.0,22,1565.477388
-1.0,100,1566.671879
-1.0,100,1566.993418
-1.0,100,1568.250041
1.0,46,1569.314409
1.0,32,1569.416509
1.0,32,1569.514863
1.0,19,1569.572947
1.0,67,1570.652253
1.0,37,1570.770037
-1.0,100,1572.024951
-1.0,100,1573.267587
1.0,13,1573.308167
1.0,33,1573.414366
-1.0,100,1574.692486
1.0,38,1574.823901
-1.0,100,1576.07028
1.0,12,1576.112054
1.0,100,1577.345934
1.0,19,1577.412951
-1.0,100,1578.620001
1.0,80,1578.877607
1.0,48,1579.930795
1.0,18,1579.999321
1.0,26,1580.089307
1.0,20,1580.159898
1.0,80,1581.351043
1.0,30,1581.452238
1.0,23,1581.531153
1.0,26,1581.614599
1.0,57,1582.773694
1.0,55,1582.954028
-1.0,100,1584.126819
-1.0,100,1585.39781
1.0,66,1585.601878
1.0,43,1586.65174
1.0,100,1586.964995
-1.0,100,1588.159588
1.0,66,1589.26136
1.0,68,1589.486193
1.0,22,1589.566974
1.0,60,1590.693852
1.0,49,1590.856853
1.0,98,1592.139734
1.0,38,1592.275073
-1.0,100,1593.526499
-1.0,100,1594.775815
-1.0,100,1595.986056
1.0,97,1596.319016
1.0,66,1597.442195
1.0,20,1597.511498
1.0,81,1598.66274
-1.0,100,1599.83484
-1.0,100,1600.147162
1.0,10,1600.182182
1.0,52,1601.203464
1.0,54,1601.377289
-1.0,100,1602.573946
1.0,75,1603.646442
1.0,25,1603.745943
1.0,26,1603.838984
1.0,80,1605.042634
-1.0,100,1605.377758
1.0,16,1605.434774
1.0,42,1606.449652
1.0,29,1606.546948
-1.0,100,1607.800792
1.0,47,1607.960764
1.0,11,1608.004656
1.0,36,1609.060094
1.0,56,1609.241444
1.0,25,1609.321396
1.0,31,1609.423285
1.0,89,1610.564537
1.0,16,1610.616962
1.0,26,1610.703641
1.0,16,1611.643874
1.0,50,1611.805406
1.0,100,1613.037481
1.0,30,1613.13708
1.0,45,1613.282156
1.0,53,1614.401942
1.0,30,1614.495081
1.0,10,1614.531542
1.0,62,1615.603265
1.0,32,1615.707835
1.0,12,1615.748481
-1.0,100,1616.979683
-1.0,100,1617.30453
1.0,48,1618.338678
1.0,39,1618.46538
1.0,6,1618.484529
1.0,42,1619.480588
-1.0,100,1619.816219
1.0,59,1621.020762
1.0,10,1621.052207
1.0,73,1621.276222
1.0,37,1622.32964
1.0,26,1622.417794
1.0,38,1622.547912
1.0,7,1622.573972
1.0,71,1623.678231
1.0,16,1623.730935
1.0,24,1623.808088
-1.0,100,1625.056756
-1.0,100,1626.340219
1.0,94,1626.670933
1.0,48,1627.753966
1.0,42,1627.891289
1.0,53,1628.944856
1.0,97,1629.280617
-1.0,100,1630.532796
1.0,88,1631.677668
1.0,79,1631.945657
1.0,34,1632.960339
1.0,62,1633.166764
1.0,44,1633.309681
-1.0,100,1634.529228
1.0,65,1635.673863
1.0,28,1635.782533
-1.0,100,1637.023849
1.0,15,1637.079846
1.0,47,1637.247753
1.0,44,1638.273075
1.0,87,1638.597076
1.0,39,1639.746033
1.0,33,1639.871661
1.0,15,1639.924693
1.0,93,1641.111678
-1.0,100,1641.460607
1.0,32,1642.455489
1.0,43,1642.607006
-1.0,100,1643.902206
1.0,47,1644.073062
1.0,49,1645.187108
1.0,38,1645.330901
1.0,63,1645.556653
1.0,80,1646.705845
1.0,38,1646.82707
1.0,26,1646.916267
1.0,50,1648.00605
1.0,41,1648.154079
1.0,32,1648.264745
1.0,37,1649.260981
1.0,50,1649.442558
1.0,91,1650.580596
1.0,29,1650.674349
1.0,47,1650.830575
1.0,55,1651.875306
1.0,98,1653.033759
1.0,19,1653.099287
1.0,81,1653.35801
1.0,6,1653.376283
1.0,45,1654.424772
1.0,27,1654.515411
1.0,36,1654.628077
-1.0,100,1655.972705
1.0,44,1656.130499
1.0,29,1657.107152
1.0,12,1657.152941
1.0,80,1657.401174
1.0,15,1657.450346
-1.0,100,1658.683727
1.0,24,1658.760344
1.0,19,1659.749833
1.0,62,1659.955436
1.0,64,1661.060979
1.0,30,1661.164693
1.0,13,1661.211695
1.0,27,1661.326137
-1.0,100,1662.57781
1.0,91,1663.855588
1.0,42,1664.003059
1.0,97,1665.231942
1.0,19,1665.295365
1.0,9,1665.325387
1.0,83,1666.506047
1.0,37,1666.621384
-1.0,100,1667.856143
1.0,25,1667.947883
1.0,94,1669.171941
-1.0,100,1669.503809
-1.0,100,1670.675983
-1.0,100,1671.912335
-1.0,100,1673.149635
-1.0,100,1673.482195
-1.0,100,1674.732732
1.0,51,1675.834437
1.0,64,1676.046669
-1.0,100,1677.224987
-1.0,100,1678.503312
1.0,44,1678.662398
1.0,26,1678.740274
1.0,79,1679.884762
1.0,12,1679.924044
-1.0,100,1681.166993
1.0,15,1681.217816
1.0,15,1681.269669
1.0,57,1681.456713
1.0,52,1682.526191
1.0,47,1682.672616
-1.0,100,1683.864322
-1.0,100,1685.116087
1.0,46,1685.264683
1.0,35,1685.379441
1.0,17,1686.337719
1.0,21,1686.414857
-1.0,100,1686.742525
1.0,91,1687.96872
1.0,31,1688.068855
1.0,45,1689.165085
1.0,29,1689.262581
1.0,13,1689.309669
1.0,42,1689.45085
1.0,48,1690.558894
1.0,98,1691.782565
1.0,40,1691.919642
1.0,19,1691.986719
1.0,56,1692.193783
1.0,32,1693.176117
1.0,8,1693.210034
1.0,22,1693.286467
1.0,55,1693.473466
-1.0,100,1694.733077
-1.0,100,1695.928112
-1.0,100,1697.15295
1.0,30,1697.242715
1.0,19,1697.308261
1.0,39,1697.440928
1.0,71,1698.566465
1.0,12,1698.601282
1.0,66,1699.647201
1.0,36,1699.762449
1.0,18,1699.820149
1.0,33,1699.925755
1.0,25,1700.003553
1.0,48,1701.050103
1.0,24,1701.134248
-1.0,100,1702.42951
-1.0,100,1703.60053
1.0,10,1703.640105
1.0,65,1703.863438
1.0,34,1703.971224
1.0,11,1704.904284
1.0,34,1705.024502
-1.0,100,1706.250141
1.0,8,1706.28173
1.0,38,1706.413635
1.0,29,1706.516899
1.0,59,1707.641085
1.0,9,1707.672259
1.0,27,1707.765337
1.0,44,1707.915045
1.0,33,1708.959384
1.0,6,1708.983395
1.0,27,1709.083188
1.0,68,1709.325557
-1.0,100,1710.635993
1.0,90,1711.835823
1.0,28,1711.940789
1.0,23,1712.0241
-1.0,100,1713.183308
1.0,57,1713.385005
1.0,83,1714.534032
1.0,56,1714.724168
1.0,32,1715.68205
1.0,48,1715.842775
-1.0,100,1716.998547
1.0,37,1717.123328
1.0,25,1717.209337
-1.0,100,1718.39976
1.0,19,1718.461767
1.0,7,1718.484621
1.0,58,1719.53251
1.0,43,1719.666112
1.0,25,1719.75218
1.0,17,1719.806161
1.0,5,1720.760021
1.0,18,1720.830582
-1.0,100,1721.155566
-1.0,100,1722.373815
-1.0,100,1723.598719
1.0,69,1724.705851
1.0,50,1724.880136
-1.0,100,1726.135626
1.0,34,1726.26365
1.0,23,1726.340379
1.0,49,1727.374302
1.0,44,1727.527448
-1.0,100,1728.804019
1.0,21,1728.878798
1.0,17,1728.94517
-1.0,100,1730.14343
1.0,63,1730.36862
1.0,10,1730.40348
1.0,41,1731.445877
1.0,40,1731.590992
1.0,40,1731.737147
1.0,18,1731.802359
-1.0,100,1732.984345
1.0,28,1733.079779
1.0,25,1734.013435
-1.0,100,1734.341358
-1.0,100,1735.585405
1.0,27,1735.676875
-1.0,100,1737.045863
1.0,75,1738.176844
1.0,79,1738.432203
1.0,24,1739.38604
1.0,82,1739.661853
1.0,30,1739.760289
1.0,17,1740.687804
1.0,13,1740.737419
1.0,58,1740.923289
1.0,79,1742.109199
1.0,54,1742.287666
1.0,35,1742.412859
1.0,66,1743.534119
-1.0,100,1744.73121
1.0,28,1744.822974
1.0,23,1744.897161
1.0,16,1744.949976
-1.0,100,1746.192105
1.0,83,1747.329378
1.0,78,1747.576893
1.0,35,1748.558341
1.0,22,1748.629476
1.0,18,1748.686131
-1.0,100,1749.89378
-1.0,100,1750.227953
1.0,38,1751.231379
-1.0,100,1752.436881
-1.0,100,1752.749212
1.0,11,1752.783276
-1.0,100,1753.988254
1.0,24,1754.074374
1.0,72,1755.196893
1.0,49,1755.350021
1.0,27,1756.255695
-1.0,100,1756.592112
-1.0,100,1757.782774
-1.0,100,1759.03026
-1.0,100,1760.251059
-1.0,100,1760.601617
1.0,81,1761.729702
-1.0,100,1762.910131
1.0,18,1762.967634
1.0,95,1764.1553
1.0,74,1764.405104
-1.0,100,1765.598666
1.0,85,1766.823135
1.0,52,1766.994648
1.0,27,1767.090935
1.0,37,1768.151323
-1.0,100,1768.497163
-1.0,100,1769.675106
1.0,44,1770.744279
1.0,33,1770.854637
1.0,15,1770.904006
1.0,17,1770.963043
1.0,24,1771.048397
1.0,39,1772.07801
1.0,20,1772.145195
1.0,37,1772.268345
1.0,25,1772.356036
1.0,9,1772.390507
1.0,41,1773.420418
1.0,16,1773.475804
1.0,86,1773.768892
-1.0,100,1774.968199
1.0,19,1775.037369
1.0,57,1776.089348
1.0,26,1776.175615
1.0,77,1777.373595
-1.0,100,1777.732277
-1.0,100,1778.972422
-1.0,100,1780.187706
1.0,14,1780.234656
1.0,36,1780.349437
1.0,32,1781.345363
1.0,61,1781.547028
1.0,61,1781.741171
1.0,50,1782.812368
1.0,30,1782.918296
1.0,25,1782.996578
-1.0,100,1784.291808
1.0,8,1784.32107
1.0,35,1784.433259
1.0,19,1785.432492
1.0,45,1785.582248
1.0,23,1785.653163
1.0,17,1785.706766
1.0,43,1786.750825
1.0,33,1786.85437
1.0,12,1786.894059
-1.0,100,1788.12226
1.0,56,1788.294178
-1.0,100,1789.462888
1.0,19,1789.524984
1.0,19,1789.594013
1.0,13,1789.638583
1.0,12,1789.683895
1.0,27,1790.716562
1.0,79,1790.969786
1.0,30,1791.066451
1.0,25,1792.056285
1.0,27,1792.144552
1.0,60,1792.327593
-1.0,100,1793.63936
1.0,24,1793.718789
1.0,59,1794.843692
-1.0,100,1796.027512
1.0,60,1796.220845
-1.0,100,1797.419867
-1.0,100,1798.593227
-1.0,100,1798.931219
-1.0,100,1800.212326
1.0,18,1800.287021
-1.0,100,1801.559628
1.0,27,1801.643919
1.0,27,1802.579199
1.0,18,1802.649451
-1.0,100,1803.005883
1.0,14,1803.975462
1.0,25,1804.067866
1.0,20,1804.136474
1.0,44,1804.285876
-1.0,100,1805.587479
-1.0,100,1806.838716
1.0,36,1806.969773
1.0,21,1807.042241
1.0,26,1807.136487
1.0,36,1808.170578
-1.0,100,1809.410519
1.0,79,1809.696363
1.0,24,1809.776038
1.0,21,1809.842342
1.0,67,1810.940317
1.0,24,1811.029088
1.0,29,1811.130016
-1.0,100,1812.344597
1.0,37,1812.480292
1.0,69,1813.683951
1.0,48,1813.840657
1.0,67,1814.954101
1.0,40,1815.0844
-1.0,100,1816.288352
1.0,18,1816.346822
1.0,57,1817.414084
-1.0,100,1817.748068
-1.0,100,1818.945501
1.0,41,1819.0806
1.0,18,1820.103221
1.0,56,1820.287227
1.0,99,1821.487017
1.0,66,1821.692515
1.0,49,1822.7157
1.0,18,1822.772424
1.0,37,1822.883635
1.0,41,1823.022343
1.0,59,1824.121295
1.0,85,1825.298916
1.0,53,1825.481784
1.0,9,1825.511097
1.0,64,1826.593051
1.0,7,1826.621012
1.0,48,1826.785435
1.0,3,1826.796484
-1.0,100,1828.0092
1.0,37,1828.13881
-1.0,100,1829.329633
1.0,13,1829.370948
1.0,75,1830.599078
-1.0,100,1830.947596
1.0,14,1830.994911
1.0,78,1832.139047
1.0,72,1833.263274
1.0,38,1833.380384
1.0,53,1833.546171
-1.0,100,1834.786686
1.0,14,1834.83541
1.0,13,1834.879915
1.0,14,1834.92499
-1.0,100,1836.097034
1.0,58,1837.162406
1.0,10,1837.195259
1.0,7,1837.219342
1.0,40,1837.350303
1.0,31,1837.452104
-1.0,100,1838.687428
1.0,21,1838.753007
1.0,37,1839.776477
-1.0,100,1840.12534
1.0,17,1841.046242
1.0,4,1841.061882
1.0,67,1841.280386
1.0,15,1841.328411
1.0,67,1842.51909
-1.0,100,1843.737093
-1.0,100,1844.067622
1.0,71,1845.201495
-1.0,100,1846.437166
-1.0,100,1846.815525
1.0,61,1847.924489
1.0,23,1848.005447
1.0,18,1848.066816
1.0,54,1849.252519
1.0,92,1849.621341
-1.0,100,1850.824677
-1.0,100,1851.977434
1.0,65,1852.188195
-1.0,100,1853.435872
1.0,19,1853.505605
1.0,31,1854.597841
1.0,45,1854.751652
1.0,55,1854.933849
1.0,37,1855.959961
1.0,48,1856.133205
-1.0,100,1857.391912
1.0,31,1857.500857
1.0,55,1857.67138
1.0,74,1858.780219
1.0,59,1859.873111
1.0,47,1860.035188
1.0,60,1860.248687
1.0,7,1860.271805
1.0,47,1861.375191
1.0,29,1861.475504
1.0,38,1861.59903
1.0,18,1861.655982
1.0,39,1862.6367
-1.0,100,1863.853824
-1.0,100,1864.179141
1.0,24,1864.254114
1.0,8,1865.101272
-1.0,100,1865.423859
1.0,59,1866.4824
1.0,64,1866.69976
-1.0,100,1867.86815
1.0,12,1867.910479
-1.0,100,1869.117316
1.0,47,1869.279738
1.0,68,1870.378854
1.0,76,1870.64332
1.0,23,1871.55532
-1.0,100,1871.889524
1.0,65,1873.006045
1.0,23,1873.080231
1.0,53,1874.173741
1.0,38,1874.29153
1.0,26,1874.370127
1.0,53,1874.532286
1.0,59,1875.638475
-1.0,100,1876.818925
1.0,12,1876.858967
1.0,64,1877.071046
1.0,19,1877.129147
1.0,90,1878.272946
1.0,7,1878.295492
1.0,45,1879.424268
1.0,20,1879.488235
1.0,67,1879.70822
1.0,12,1879.748747
1.0,30,1880.731807
1.0,51,1880.894853
-1.0,100,1882.109107
1.0,56,1882.285652
1.0,58,1883.343688
1.0,47,1883.497743
1.0,19,1883.570243
-1.0,100,1884.778854
1.0,13,1884.820059
1.0,19,1884.881727
-1.0,100,1886.096002
1.0,49,1886.256551
1.0,52,1887.315291
1.0,29,1887.410028
1.0,35,1887.529781
1.0,7,1887.555699
1.0,27,1887.656167
1.0,7,1888.604836
1.0,24,1888.685269
1.0,36,1888.803085
1.0,59,1888.994478
1.0,51,1890.075644
1.0,34,1890.188995
1.0,35,1890.305737
1.0,35,1891.23803
1.0,50,1891.428543
1.0,78,1892.609169
1.0,20,1892.689102
1.0,11,1892.7288
1.0,21,1892.79825
1.0,38,1892.924177
1.0,38,1893.906637
1.0,73,1894.150522
1.0,34,1895.154156
1.0,10,1895.192334
1.0,24,1895.282235
1.0,33,1895.40096
-1.0,100,1896.670767
1.0,19,1896.740156
1.0,15,1896.797246
1.0,21,1896.874935
1.0,36,1897.861374
1.0,12,1897.904546
1.0,95,1898.232974
1.0,20,1899.170123
1.0,40,1899.306806
1.0,39,1899.445895
-1.0,100,1900.72544
1.0,18,1900.792629
-1.0,100,1902.022258
1.0,13,1902.069304
1.0,15,1902.120944
1.0,49,1902.296787
1.0,38,1903.266969
1.0,22,1903.349458
1.0,67,1903.582731
1.0,17,1904.520635
1.0,15,1904.578377
-1.0,100,1904.92594
1.0,14,1905.875412
1.0,45,1906.035942
1.0,15,1906.092588
1.0,27,1906.193254
1.0,43,1907.213802
1.0,33,1907.330505
1.0,22,1907.41213
1.0,65,1908.561498
1.0,20,1908.644216
1.0,29,1908.758246
1.0,37,1908.903197
-1.0,100,1910.194865
1.0,33,1910.30884
1.0,77,1911.419486
-1.0,100,1912.655843
1.0,22,1912.735197
1.0,27,1912.831803
-1.0,100,1914.113726
1.0,24,1914.201861
1.0,5,1914.224799
1.0,17,1914.283489
-1.0,100,1915.561928
1.0,12,1915.60846
1.0,16,1915.663644
1.0,13,1915.710864
1.0,20,1915.788552
1.0,35,1916.850666
1.0,12,1916.894161
1.0,8,1916.924714
1.0,10,1916.961342
1.0,56,1917.150659
-1.0,100,1918.381773
1.0,37,1918.508371
1.0,81,1919.701362
1.0,38,1919.830557
1.0,39,1920.883838
1.0,18,1920.946965
1.0,12,1920.992579
1.0,9,1921.024815
1.0,18,1921.083435
1.0,70,1922.232764
1.0,93,1922.538959
1.0,40,1923.573594
1.0,16,1923.630994
1.0,33,1923.736947
-1.0,100,1924.934666
1.0,87,1926.080743
1.0,60,1926.292203
1.0,51,1926.471476
1.0,12,1926.512183
-1.0,100,1927.755984
1.0,21,1927.826277
1.0,52,1928.901239
1.0,96,1930.184791
-1.0,100,1930.526232
1.0,61,1931.571115
-1.0,100,1932.80672
-1.0,100,1933.153033
-1.0,100,1934.347773
1.0,20,1934.421671
1.0,35,1935.446816
1.0,27,1935.540683
-1.0,100,1936.735812
1.0,42,1936.87427
-1.0,100,1938.080334
1.0,25,1938.164676
1.0,29,1938.258251
1.0,19,1938.315617
1.0,45,1939.371251
-1.0,100,1939.712487
1.0,21,1940.815795
1.0,23,1940.897087
1.0,29,1940.995257
1.0,61,1941.208047
-1.0,100,1942.38865
1.0,41,1943.426315
1.0,32,1943.533977
1.0,51,1943.700142
1.0,54,1944.804056
1.0,60,1945.00041
1.0,42,1945.149218
1.0,89,1946.403154
1.0,59,1947.524856
1.0,90,1947.820109
1.0,19,1947.88391
1.0,48,1949.013672
-1.0,100,1950.263212
-1.0,100,1950.58698
-1.0,100,1951.777757
1.0,26,1951.863782
1.0,20,1952.816263
1.0,19,1952.887395
1.0,56,1953.087386
1.0,70,1954.180256
1.0,7,1954.20539
1.0,62,1954.408237
1.0,45,1955.393883
1.0,20,1955.467917
-1.0,100,1955.815149
1.0,8,1956.755864
1.0,67,1956.972887
1.0,46,1957.125375
-1.0,100,1958.350301
1.0,63,1959.419326
1.0,16,1959.472606
1.0,21,1959.547924
1.0,79,1960.732012
1.0,45,1960.876547
1.0,12,1960.913842
1.0,83,1962.144308
1.0,81,1962.414148
1.0,64,1963.573377
1.0,78,1963.820976
1.0,11,1964.769791
1.0,92,1965.070524
1.0,37,1966.140224
1.0,18,1966.196741
1.0,78,1966.44958
1.0,68,1967.654501
1.0,17,1967.716194
-1.0,100,1968.885127
1.0,52,1969.053715
1.0,98,1970.230517
1.0,8,1970.256926
1.0,87,1971.435298
-1.0,100,1971.769982
-1.0,100,1972.966698
-1.0,100,1974.186799
1.0,39,1974.317325
1.0,9,1974.345637
-1.0,100,1975.541041
1.0,57,1976.58933
-1.0,100,1976.936107
1.0,49,1977.963162
-1.0,100,1979.213837
-1.0,100,1979.5553
1.0,33,1980.593527
-1.0,100,1980.940434
1.0,21,1981.872865
1.0,22,1981.944011
-1.0,100,1982.306479
-1.0,100,1983.53031
1.0,10,1983.566464
1.0,22,1984.49542
1.0,38,1984.619972
1.0,70,1984.885725
1.0,11,1984.923411
1.0,46,1985.962922
1.0,100,1987.239672
1.0,21,1987.311478
1.0,24,1987.392997
1.0,16,1987.447229
1.0,41,1987.585576
-1.0,100,1988.796627
1.0,63,1989.888487
1.0,42,1990.034891
-1.0,100,1991.184025
-1.0,100,1992.408464
1.0,93,1992.709647
1.0,92,1994.022687
1.0,17,1994.081879
-1.0,100,1995.279341
-1.0,100,1996.510772
1.0,41,1996.655274
1.0,23,1996.743996
1.0,14,1996.802174
1.0,57,1997.858189
1.0,25,1997.939532
-1.0,100,1999.160622
1.0,52,1999.333958
1.0,31,1999.450295
-1.0,100,2000.645642
1.0,19,2000.710265
1.0,7,2000.734024
1.0,18,2000.793387
1.0,35,2001.76131
1.0,32,2001.857965
-1.0,100,2003.047078
-1.0,100,2004.224844
-1.0,100,2004.54051
-1.0,100,2005.730734
1.0,44,2005.8631
1.0,37,2006.861558
1.0,7,2006.88629
-1.0,100,2008.059813
1.0,32,2008.178446
1.0,18,2008.245389
-1.0,100,2009.527576
1.0,28,2009.626711
1.0,57,2009.826612
1.0,63,2010.934506
1.0,15,2011.008178
1.0,35,2011.138785
-1.0,100,2012.371603
-1.0,100,2013.666572
1.0,44,2013.815166
1.0,55,2014.90392
1.0,17,2014.969567
1.0,36,2015.105206
1.0,55,2016.210417
1.0,37,2016.3635
1.0,56,2016.569899
-1.0,100,2017.780206
1.0,20,2017.849158
1.0,49,2018.865504
1.0,30,2018.971121
1.0,88,2019.289314
1.0,55,2020.3691
1.0,30,2020.478231
1.0,29,2020.580743
1.0,30,2021.532723
1.0,15,2021.586753
1.0,43,2021.748159
-1.0,100,2023.089288
1.0,12,2023.132812
1.0,43,2023.287008
1.0,25,2023.373579
1.0,19,2024.28268
1.0,28,2024.393425
1.0,73,2024.664132
1.0,40,2025.69329
1.0,45,2025.865453
1.0,79,2027.096504
1.0,24,2027.181047
1.0,55,2027.362817
1.0,84,2028.512751
1.0,14,2028.572589
1.0,28,2028.666024
-1.0,100,2029.894402
1.0,38,2030.031713
1.0,7,2030.060926
1.0,31,2031.000479
1.0,22,2031.07624
1.0,24,2031.157493
1.0,21,2031.227088
1.0,67,2032.32022
1.0,7,2032.344699
1.0,18,2032.406467
1.0,21,2032.479281
1.0,28,2032.567837
-1.0,100,2033.787692
1.0,17,2033.8483
1.0,32,2033.959064
1.0,59,2035.032798
1.0,14,2035.086811
1.0,72,2036.189366
1.0,43,2036.352505
-1.0,100,2037.523453
-1.0,100,2037.865018
1.0,58,2038.918326
-1.0,100,2040.1156
1.0,45,2040.275753
1.0,82,2041.450877
1.0,25,2041.541104
-1.0,100,2042.735274
1.0,94,2043.052558
1.0,45,2044.081972
1.0,27,2044.175455
1.0,12,2044.222712
-1.0,100,2045.421061
-1.0,100,2046.591529
1.0,11,2046.626988
-1.0,100,2046.962706
1.0,20,2047.874006
1.0,13,2047.917566
1.0,99,2049.12606
-1.0,100,2049.455796
1.0,63,2050.545438
1.0,99,2051.825157
1.0,43,2051.973851
1.0,29,2052.070481
1.0,71,2053.276359
1.0,29,2053.372875
1.0,21,2053.449515
1.0,17,2053.506749
1.0,18,2053.572986
1.0,29,2054.589811
1.0,13,2054.637734
1.0,25,2054.726434
1.0,7,2054.751441
-1.0,100,2055.964742
1.0,31,2056.071862
-1.0,100,2057.373736
1.0,62,2057.58097
1.0,35,2057.702785
1.0,36,2058.696625
-1.0,100,2059.891508
1.0,72,2060.130631
1.0,31,2060.243463
1.0,44,2061.267616
1.0,8,2061.299078
1.0,22,2061.375563
1.0,16,2061.430248
-1.0,100,2062.736962
1.0,25,2062.825902
1.0,10,2062.86116
1.0,63,2063.991024
1.0,21,2064.05487
1.0,25,2064.130781
1.0,64,2064.343608
1.0,27,2065.369749
1.0,23,2065.446598
1.0,32,2065.552212
1.0,8,2065.583277
1.0,47,2066.620509
1.0,6,2066.640213
1.0,50,2066.809176
-1.0,100,2068.012102
1.0,10,2068.045425
1.0,23,2068.119391
1.0,72,2069.248561
1.0,100,2069.581172
-1.0,100,2070.79328
-1.0,100,2072.014008
1.0,37,2072.142326
-1.0,100,2073.369048
1.0,23,2073.45496
1.0,24,2073.53795
1.0,9,2073.567437
1.0,10,2074.440371
1.0,12,2074.485242
-1.0,100,2074.844245
1.0,17,2075.770958
1.0,38,2075.914786
1.0,32,2076.03647
1.0,27,2076.131189
1.0,13,2076.176679
1.0,40,2077.194084
-1.0,100,2077.547894
-1.0,100,2078.817861
1.0,43,2079.9072
1.0,93,2080.244062
1.0,59,2081.44625
-1.0,100,2082.772267
1.0,67,2083.005629
1.0,47,2083.175819
