#{"env_id": null, "t_start": 1550434953.4949448}
r,l,t
-1.0,100,7.260739
-1.0,100,9.526165
-1.0,100,10.892898
-1.0,100,12.229864
-1.0,100,12.630144
-1.0,100,14.026956
1.0,9,14.062268
-1.0,100,15.511769
-1.0,100,16.832461
1.0,87,17.146771
-1.0,100,18.626901
1.0,69,19.949285
-1.0,100,21.323295
-1.0,100,21.714658
1.0,13,21.766004
-1.0,100,23.283914
-1.0,100,24.650065
-1.0,100,26.06125
-1.0,100,27.391375
1.0,45,27.585788
-1.0,100,29.028435
1.0,56,29.248571
-1.0,100,30.622411
-1.0,100,32.048861
-1.0,100,33.406685
-1.0,100,33.804067
-1.0,100,35.194834
-1.0,100,36.556266
-1.0,100,37.878695
-1.0,100,38.283988
-1.0,100,39.694163
-1.0,100,41.057453
-1.0,100,42.407013
-1.0,100,43.803781
-1.0,100,44.194249
-1.0,100,45.582303
-1.0,100,46.911294
-1.0,100,48.339359
1.0,99,48.720528
1.0,45,49.987495
1.0,89,50.357999
-1.0,100,51.785635
-1.0,100,53.114714
-1.0,100,54.530277
-1.0,100,55.935863
-1.0,100,56.346726
-1.0,100,57.801661
1.0,91,59.265145
-1.0,100,60.70339
-1.0,100,61.116758
1.0,60,62.366338
-1.0,100,63.683786
-1.0,100,64.07829
-1.0,100,65.438933
-1.0,100,66.872813
1.0,41,67.031336
-1.0,100,68.419264
-1.0,100,69.846076
1.0,52,70.090824
1.0,50,71.254626
-1.0,100,72.721108
-1.0,100,73.148145
-1.0,100,74.486054
1.0,98,75.900979
-1.0,100,77.410741
-1.0,100,77.81929
-1.0,100,79.245973
-1.0,100,80.642966
-1.0,100,81.977876
-1.0,100,83.338618
-1.0,100,83.743974
1.0,45,84.884395
-1.0,100,85.292684
-1.0,100,86.740315
-1.0,100,88.267368
-1.0,100,89.658067
-1.0,100,91.000431
1.0,41,91.145654
1.0,63,91.413923
1.0,34,92.632403
-1.0,100,93.041961
-1.0,100,94.419525
1.0,59,95.597318
-1.0,100,96.021016
-1.0,100,97.393811
1.0,63,98.577688
1.0,96,98.956744
-1.0,100,100.240706
-1.0,100,101.745629
-1.0,100,103.230851
-1.0,100,104.592879
-1.0,100,104.996011
1.0,72,106.287891
-1.0,100,107.659623
1.0,23,107.742925
1.0,13,107.79357
-1.0,100,109.133593
-1.0,100,110.417572
-1.0,100,110.769727
-1.0,100,112.05627
-1.0,100,113.315742
1.0,78,114.65881
1.0,72,114.954814
1.0,57,116.193295
1.0,44,116.383249
1.0,50,116.594953
-1.0,100,118.649659
-1.0,100,120.154373
-1.0,100,121.4333
1.0,26,121.52908
1.0,16,121.583511
1.0,22,121.670831
-1.0,100,123.203372
-1.0,100,124.528887
-1.0,100,124.91298
-1.0,100,126.2572
1.0,100,127.56044
-1.0,100,128.893783
1.0,14,128.945549
-1.0,100,130.312807
1.0,58,130.518011
1.0,12,130.564221
-1.0,100,131.870246
1.0,58,132.086359
-1.0,100,133.551188
-1.0,100,134.933551
-1.0,100,136.278923
-1.0,100,137.735452
-1.0,100,138.1563
-1.0,100,139.563067
-1.0,100,141.082362
-1.0,100,142.511693
-1.0,100,142.908913
-1.0,100,144.311012
-1.0,100,145.720104
1.0,56,145.952199
1.0,90,147.339109
1.0,73,148.715456
-1.0,100,150.181164
-1.0,100,150.649255
-1.0,100,152.031109
-1.0,100,153.488979
-1.0,100,154.900923
1.0,27,155.011561
1.0,47,155.208081
1.0,51,156.553513
-1.0,100,156.977895
-1.0,100,158.34208
-1.0,100,159.742935
-1.0,100,161.167787
-1.0,100,162.635882
-1.0,100,163.07433
-1.0,100,164.685941
1.0,41,164.846912
1.0,89,166.272267
-1.0,100,167.637713
1.0,79,168.937465
-1.0,100,169.353506
-1.0,100,170.761839
1.0,42,170.941494
1.0,27,172.06815
1.0,48,172.25929
1.0,22,172.355508
1.0,15,172.417693
-1.0,100,173.810522
-1.0,100,175.147008
-1.0,100,176.630531
-1.0,100,177.06356
-1.0,100,178.504496
-1.0,100,179.997123
1.0,88,181.359497
-1.0,100,181.776276
-1.0,100,183.133854
-1.0,100,184.583317
1.0,10,184.62734
-1.0,100,185.978656
-1.0,100,187.366895
-1.0,100,187.765848
-1.0,100,189.144987
-1.0,100,190.434222
-1.0,100,191.820856
-1.0,100,193.169859
1.0,86,193.492893
-1.0,100,194.953432
1.0,16,195.024954
-1.0,100,196.357759
1.0,76,197.588519
-1.0,100,198.012584
1.0,99,199.373686
-1.0,100,200.757859
1.0,59,200.989257
-1.0,100,202.429925
-1.0,100,203.79246
-1.0,100,205.140326
-1.0,100,205.518541
1.0,12,206.510369
-1.0,100,206.908906
-1.0,100,208.23944
1.0,58,209.402137
-1.0,100,209.798789
1.0,8,209.848071
-1.0,100,211.284765
1.0,74,212.46051
1.0,72,212.741585
-1.0,100,214.124736
-1.0,100,215.456207
1.0,13,215.507035
-1.0,100,216.87812
-1.0,100,218.247311
-1.0,100,218.671422
-1.0,100,220.015329
1.0,18,220.086056
-1.0,100,221.494399
1.0,22,221.575746
-1.0,100,222.969631
1.0,54,223.188777
1.0,15,224.194169
1.0,82,224.537983
1.0,37,224.685795
1.0,12,225.703137
-1.0,100,226.094343
1.0,40,227.166192
1.0,66,227.398721
1.0,23,227.487703
1.0,64,228.816508
1.0,57,229.035885
1.0,5,229.055124
-1.0,100,230.47296
1.0,22,230.5742
-1.0,100,231.979352
-1.0,100,233.345553
-1.0,100,234.693836
-1.0,100,235.113709
-1.0,100,236.495183
-1.0,100,237.814414
-1.0,100,239.238272
-1.0,100,240.718943
1.0,64,240.949278
1.0,28,241.056086
-1.0,100,242.492156
-1.0,100,243.857814
-1.0,100,245.295876
-1.0,100,245.665445
1.0,16,245.736516
1.0,73,247.041687
-1.0,100,248.417243
-1.0,100,249.758386
-1.0,100,250.154103
-1.0,100,251.655468
1.0,8,251.689116
-1.0,100,253.062465
1.0,39,253.219606
-1.0,100,254.621891
1.0,52,255.872745
-1.0,100,256.265548
-1.0,100,257.636093
-1.0,100,259.09784
-1.0,100,260.44185
-1.0,100,260.874824
1.0,84,262.327134
1.0,17,262.398332
-1.0,100,263.852878
-1.0,100,265.211236
-1.0,100,266.642014
-1.0,100,267.054473
1.0,72,268.264476
1.0,56,268.495562
1.0,36,269.645356
-1.0,100,270.047992
-1.0,100,271.55284
1.0,35,271.682624
-1.0,100,273.024273
-1.0,100,274.53681
-1.0,100,275.960169
-1.0,100,277.329049
-1.0,100,277.729659
1.0,11,277.774937
-1.0,100,279.192946
1.0,20,279.272535
1.0,10,279.315073
1.0,42,280.509127
1.0,95,281.785018
1.0,34,281.91805
1.0,33,282.05048
-1.0,100,283.438939
-1.0,100,284.82886
1.0,52,285.049249
1.0,18,285.12161
1.0,11,285.163373
1.0,66,286.462387
-1.0,100,287.837925
-1.0,100,288.221155
1.0,80,289.48379
-1.0,100,290.855244
-1.0,100,292.226869
-1.0,100,292.611499
1.0,47,293.795254
1.0,11,293.841151
-1.0,100,295.257042
-1.0,100,295.632117
-1.0,100,296.964696
-1.0,100,298.374861
-1.0,100,299.866702
1.0,48,300.059966
1.0,8,300.091148
1.0,10,300.13176
-1.0,100,301.461077
-1.0,100,302.865321
-1.0,100,304.216073
-1.0,100,304.606254
-1.0,100,305.887982
1.0,35,306.032961
1.0,79,307.373843
-1.0,100,308.772482
-1.0,100,310.095367
1.0,84,310.421105
-1.0,100,311.793426
1.0,20,311.870086
-1.0,100,313.314962
1.0,17,313.413034
-1.0,100,314.846721
-1.0,100,316.424909
-1.0,100,316.84283
-1.0,100,318.187842
1.0,10,318.226563
-1.0,100,319.712619
1.0,48,319.900004
-1.0,100,321.240969
-1.0,100,322.560931
-1.0,100,323.928571
-1.0,100,325.2186
-1.0,100,325.614772
-1.0,100,327.033157
-1.0,100,328.350315
-1.0,100,329.697164
-1.0,100,330.08594
-1.0,100,331.539829
1.0,5,331.559947
-1.0,100,332.938259
-1.0,100,334.252962
-1.0,100,335.580257
-1.0,100,335.982056
-1.0,100,337.502601
-1.0,100,338.971299
-1.0,100,340.254268
-1.0,100,341.689123
1.0,29,341.80529
-1.0,100,343.235456
1.0,94,343.620965
1.0,61,344.800875
1.0,33,344.940167
1.0,13,344.992954
1.0,38,345.13987
-1.0,100,346.529877
1.0,94,347.963282
-1.0,100,349.306252
-1.0,100,349.709846
1.0,32,350.881751
-1.0,100,351.277302
-1.0,100,352.685206
-1.0,100,354.085974
-1.0,100,355.588456
-1.0,100,356.99158
-1.0,100,357.401973
1.0,13,357.470366
-1.0,100,358.821405
1.0,18,358.889882
-1.0,100,360.301923
-1.0,100,361.706132
1.0,20,361.786935
-1.0,100,363.122761
-1.0,100,364.501844
1.0,32,364.625948
-1.0,100,365.933149
-1.0,100,367.342183
-1.0,100,367.744845
1.0,21,367.83021
-1.0,100,369.296623
-1.0,100,370.584786
1.0,53,370.801191
1.0,15,371.921573
-1.0,100,372.337843
-1.0,100,373.659193
1.0,44,373.837734
1.0,58,375.016026
-1.0,100,376.383462
1.0,20,376.471889
-1.0,100,377.83845
1.0,65,378.090453
1.0,39,378.254091
-1.0,100,379.663705
-1.0,100,380.988285
1.0,20,381.066518
-1.0,100,382.405423
1.0,12,382.45625
-1.0,100,383.758848
-1.0,100,385.148869
-1.0,100,385.563711
-1.0,100,386.930643
-1.0,100,388.363543
-1.0,100,389.92581
1.0,81,390.262866
-1.0,100,391.795147
1.0,69,393.038693
-1.0,100,393.401156
-1.0,100,394.766296
-1.0,100,396.098356
-1.0,100,397.613643
1.0,36,397.763155
1.0,46,397.993332
-1.0,100,399.337626
-1.0,100,400.684484
-1.0,100,402.106502
-1.0,100,403.455545
-1.0,100,403.84705
-1.0,100,405.236958
-1.0,100,406.699946
-1.0,100,408.082998
1.0,27,408.189856
-1.0,100,409.555288
-1.0,100,409.967479
-1.0,100,411.3473
-1.0,100,412.762204
-1.0,100,414.174408
1.0,61,414.45941
-1.0,100,415.886065
-1.0,100,417.229703
-1.0,100,418.69598
-1.0,100,419.104363
1.0,41,420.231203
-1.0,100,421.582207
-1.0,100,421.996328
-1.0,100,423.383557
-1.0,100,424.675072
-1.0,100,426.078007
-1.0,100,426.460508
-1.0,100,427.844726
1.0,91,429.259146
-1.0,100,430.647754
-1.0,100,431.047771
1.0,75,432.411098
-1.0,100,433.708898
1.0,10,433.747056
-1.0,100,435.10661
1.0,24,435.20059
-1.0,100,436.579631
1.0,8,436.614764
-1.0,100,437.993379
-1.0,100,438.40535
-1.0,100,439.939812
1.0,89,441.200532
-1.0,100,442.658889
1.0,16,442.722828
1.0,28,442.826895
1.0,89,444.171696
-1.0,100,444.555559
1.0,86,445.953586
-1.0,100,447.357792
-1.0,100,448.778043
-1.0,100,449.155462
-1.0,100,450.487075
1.0,93,451.787027
1.0,46,451.980939
-1.0,100,453.39312
-1.0,100,454.801198
-1.0,100,456.21708
-1.0,100,456.640673
-1.0,100,458.058304
1.0,13,458.118871
-1.0,100,459.67717
-1.0,100,461.069494
1.0,90,462.515743
1.0,92,462.940376
-1.0,100,464.449132
-1.0,100,465.811838
1.0,4,465.82728
1.0,96,467.133718
-1.0,100,467.577029
1.0,57,468.727867
-1.0,100,470.158503
1.0,91,470.527635
1.0,42,471.616271
1.0,8,471.649744
-1.0,100,472.067978
-1.0,100,473.482311
1.0,35,474.663593
-1.0,100,475.092835
-1.0,100,476.420109
-1.0,100,477.874356
-1.0,100,479.189724
-1.0,100,479.625347
-1.0,100,480.948127
-1.0,100,482.410523
1.0,99,483.862796
-1.0,100,485.369639
-1.0,100,485.786579
-1.0,100,487.146283
-1.0,100,488.572156
-1.0,100,489.922198
-1.0,100,490.331282
1.0,29,491.384764
-1.0,100,491.791008
1.0,98,493.327075
1.0,35,494.379736
-1.0,100,494.804099
1.0,86,496.18084
-1.0,100,497.675134
-1.0,100,498.979469
-1.0,100,499.389792
-1.0,100,500.704834
1.0,84,501.992356
-1.0,100,503.477919
-1.0,100,503.911253
-1.0,100,505.244887
-1.0,100,506.536025
1.0,33,506.666408
-1.0,100,508.060303
-1.0,100,509.450096
-1.0,100,509.861628
-1.0,100,511.344827
-1.0,100,512.790209
1.0,76,514.024883
1.0,59,514.261864
-1.0,100,515.60054
1.0,36,515.754817
1.0,81,517.049414
-1.0,100,518.451165
-1.0,100,518.829297
-1.0,100,520.172831
1.0,34,520.302847
-1.0,100,521.725341
-1.0,100,523.093933
-1.0,100,524.439101
-1.0,100,525.775801
-1.0,100,526.196993
-1.0,100,527.59264
1.0,37,527.750526
-1.0,100,529.082909
-1.0,100,530.569732
-1.0,100,531.926233
1.0,44,532.089997
1.0,94,533.463867
1.0,68,533.742486
-1.0,100,535.191902
1.0,63,536.479497
1.0,30,536.595045
-1.0,100,538.065343
1.0,84,538.413737
-1.0,100,539.787145
-1.0,100,541.192683
-1.0,100,542.511969
-1.0,100,542.929085
-1.0,100,544.434904
-1.0,100,545.87928
-1.0,100,547.275092
1.0,85,547.641335
-1.0,100,549.040785
-1.0,100,550.461293
-1.0,100,551.95234
-1.0,100,553.327059
-1.0,100,553.716075
-1.0,100,555.059953
-1.0,100,556.364075
-1.0,100,557.843051
-1.0,100,558.267822
-1.0,100,559.595382
-1.0,100,560.99728
-1.0,100,562.404937
-1.0,100,563.823068
-1.0,100,564.230982
-1.0,100,565.580927
-1.0,100,566.853603
-1.0,100,568.196833
-1.0,100,568.616158
-1.0,100,569.993559
-1.0,100,571.374876
-1.0,100,572.892025
-1.0,100,574.241077
-1.0,100,574.649981
-1.0,100,576.101306
-1.0,100,577.51663
-1.0,100,578.860624
1.0,29,578.972611
-1.0,100,580.381444
-1.0,100,581.855061
1.0,17,581.930592
-1.0,100,582.29719
-1.0,100,583.65111
-1.0,100,585.071011
1.0,54,585.292411
1.0,29,586.350579
-1.0,100,586.70883
1.0,51,587.940255
-1.0,100,589.300318
-1.0,100,589.675602
1.0,4,589.693351
-1.0,100,591.041628
1.0,31,591.177216
-1.0,100,592.541756
-1.0,100,593.878664
1.0,21,593.969298
1.0,14,594.031461
-1.0,100,595.453141
-1.0,100,596.809706
-1.0,100,598.411168
1.0,23,598.504147
-1.0,100,599.797643
1.0,20,599.872177
-1.0,100,601.195553
1.0,20,601.275805
-1.0,100,601.673472
-1.0,100,602.982381
-1.0,100,604.318057
-1.0,100,605.700151
1.0,29,605.825913
1.0,77,607.12811
-1.0,100,607.539521
1.0,76,608.818996
-1.0,100,610.229059
-1.0,100,611.719407
-1.0,100,612.16264
-1.0,100,613.55113
-1.0,100,614.936946
-1.0,100,616.334665
1.0,70,616.631135
-1.0,100,618.034086
-1.0,100,619.4581
1.0,45,619.653173
-1.0,100,621.205742
1.0,69,621.474566
-1.0,100,622.887192
1.0,73,624.179408
-1.0,100,625.482553
-1.0,100,625.89087
1.0,100,627.236256
-1.0,100,628.61897
-1.0,100,629.975055
1.0,90,630.350108
1.0,55,631.565768
-1.0,100,632.931708
-1.0,100,633.361479
-1.0,100,634.728201
1.0,79,636.047767
-1.0,100,637.392476
-1.0,100,637.789833
1.0,64,639.019721
-1.0,100,640.489915
-1.0,100,640.900857
-1.0,100,642.205051
-1.0,100,643.582511
-1.0,100,644.979463
-1.0,100,646.305122
-1.0,100,646.704523
-1.0,100,648.074424
1.0,85,649.383384
-1.0,100,650.782703
-1.0,100,651.209572
-1.0,100,652.623004
-1.0,100,654.094743
-1.0,100,655.499224
-1.0,100,655.892155
-1.0,100,657.241248
-1.0,100,658.705958
-1.0,100,660.063187
-1.0,100,661.451711
-1.0,100,661.825694
1.0,24,662.96401
-1.0,100,663.358223
-1.0,100,664.883463
1.0,55,666.195498
1.0,47,666.376848
1.0,42,666.551688
1.0,47,667.711259
-1.0,100,668.129396
-1.0,100,669.54244
-1.0,100,670.921345
-1.0,100,672.263022
1.0,14,672.320542
-1.0,100,673.690417
-1.0,100,674.080058
-1.0,100,675.404473
1.0,6,675.427254
1.0,16,675.488826
-1.0,100,676.824369
-1.0,100,678.329926
-1.0,100,679.69006
-1.0,100,680.067691
-1.0,100,681.508367
-1.0,100,682.84971
-1.0,100,684.235994
-1.0,100,685.565716
1.0,27,685.670537
-1.0,100,686.995213
-1.0,100,687.402113
-1.0,100,688.73885
-1.0,100,690.076913
1.0,98,691.438375
-1.0,100,692.932226
-1.0,100,693.338248
1.0,11,693.375134
-1.0,100,694.739513
-1.0,100,696.157209
-1.0,100,697.531375
1.0,19,697.622232
1.0,98,698.990846
-1.0,100,699.422523
1.0,66,700.646998
1.0,14,700.704925
1.0,5,700.732545
-1.0,100,702.091942
-1.0,100,703.404069
-1.0,100,703.764162
1.0,59,705.093509
1.0,52,705.303706
-1.0,100,706.727511
-1.0,100,708.172912
-1.0,100,709.529794
-1.0,100,709.90724
-1.0,100,711.345815
-1.0,100,712.679145
1.0,10,712.718191
-1.0,100,714.074377
1.0,89,715.341341
1.0,93,715.720527
-1.0,100,717.08147
-1.0,100,718.426635
-1.0,100,719.766566
1.0,89,720.107868
-1.0,100,721.529244
-1.0,100,722.961317
-1.0,100,724.340238
1.0,21,724.427948
1.0,61,724.674303
-1.0,100,726.143088
-1.0,100,727.552324
1.0,19,727.625543
1.0,26,727.729616
-1.0,100,729.087888
-1.0,100,730.493897
-1.0,100,731.820884
-1.0,100,732.215389
1.0,13,732.275581
-1.0,100,733.643483
1.0,53,734.770067
-1.0,100,735.17548
-1.0,100,736.588999
-1.0,100,738.010758
-1.0,100,739.413818
1.0,83,739.743521
-1.0,100,741.123623
-1.0,100,742.446073
-1.0,100,743.84689
1.0,41,744.012988
1.0,18,744.07836
-1.0,100,745.400874
-1.0,100,746.725868
-1.0,100,748.087032
-1.0,100,748.538401
1.0,36,749.610131
-1.0,100,750.008036
-1.0,100,751.368935
-1.0,100,752.706909
1.0,8,752.739306
-1.0,100,754.101463
-1.0,100,755.452353
-1.0,100,755.892456
-1.0,100,757.267037
-1.0,100,758.843212
1.0,55,759.077436
-1.0,100,760.544791
-1.0,100,761.909323
-1.0,100,763.297679
-1.0,100,763.716497
1.0,58,764.951238
-1.0,100,766.350763
1.0,88,766.707176
-1.0,100,768.052815
-1.0,100,769.40412
-1.0,100,770.841404
-1.0,100,772.232653
-1.0,100,772.649227
-1.0,100,773.97776
-1.0,100,775.322868
1.0,19,775.401732
1.0,97,776.800286
-1.0,100,778.212301
1.0,13,778.264348
-1.0,100,778.684886
-1.0,100,780.026837
-1.0,100,781.320597
-1.0,100,782.855942
-1.0,100,784.217387
1.0,87,784.57502
-1.0,100,786.062116
-1.0,100,787.539518
-1.0,100,789.027838
1.0,16,789.096327
1.0,64,789.378816
1.0,36,789.538309
-1.0,100,790.896338
-1.0,100,792.268242
-1.0,100,793.711488
-1.0,100,795.033871
-1.0,100,795.461024
-1.0,100,796.791698
-1.0,100,798.123321
-1.0,100,799.408911
-1.0,100,800.728461
-1.0,100,801.137054
-1.0,100,802.611386
-1.0,100,804.076691
-1.0,100,805.384185
1.0,76,805.686951
-1.0,100,807.138638
-1.0,100,808.596506
-1.0,100,809.957627
-1.0,100,810.34054
1.0,32,811.414146
-1.0,100,811.799019
-1.0,100,813.187709
-1.0,100,814.700502
-1.0,100,816.053076
-1.0,100,817.545477
-1.0,100,817.966514
1.0,69,819.281288
1.0,29,819.402713
-1.0,100,820.822216
-1.0,100,822.261584
-1.0,100,822.653975
-1.0,100,824.009569
-1.0,100,825.343667
-1.0,100,826.742853
-1.0,100,828.230354
-1.0,100,828.649402
-1.0,100,829.993829
-1.0,100,831.406953
-1.0,100,832.810086
-1.0,100,833.208865
-1.0,100,834.642533
-1.0,100,836.044683
-1.0,100,837.368889
-1.0,100,838.803809
1.0,85,839.128682
-1.0,100,840.483313
-1.0,100,841.83294
-1.0,100,843.239118
-1.0,100,843.657231
-1.0,100,844.988029
-1.0,100,846.433361
-1.0,100,847.785067
-1.0,100,848.176075
-1.0,100,849.575342
1.0,100,850.944012
-1.0,100,852.335795
-1.0,100,853.705549
-1.0,100,854.12179
-1.0,100,855.458883
1.0,14,855.519027
-1.0,100,856.9017
1.0,25,857.02772
-1.0,100,858.396468
-1.0,100,859.768085
1.0,23,859.860667
-1.0,100,861.251543
1.0,16,861.313406
-1.0,100,862.645861
-1.0,100,863.079413
1.0,77,864.421784
1.0,7,864.447111
-1.0,100,865.946779
-1.0,100,867.336568
-1.0,100,867.738286
-1.0,100,869.177073
-1.0,100,870.540192
-1.0,100,871.979904
-1.0,100,873.399472
-1.0,100,873.793714
-1.0,100,875.317239
1.0,31,875.447157
1.0,72,876.762991
-1.0,100,878.197499
-1.0,100,879.564391
1.0,6,879.590897
-1.0,100,880.005731
-1.0,100,881.395497
-1.0,100,882.818609
-1.0,100,884.333934
-1.0,100,884.730901
-1.0,100,886.064145
-1.0,100,887.413182
-1.0,100,888.847593
1.0,43,889.01319
-1.0,100,890.415658
-1.0,100,891.882436
-1.0,100,892.281411
-1.0,100,893.666161
-1.0,100,895.047535
-1.0,100,896.664835
-1.0,100,897.96296
-1.0,100,898.406475
-1.0,100,899.748473
-1.0,100,901.234732
-1.0,100,902.658754
-1.0,100,904.042297
-1.0,100,904.455803
-1.0,100,905.841034
-1.0,100,907.290268
-1.0,100,908.579917
-1.0,100,908.998174
-1.0,100,910.605378
1.0,18,910.683781
-1.0,100,912.097187
-1.0,100,913.585345
-1.0,100,915.051144
-1.0,100,915.456463
1.0,66,916.723958
-1.0,100,918.259403
-1.0,100,919.66498
1.0,80,919.995118
-1.0,100,921.361559
-1.0,100,922.670414
-1.0,100,924.054812
1.0,46,924.245688
-1.0,100,925.664725
-1.0,100,926.076825
1.0,28,927.342344
-1.0,100,927.732498
-1.0,100,929.096887
1.0,58,930.357775
-1.0,100,930.775771
1.0,17,931.868181
1.0,52,932.06901
-1.0,100,933.474119
-1.0,100,934.833774
1.0,46,935.016797
-1.0,100,936.507568
-1.0,100,936.917471
1.0,37,938.084158
-1.0,100,939.428621
-1.0,100,939.860407
-1.0,100,941.222991
1.0,16,941.288465
-1.0,100,942.704598
-1.0,100,944.033371
-1.0,100,945.480617
-1.0,100,945.910655
1.0,48,947.032878
-1.0,100,948.402731
1.0,42,948.587909
-1.0,100,950.006179
-1.0,100,950.401459
-1.0,100,951.72676
-1.0,100,953.19874
-1.0,100,954.599863
-1.0,100,955.953258
1.0,39,956.126546
-1.0,100,957.648621
-1.0,100,958.068751
-1.0,100,959.451079
1.0,25,959.550575
1.0,29,960.717658
-1.0,100,961.10879
-1.0,100,962.576542
-1.0,100,964.038167
-1.0,100,965.448245
-1.0,100,966.819264
1.0,35,966.959059
-1.0,100,968.25184
-1.0,100,968.648126
-1.0,100,970.067659
-1.0,100,971.489619
-1.0,100,972.992762
-1.0,100,973.39214
-1.0,100,974.712962
-1.0,100,976.155668
-1.0,100,977.484349
-1.0,100,978.922292
1.0,14,978.969002
-1.0,100,979.381264
-1.0,100,980.793543
-1.0,100,982.110179
-1.0,100,983.529435
1.0,21,983.621314
-1.0,100,984.978837
-1.0,100,986.443261
-1.0,100,986.83491
-1.0,100,988.142329
-1.0,100,989.459911
-1.0,100,990.901657
-1.0,100,991.275466
-1.0,100,992.683367
-1.0,100,994.0813
-1.0,100,995.423773
-1.0,100,996.771629
1.0,20,996.860775
-1.0,100,998.232892
-1.0,100,998.64367
-1.0,100,1000.31703
1.0,27,1000.417382
1.0,14,1000.468964
-1.0,100,1001.853994
-1.0,100,1003.200267
1.0,47,1003.391857
-1.0,100,1004.79921
1.0,66,1006.027195
-1.0,100,1006.400486
-1.0,100,1007.799002
1.0,12,1007.842263
1.0,60,1009.07437
-1.0,100,1010.473501
-1.0,100,1010.875417
-1.0,100,1012.229928
-1.0,100,1013.72
-1.0,100,1015.027241
-1.0,100,1015.434529
1.0,46,1016.566364
1.0,90,1017.988563
-1.0,100,1018.421409
-1.0,100,1019.770869
-1.0,100,1021.123038
-1.0,100,1022.540194
-1.0,100,1022.899611
-1.0,100,1024.253547
-1.0,100,1025.594166
-1.0,100,1027.068326
-1.0,100,1028.47672
1.0,25,1028.573836
-1.0,100,1029.94581
-1.0,100,1030.345313
-1.0,100,1031.743078
-1.0,100,1033.195804
-1.0,100,1034.514435
-1.0,100,1034.913053
-1.0,100,1036.313064
-1.0,100,1037.761241
-1.0,100,1039.066296
1.0,10,1039.114684
-1.0,100,1040.448775
-1.0,100,1040.855078
-1.0,100,1042.232726
1.0,38,1042.402653
-1.0,100,1043.849292
-1.0,100,1045.312142
-1.0,100,1046.718448
-1.0,100,1048.089239
-1.0,100,1048.525053
-1.0,100,1049.870004
-1.0,100,1051.267751
-1.0,100,1052.66564
-1.0,100,1054.023654
1.0,45,1054.217564
-1.0,100,1055.533547
-1.0,100,1055.931293
-1.0,100,1057.293955
-1.0,100,1058.770991
-1.0,100,1060.122302
-1.0,100,1061.525367
-1.0,100,1061.917602
-1.0,100,1063.396255
-1.0,100,1064.715801
-1.0,100,1066.097648
-1.0,100,1066.504724
1.0,55,1067.624946
-1.0,100,1069.09201
-1.0,100,1069.483606
-1.0,100,1070.882133
-1.0,100,1072.156969
-1.0,100,1073.604129
-1.0,100,1074.932784
-1.0,100,1075.334189
-1.0,100,1076.883794
-1.0,100,1078.296511
1.0,23,1078.388588
-1.0,100,1079.807976
1.0,15,1079.859247
-1.0,100,1081.268676
-1.0,100,1082.735033
-1.0,100,1083.14571
-1.0,100,1084.528552
-1.0,100,1085.974041
-1.0,100,1087.323712
-1.0,100,1087.72892
-1.0,100,1089.253588
-1.0,100,1090.707982
-1.0,100,1092.129308
-1.0,100,1093.559431
-1.0,100,1093.961268
-1.0,100,1095.268061
-1.0,100,1096.707538
1.0,46,1096.887599
-1.0,100,1098.362012
-1.0,100,1099.8787
1.0,52,1100.098169
-1.0,100,1101.42316
-1.0,100,1102.726073
-1.0,100,1104.113446
-1.0,100,1104.524778
-1.0,100,1105.948561
-1.0,100,1107.442614
-1.0,100,1108.87908
-1.0,100,1110.387518
-1.0,100,1110.785901
-1.0,100,1112.203105
-1.0,100,1113.565636
-1.0,100,1114.989246
-1.0,100,1115.396378
-1.0,100,1116.829355
-1.0,100,1118.226012
1.0,38,1118.366076
-1.0,100,1119.831277
-1.0,100,1121.156135
-1.0,100,1122.615315
-1.0,100,1122.996816
1.0,17,1124.196287
-1.0,100,1124.587345
-1.0,100,1125.964
-1.0,100,1127.254899
-1.0,100,1128.621939
-1.0,100,1129.03431
-1.0,100,1130.323876
-1.0,100,1131.841798
-1.0,100,1133.24086
1.0,83,1133.568198
-1.0,100,1135.074187
-1.0,100,1136.419372
-1.0,100,1137.72432
-1.0,100,1139.266517
1.0,43,1139.436614
-1.0,100,1140.826685
1.0,70,1141.102111
-1.0,100,1142.715245
-1.0,100,1144.049631
-1.0,100,1145.483162
-1.0,100,1145.912356
-1.0,100,1147.367085
-1.0,100,1148.678176
-1.0,100,1150.086009
-1.0,100,1150.504144
-1.0,100,1151.917604
1.0,98,1153.266551
-1.0,100,1154.697463
-1.0,100,1156.128852
-1.0,100,1156.540945
-1.0,100,1158.020266
-1.0,100,1159.512402
-1.0,100,1160.934647
-1.0,100,1161.368582
-1.0,100,1162.809932
-1.0,100,1164.297028
-1.0,100,1165.636852
-1.0,100,1166.993484
-1.0,100,1167.390639
-1.0,100,1168.811178
-1.0,100,1170.368203
1.0,42,1170.540497
-1.0,100,1172.021464
-1.0,100,1173.519764
1.0,25,1173.6248
1.0,61,1174.890369
-1.0,100,1175.270479
-1.0,100,1176.645361
1.0,49,1176.842583
1.0,95,1178.197347
-1.0,100,1179.609789
-1.0,100,1181.051033
-1.0,100,1182.472864
-1.0,100,1182.877089
-1.0,100,1184.271043
-1.0,100,1185.698245
-1.0,100,1187.020975
1.0,73,1187.329754
-1.0,100,1188.737338
-1.0,100,1190.144069
-1.0,100,1191.593648
-1.0,100,1192.010204
-1.0,100,1193.62133
-1.0,100,1195.017964
-1.0,100,1196.389706
-1.0,100,1197.772285
-1.0,100,1198.175497
-1.0,100,1199.662123
1.0,36,1199.803882
-1.0,100,1201.115299
-1.0,100,1202.42447
-1.0,100,1203.842815
-1.0,100,1204.264772
-1.0,100,1205.649044
-1.0,100,1207.241484
1.0,12,1207.293339
-1.0,100,1208.662002
-1.0,100,1209.948033
-1.0,100,1210.366024
-1.0,100,1211.720168
-1.0,100,1213.232491
-1.0,100,1214.634607
-1.0,100,1215.994166
-1.0,100,1216.384672
-1.0,100,1217.792944
-1.0,100,1219.286712
-1.0,100,1220.710971
1.0,18,1220.785141
1.0,39,1220.947177
-1.0,100,1222.417053
1.0,28,1222.528864
-1.0,100,1224.031473
-1.0,100,1225.394096
-1.0,100,1226.840173
1.0,17,1226.907283
-1.0,100,1227.303602
-1.0,100,1228.711931
-1.0,100,1230.196299
-1.0,100,1231.550954
1.0,14,1231.610612
1.0,30,1231.73818
-1.0,100,1233.143518
-1.0,100,1234.719171
-1.0,100,1235.110448
-1.0,100,1236.610459
-1.0,100,1238.148407
-1.0,100,1239.501982
-1.0,100,1240.830104
-1.0,100,1241.235609
-1.0,100,1242.709569
-1.0,100,1244.180505
-1.0,100,1245.615477
-1.0,100,1246.043748
1.0,97,1247.439087
-1.0,100,1248.806313
-1.0,100,1250.160961
-1.0,100,1251.606086
-1.0,100,1252.037461
-1.0,100,1253.521196
-1.0,100,1254.962646
-1.0,100,1256.404727
-1.0,100,1256.831103
-1.0,100,1258.28504
1.0,15,1258.351967
-1.0,100,1259.824238
-1.0,100,1261.289503
1.0,96,1262.595441
-1.0,100,1263.011396
-1.0,100,1264.377399
-1.0,100,1265.780538
-1.0,100,1267.159005
-1.0,100,1268.648031
-1.0,100,1269.09001
-1.0,100,1270.519317
-1.0,100,1272.030741
-1.0,100,1273.348392
-1.0,100,1274.763695
-1.0,100,1275.183581
1.0,39,1276.291153
-1.0,100,1276.710717
-1.0,100,1278.133073
-1.0,100,1279.4941
-1.0,100,1280.878499
-1.0,100,1282.229866
-1.0,100,1282.640238
-1.0,100,1284.047621
1.0,79,1285.418413
-1.0,100,1285.828353
1.0,38,1286.920602
-1.0,100,1288.336324
1.0,53,1288.544074
-1.0,100,1289.978466
-1.0,100,1291.449164
-1.0,100,1291.865726
1.0,14,1291.926457
-1.0,100,1293.271903
-1.0,100,1294.694474
1.0,85,1296.055135
-1.0,100,1296.486613
1.0,73,1297.7016
1.0,13,1297.756001
-1.0,100,1299.100262
-1.0,100,1300.457585
-1.0,100,1300.84935
-1.0,100,1302.1824
1.0,28,1302.2913
1.0,30,1303.383058
-1.0,100,1303.749538
-1.0,100,1305.127511
1.0,25,1305.231683
1.0,74,1306.563605
-1.0,100,1308.175592
-1.0,100,1309.529194
-1.0,100,1309.942838
1.0,56,1311.240582
-1.0,100,1312.669675
-1.0,100,1313.105072
-1.0,100,1314.573049
-1.0,100,1315.964888
-1.0,100,1317.345314
1.0,10,1317.390674
-1.0,100,1318.739545
-1.0,100,1319.11699
-1.0,100,1320.499704
-1.0,100,1321.922418
1.0,97,1323.357321
-1.0,100,1323.75278
-1.0,100,1325.093043
-1.0,100,1326.564345
-1.0,100,1327.956106
-1.0,100,1329.456452
-1.0,100,1329.866188
-1.0,100,1331.361627
1.0,95,1332.682178
-1.0,100,1334.230586
1.0,42,1334.38449
-1.0,100,1335.749964
-1.0,100,1337.199558
-1.0,100,1337.571055
1.0,86,1338.945431
-1.0,100,1340.376302
-1.0,100,1341.833611
1.0,98,1342.180816
-1.0,100,1343.520187
1.0,48,1343.698054
-1.0,100,1345.101958
1.0,38,1346.198361
-1.0,100,1346.595815
1.0,34,1347.710264
-1.0,100,1348.114219
1.0,23,1349.223313
-1.0,100,1349.626198
1.0,23,1350.768586
1.0,12,1350.826781
-1.0,100,1351.212281
-1.0,100,1352.645529
-1.0,100,1353.999211
-1.0,100,1355.434885
-1.0,100,1356.827422
-1.0,100,1357.218533
1.0,18,1357.302211
-1.0,100,1358.668136
1.0,28,1358.779614
-1.0,100,1360.206769
-1.0,100,1361.701947
1.0,10,1361.739471
-1.0,100,1363.080564
1.0,12,1363.13175
1.0,97,1364.577774
1.0,23,1364.663662
1.0,64,1364.903983
-1.0,100,1366.338233
-1.0,100,1367.797381
1.0,36,1367.929982
-1.0,100,1369.252108
-1.0,100,1370.604336
1.0,13,1370.660303
-1.0,100,1372.117861
-1.0,100,1372.524391
-1.0,100,1374.016865
-1.0,100,1375.425519
1.0,42,1375.590228
-1.0,100,1376.979211
-1.0,100,1378.345791
-1.0,100,1379.787255
-1.0,100,1380.211257
-1.0,100,1381.531305
-1.0,100,1382.862497
-1.0,100,1384.300362
1.0,17,1384.369381
1.0,26,1384.4799
-1.0,100,1385.735022
-1.0,100,1387.233003
-1.0,100,1388.661111
-1.0,100,1389.064142
-1.0,100,1390.460493
-1.0,100,1391.826089
-1.0,100,1393.294587
-1.0,100,1393.752703
-1.0,100,1395.234087
-1.0,100,1396.680831
-1.0,100,1398.238772
-1.0,100,1399.677065
-1.0,100,1400.089806
-1.0,100,1401.473167
-1.0,100,1402.899292
-1.0,100,1404.411381
1.0,8,1404.443
-1.0,100,1405.845662
1.0,13,1405.896672
1.0,60,1406.126302
-1.0,100,1407.580961
-1.0,100,1408.999242
-1.0,100,1409.394116
-1.0,100,1410.89749
1.0,89,1412.221345
-1.0,100,1413.607675
1.0,52,1413.815882
-1.0,100,1415.233717
1.0,17,1415.295912
1.0,27,1415.399442
-1.0,100,1416.821184
-1.0,100,1418.189145
1.0,66,1418.43737
-1.0,100,1419.777632
1.0,12,1419.825009
-1.0,100,1421.206339
-1.0,100,1422.579531
1.0,15,1422.642089
1.0,19,1422.718682
-1.0,100,1424.166983
1.0,17,1424.234335
1.0,15,1424.296122
-1.0,100,1425.648506
-1.0,100,1427.000147
-1.0,100,1427.424715
-1.0,100,1428.817839
1.0,80,1430.109523
-1.0,100,1431.418197
-1.0,100,1431.810623
-1.0,100,1433.204374
-1.0,100,1434.639768
-1.0,100,1436.088204
-1.0,100,1436.486247
-1.0,100,1437.899021
-1.0,100,1439.304278
-1.0,100,1440.68893
-1.0,100,1442.229471
1.0,99,1442.647781
1.0,24,1443.714828
-1.0,100,1444.129147
-1.0,100,1445.541944
-1.0,100,1446.889508
1.0,27,1447.014537
-1.0,100,1448.495817
1.0,21,1448.591771
-1.0,100,1450.124144
-1.0,100,1451.558715
-1.0,100,1451.947979
-1.0,100,1453.34777
1.0,14,1453.407859
-1.0,100,1454.811308
1.0,21,1454.891713
1.0,13,1454.946278
1.0,36,1456.122765
1.0,6,1456.150826
1.0,87,1456.522154
-1.0,100,1458.023472
1.0,71,1459.30458
-1.0,100,1459.672729
-1.0,100,1461.120112
-1.0,100,1462.508498
-1.0,100,1463.927342
-1.0,100,1465.307836
-1.0,100,1465.729262
-1.0,100,1467.183008
-1.0,100,1468.591884
-1.0,100,1469.954458
1.0,63,1470.191537
-1.0,100,1471.526103
-1.0,100,1472.991033
-1.0,100,1474.493841
-1.0,100,1474.898271
-1.0,100,1476.372772
-1.0,100,1477.773653
1.0,97,1479.201529
-1.0,100,1479.632153
1.0,94,1480.965342
-1.0,100,1482.395827
-1.0,100,1483.89218
1.0,35,1484.027363
-1.0,100,1485.3867
-1.0,100,1486.760777
-1.0,100,1487.195776
-1.0,100,1488.621094
1.0,27,1488.745247
-1.0,100,1490.266657
-1.0,100,1491.729785
1.0,96,1493.144269
1.0,30,1493.271555
-1.0,100,1494.695135
-1.0,100,1495.114677
1.0,37,1496.19628
-1.0,100,1497.599004
-1.0,100,1498.016507
-1.0,100,1499.442865
-1.0,100,1500.817755
-1.0,100,1502.238429
-1.0,100,1502.637696
-1.0,100,1504.037649
1.0,28,1504.150234
-1.0,100,1505.624125
-1.0,100,1507.049632
-1.0,100,1508.363933
1.0,15,1508.42187
-1.0,100,1509.823153
-1.0,100,1510.232806
-1.0,100,1511.605332
1.0,21,1511.689602
-1.0,100,1513.052635
-1.0,100,1514.488275
-1.0,100,1515.979631
-1.0,100,1517.453884
-1.0,100,1517.880538
-1.0,100,1519.280468
-1.0,100,1520.655971
-1.0,100,1521.970747
-1.0,100,1522.365584
-1.0,100,1523.818687
-1.0,100,1525.253706
1.0,18,1525.322996
-1.0,100,1526.697492
1.0,82,1528.000971
-1.0,100,1528.367465
-1.0,100,1529.846171
1.0,86,1531.158219
-1.0,100,1532.617963
-1.0,100,1533.006076
-1.0,100,1534.532489
-1.0,100,1535.848674
1.0,56,1536.051064
-1.0,100,1537.538766
-1.0,100,1538.984701
1.0,43,1539.170076
-1.0,100,1540.696265
-1.0,100,1541.993953
-1.0,100,1543.386705
-1.0,100,1543.785606
1.0,77,1545.10675
1.0,59,1545.325697
-1.0,100,1546.739195
-1.0,100,1548.178538
-1.0,100,1549.474859
-1.0,100,1550.960844
-1.0,100,1551.360368
-1.0,100,1552.802564
-1.0,100,1554.283495
-1.0,100,1555.961047
-1.0,100,1556.368066
-1.0,100,1557.757715
-1.0,100,1559.174423
-1.0,100,1560.573442
-1.0,100,1561.878063
-1.0,100,1562.259943
-1.0,100,1563.580123
1.0,64,1564.905497
-1.0,100,1565.327982
-1.0,100,1566.660846
-1.0,100,1568.054523
-1.0,100,1569.408902
-1.0,100,1570.728396
-1.0,100,1571.122335
-1.0,100,1572.503526
-1.0,100,1574.050067
-1.0,100,1575.511095
-1.0,100,1575.892339
-1.0,100,1577.249397
-1.0,100,1578.741407
-1.0,100,1580.141461
-1.0,100,1581.614698
-1.0,100,1582.042464
-1.0,100,1583.507565
-1.0,100,1584.876568
-1.0,100,1586.322024
-1.0,100,1586.734834
-1.0,100,1588.123954
-1.0,100,1589.560735
-1.0,100,1591.020136
-1.0,100,1592.461281
1.0,63,1592.707174
-1.0,100,1594.105397
1.0,40,1594.264164
-1.0,100,1595.668801
-1.0,100,1597.090143
1.0,15,1597.157263
-1.0,100,1598.564373
-1.0,100,1598.954504
-1.0,100,1600.420594
1.0,11,1600.463085
-1.0,100,1601.954613
-1.0,100,1603.428407
1.0,35,1603.56956
1.0,18,1603.657071
-1.0,100,1605.117948
1.0,35,1605.273627
1.0,26,1606.506724
-1.0,100,1606.920563
1.0,21,1607.015924
-1.0,100,1608.391362
-1.0,100,1609.821305
-1.0,100,1611.145957
1.0,64,1611.415035
-1.0,100,1612.819686
-1.0,100,1614.36009
-1.0,100,1615.724944
1.0,24,1615.811599
1.0,14,1615.879611
-1.0,100,1617.350291
-1.0,100,1618.812786
-1.0,100,1619.25233
1.0,9,1619.289851
-1.0,100,1620.804187
-1.0,100,1622.30915
-1.0,100,1623.689548
1.0,41,1623.871149
1.0,95,1625.274266
-1.0,100,1626.676615
1.0,58,1626.922026
1.0,50,1627.127646
1.0,10,1627.169894
-1.0,100,1628.557381
-1.0,100,1630.027439
-1.0,100,1631.386883
-1.0,100,1632.717057
-1.0,100,1633.141008
-1.0,100,1634.484657
1.0,7,1634.518785
-1.0,100,1635.930609
-1.0,100,1637.426765
-1.0,100,1638.820948
-1.0,100,1639.212881
-1.0,100,1640.617121
-1.0,100,1641.969083
-1.0,100,1643.485539
-1.0,100,1643.902506
-1.0,100,1645.300826
1.0,7,1645.334608
-1.0,100,1646.657526
-1.0,100,1648.04746
-1.0,100,1649.429236
-1.0,100,1649.857466
-1.0,100,1651.261163
-1.0,100,1652.701389
1.0,9,1652.738934
1.0,31,1652.863077
1.0,15,1652.926746
-1.0,100,1654.316862
-1.0,100,1655.646066
-1.0,100,1657.038842
-1.0,100,1658.59951
-1.0,100,1658.995075
-1.0,100,1660.29334
-1.0,100,1661.72617
-1.0,100,1663.120527
1.0,30,1663.238133
-1.0,100,1664.770986
1.0,81,1665.097235
-1.0,100,1666.512307
1.0,24,1666.616888
1.0,99,1667.912978
-1.0,100,1669.289997
-1.0,100,1670.679219
-1.0,100,1671.089105
-1.0,100,1672.449543
-1.0,100,1673.837907
1.0,11,1673.890618
-1.0,100,1675.349742
-1.0,100,1676.720295
1.0,67,1676.987556
-1.0,100,1678.42026
-1.0,100,1679.801977
-1.0,100,1681.190226
1.0,71,1681.485092
1.0,8,1681.521127
-1.0,100,1682.9247
-1.0,100,1684.231585
-1.0,100,1684.605561
-1.0,100,1685.981749
-1.0,100,1687.405102
-1.0,100,1688.79486
-1.0,100,1690.185296
-1.0,100,1690.609159
-1.0,100,1692.025452
-1.0,100,1693.430547
-1.0,100,1694.834684
-1.0,100,1695.21641
1.0,38,1696.302313
-1.0,100,1697.88782
-1.0,100,1698.290003
-1.0,100,1699.794087
-1.0,100,1701.193105
-1.0,100,1702.595346
-1.0,100,1703.000973
-1.0,100,1704.442584
1.0,48,1705.721344
-1.0,100,1706.132384
-1.0,100,1707.519804
1.0,73,1708.887782
1.0,42,1709.055651
-1.0,100,1710.494556
-1.0,100,1711.96924
-1.0,100,1712.375208
-1.0,100,1713.725897
1.0,71,1715.038664
-1.0,100,1716.446243
1.0,28,1716.575919
1.0,23,1716.682479
-1.0,100,1718.03594
-1.0,100,1719.437442
-1.0,100,1719.85047
1.0,62,1721.05532
1.0,9,1721.091828
-1.0,100,1722.412597
-1.0,100,1722.825541
-1.0,100,1724.317965
-1.0,100,1725.685787
1.0,90,1727.082934
-1.0,100,1727.504839
1.0,36,1728.701186
1.0,78,1729.027244
-1.0,100,1730.427377
-1.0,100,1731.83823
-1.0,100,1733.23679
-1.0,100,1733.645952
-1.0,100,1734.998636
-1.0,100,1736.449451
-1.0,100,1737.822781
-1.0,100,1739.297851
-1.0,100,1739.721895
-1.0,100,1741.055507
-1.0,100,1742.643661
1.0,22,1742.735746
-1.0,100,1744.100476
-1.0,100,1745.432088
-1.0,100,1745.831129
-1.0,100,1747.198994
1.0,7,1747.230511
-1.0,100,1748.650631
1.0,9,1748.685873
-1.0,100,1750.050494
-1.0,100,1751.484146
-1.0,100,1751.905632
-1.0,100,1753.281955
1.0,78,1754.675816
-1.0,100,1756.027152
-1.0,100,1756.427244
-1.0,100,1757.826173
1.0,75,1759.092506
-1.0,100,1760.476245
-1.0,100,1760.874134
-1.0,100,1762.281554
-1.0,100,1763.685294
-1.0,100,1765.100337
-1.0,100,1766.552443
1.0,36,1766.694252
-1.0,100,1768.049078
-1.0,100,1768.473022
-1.0,100,1769.783592
1.0,41,1769.959794
-1.0,100,1771.321083
-1.0,100,1772.749862
-1.0,100,1774.18493
-1.0,100,1775.562148
-1.0,100,1775.979835
-1.0,100,1777.41468
1.0,12,1777.463409
-1.0,100,1778.893687
-1.0,100,1780.344904
-1.0,100,1781.754402
1.0,86,1782.109085
-1.0,100,1783.479378
1.0,93,1784.896933
1.0,11,1784.945242
-1.0,100,1786.329295
-1.0,100,1786.745387
-1.0,100,1788.200715
1.0,99,1789.703882
-1.0,100,1791.029787
-1.0,100,1792.470136
-1.0,100,1792.887056
-1.0,100,1794.385112
-1.0,100,1795.837763
-1.0,100,1797.284428
-1.0,100,1797.696234
-1.0,100,1798.989997
1.0,91,1800.431641
-1.0,100,1801.858362
-1.0,100,1802.283532
1.0,75,1803.662064
-1.0,100,1805.227893
-1.0,100,1806.703779
-1.0,100,1807.124373
-1.0,100,1808.596936
-1.0,100,1809.915291
-1.0,100,1811.24851
-1.0,100,1812.78281
-1.0,100,1813.229119
-1.0,100,1814.665321
-1.0,100,1815.997836
-1.0,100,1817.371474
-1.0,100,1817.779693
-1.0,100,1819.202706
-1.0,100,1820.740054
-1.0,100,1822.131762
-1.0,100,1823.580193
-1.0,100,1824.001539
-1.0,100,1825.270771
-1.0,100,1826.622972
-1.0,100,1827.964325
-1.0,100,1828.369767
-1.0,100,1829.759514
1.0,12,1829.814338
-1.0,100,1831.220894
-1.0,100,1832.588712
-1.0,100,1834.011326
-1.0,100,1834.442329
-1.0,100,1835.773547
-1.0,100,1837.149334
-1.0,100,1838.487823
-1.0,100,1839.936284
-1.0,100,1840.346284
-1.0,100,1841.738784
-1.0,100,1843.143833
1.0,19,1843.214371
-1.0,100,1844.545976
-1.0,100,1845.999973
-1.0,100,1846.388587
-1.0,100,1847.785625
-1.0,100,1849.265082
-1.0,100,1850.622188
-1.0,100,1851.980556
-1.0,100,1852.388301
-1.0,100,1853.977103
-1.0,100,1855.403407
1.0,30,1855.510158
-1.0,100,1856.833667
-1.0,100,1858.148415
1.0,9,1858.18723
-1.0,100,1859.537034
1.0,53,1859.753859
-1.0,100,1861.240625
-1.0,100,1862.639751
-1.0,100,1863.03931
-1.0,100,1864.498883
-1.0,100,1866.022269
-1.0,100,1867.396873
-1.0,100,1867.793171
-1.0,100,1869.17937
-1.0,100,1870.649752
-1.0,100,1872.080977
-1.0,100,1873.517062
-1.0,100,1873.93098
-1.0,100,1875.218718
1.0,17,1875.283431
-1.0,100,1876.801916
-1.0,100,1878.190767
-1.0,100,1879.55958
-1.0,100,1879.938157
-1.0,100,1881.340099
-1.0,100,1882.85772
-1.0,100,1884.312762
-1.0,100,1885.669602
-1.0,100,1886.118109
-1.0,100,1887.657892
-1.0,100,1889.073695
-1.0,100,1890.438641
-1.0,100,1890.841877
1.0,12,1891.966948
-1.0,100,1892.368797
-1.0,100,1893.751402
-1.0,100,1895.174467
-1.0,100,1896.624872
-1.0,100,1897.039443
-1.0,100,1898.347099
-1.0,100,1899.760644
-1.0,100,1901.187057
-1.0,100,1902.628225
-1.0,100,1903.009646
-1.0,100,1904.389915
-1.0,100,1905.714198
-1.0,100,1907.131869
-1.0,100,1907.494257
-1.0,100,1908.812263
-1.0,100,1910.228872
-1.0,100,1911.673672
-1.0,100,1913.013698
-1.0,100,1913.401176
1.0,93,1914.733293
-1.0,100,1916.080748
-1.0,100,1917.608552
-1.0,100,1917.997135
-1.0,100,1919.363579
-1.0,100,1920.735898
-1.0,100,1922.169958
-1.0,100,1923.524171
-1.0,100,1923.923771
-1.0,100,1925.350067
-1.0,100,1926.77589
-1.0,100,1928.091931
-1.0,100,1928.467976
-1.0,100,1929.798976
-1.0,100,1931.219447
-1.0,100,1932.599459
-1.0,100,1933.97797
-1.0,100,1934.388608
-1.0,100,1935.860613
-1.0,100,1937.259308
-1.0,100,1938.69875
-1.0,100,1939.09161
-1.0,100,1940.561233
-1.0,100,1941.945925
-1.0,100,1943.30809
-1.0,100,1944.622086
-1.0,100,1945.040737
-1.0,100,1946.366082
-1.0,100,1947.92189
-1.0,100,1949.399167
-1.0,100,1950.815342
-1.0,100,1951.250824
1.0,8,1951.285012
-1.0,100,1952.648434
-1.0,100,1954.129672
-1.0,100,1955.48671
-1.0,100,1955.884876
-1.0,100,1957.294715
1.0,78,1958.645082
1.0,23,1958.732183
-1.0,100,1960.242035
-1.0,100,1961.675371
-1.0,100,1962.064221
1.0,14,1963.280052
-1.0,100,1963.696878
1.0,19,1963.763561
-1.0,100,1965.348706
-1.0,100,1966.693556
1.0,12,1966.740177
-1.0,100,1968.202335
-1.0,100,1969.530911
-1.0,100,1969.938179
1.0,88,1971.204932
-1.0,100,1972.739847
-1.0,100,1974.151811
-1.0,100,1974.519186
-1.0,100,1975.884096
-1.0,100,1977.199548
-1.0,100,1978.741512
-1.0,100,1980.246729
-1.0,100,1980.668951
-1.0,100,1982.037731
-1.0,100,1983.390996
1.0,54,1983.595803
-1.0,100,1984.999185
-1.0,100,1986.382589
-1.0,100,1987.745907
1.0,13,1987.793113
-1.0,100,1989.143125
-1.0,100,1989.563153
1.0,55,1990.92119
-1.0,100,1992.272542
-1.0,100,1992.705118
-1.0,100,1994.136873
-1.0,100,1995.519971
-1.0,100,1996.887054
-1.0,100,1997.30238
-1.0,100,1998.650759
1.0,65,1999.980093
1.0,31,2000.095569
-1.0,100,2001.689888
-1.0,100,2003.117959
-1.0,100,2003.520784
-1.0,100,2004.9871
-1.0,100,2006.396654
-1.0,100,2007.792948
-1.0,100,2008.198024
-1.0,100,2009.581547
-1.0,100,2010.91626
1.0,32,2011.05301
-1.0,100,2012.475384
-1.0,100,2014.006171
-1.0,100,2015.385614
-1.0,100,2015.803535
-1.0,100,2017.284692
-1.0,100,2018.857184
-1.0,100,2020.265658
-1.0,100,2021.861702
1.0,54,2022.064199
1.0,99,2023.43283
-1.0,100,2024.900378
-1.0,100,2025.281803
-1.0,100,2026.778416
-1.0,100,2028.160038
-1.0,100,2029.470798
-1.0,100,2029.875859
-1.0,100,2031.188591
-1.0,100,2032.628435
-1.0,100,2034.073173
1.0,65,2034.341588
1.0,23,2034.437288
1.0,97,2035.854161
-1.0,100,2037.287254
-1.0,100,2038.793659
-1.0,100,2040.208276
-1.0,100,2040.610734
1.0,34,2041.76308
1.0,39,2041.9213
-1.0,100,2043.359635
-1.0,100,2043.786488
-1.0,100,2045.269515
-1.0,100,2046.691708
-1.0,100,2048.092478
-1.0,100,2049.573099
-1.0,100,2049.994571
1.0,59,2051.153826
-1.0,100,2052.542076
1.0,21,2052.622066
1.0,43,2052.809461
1.0,49,2054.016038
-1.0,100,2054.420908
-1.0,100,2055.779105
-1.0,100,2057.290356
1.0,49,2057.471788
-1.0,100,2058.961309
-1.0,100,2060.398427
-1.0,100,2061.78722
-1.0,100,2062.167721
1.0,57,2063.396727
-1.0,100,2064.884515
-1.0,100,2065.291054
-1.0,100,2066.604475
-1.0,100,2068.023596
-1.0,100,2069.418643
1.0,32,2069.553761
-1.0,100,2070.895618
1.0,20,2070.978255
1.0,71,2071.265562
-1.0,100,2072.663981
-1.0,100,2074.079697
-1.0,100,2075.483475
-1.0,100,2076.838098
-1.0,100,2077.246742
-1.0,100,2078.636376
-1.0,100,2080.169356
-1.0,100,2081.480758
1.0,8,2081.512278
-1.0,100,2082.976287
-1.0,100,2083.39275
1.0,48,2084.546111
1.0,52,2084.761056
1.0,22,2084.857985
-1.0,100,2086.363852
-1.0,100,2087.740359
-1.0,100,2089.118437
-1.0,100,2089.556705
-1.0,100,2090.97381
-1.0,100,2092.383272
-1.0,100,2093.820715
-1.0,100,2095.245483
1.0,30,2095.369333
1.0,80,2095.686217
-1.0,100,2097.073245
-1.0,100,2098.528157
-1.0,100,2099.897893
1.0,38,2100.04226
-1.0,100,2101.458706
1.0,67,2101.746822
-1.0,100,2103.192106
-1.0,100,2104.646508
-1.0,100,2106.048603
1.0,32,2106.181044
-1.0,100,2107.640635
-1.0,100,2108.046011
-1.0,100,2109.403465
-1.0,100,2110.987983
-1.0,100,2112.399461
1.0,15,2112.461836
-1.0,100,2113.784497
-1.0,100,2115.19745
-1.0,100,2115.621046
-1.0,100,2116.990067
1.0,20,2117.062041
1.0,59,2118.278677
-1.0,100,2118.679276
1.0,88,2119.930587
-1.0,100,2121.373629
-1.0,100,2122.895353
-1.0,100,2124.433092
-1.0,100,2124.854835
1.0,89,2126.209615
-1.0,100,2127.652678
-1.0,100,2129.049621
-1.0,100,2129.446855
-1.0,100,2130.818452
-1.0,100,2132.236691
-1.0,100,2133.637729
1.0,48,2133.858454
-1.0,100,2135.278926
-1.0,100,2136.747291
-1.0,100,2137.128366
-1.0,100,2138.511655
1.0,12,2138.558455
-1.0,100,2139.887406
-1.0,100,2141.422074
-1.0,100,2142.749085
-1.0,100,2143.158083
-1.0,100,2144.553511
-1.0,100,2145.975478
-1.0,100,2147.374427
1.0,19,2147.457611
1.0,65,2147.737219
-1.0,100,2149.097715
-1.0,100,2150.476357
1.0,54,2150.715301
-1.0,100,2152.166804
-1.0,100,2153.566876
-1.0,100,2154.999918
-1.0,100,2155.39098
-1.0,100,2156.7329
1.0,46,2157.849195
-1.0,100,2158.242898
-1.0,100,2159.784249
-1.0,100,2161.160132
-1.0,100,2162.529232
1.0,17,2162.594998
-1.0,100,2164.006184
-1.0,100,2164.392236
-1.0,100,2165.786776
-1.0,100,2167.258266
-1.0,100,2168.683929
-1.0,100,2170.1312
-1.0,100,2170.554951
1.0,57,2171.882277
1.0,82,2172.227524
-1.0,100,2173.642873
-1.0,100,2175.041788
-1.0,100,2176.484593
-1.0,100,2177.926976
-1.0,100,2178.302923
-1.0,100,2179.721022
1.0,51,2180.911594
1.0,82,2181.259094
-1.0,100,2182.614458
-1.0,100,2184.003131
-1.0,100,2185.434266
-1.0,100,2185.833293
-1.0,100,2187.322851
-1.0,100,2188.830416
-1.0,100,2190.215416
-1.0,100,2190.603804
-1.0,100,2192.016761
-1.0,100,2193.477404
1.0,10,2193.51782
-1.0,100,2194.832273
1.0,59,2195.063549
-1.0,100,2196.449487
-1.0,100,2197.82277
1.0,7,2197.852189
-1.0,100,2199.153884
-1.0,100,2199.563037
-1.0,100,2200.945528
-1.0,100,2202.376289
-1.0,100,2203.699878
-1.0,100,2205.187849
-1.0,100,2205.591632
-1.0,100,2206.918821
-1.0,100,2208.350228
-1.0,100,2209.828532
-1.0,100,2211.262039
-1.0,100,2211.678458
-1.0,100,2213.106164
-1.0,100,2214.497071
-1.0,100,2215.875229
-1.0,100,2216.338616
-1.0,100,2217.694639
-1.0,100,2219.079702
-1.0,100,2220.410328
-1.0,100,2221.775131
1.0,93,2222.13414
-1.0,100,2223.643657
-1.0,100,2225.099048
-1.0,100,2226.498063
1.0,82,2226.84487
-1.0,100,2228.219568
-1.0,100,2229.599815
1.0,48,2229.779895
-1.0,100,2231.181066
-1.0,100,2232.591325
-1.0,100,2234.165299
-1.0,100,2234.596886
1.0,74,2235.95223
-1.0,100,2237.270825
-1.0,100,2237.684883
-1.0,100,2239.091263
-1.0,100,2240.484634
-1.0,100,2241.82605
-1.0,100,2243.22767
-1.0,100,2243.651644
-1.0,100,2245.021597
-1.0,100,2246.350412
-1.0,100,2247.763917
-1.0,100,2248.163953
-1.0,100,2249.555771
-1.0,100,2251.08409
-1.0,100,2252.519751
-1.0,100,2254.437805
-1.0,100,2254.81731
-1.0,100,2256.118821
-1.0,100,2257.467663
-1.0,100,2258.79897
-1.0,100,2260.100222
-1.0,100,2260.521102
-1.0,100,2262.042346
-1.0,100,2263.554858
1.0,38,2263.71551
1.0,18,2263.792901
-1.0,100,2265.267524
-1.0,100,2266.642119
-1.0,100,2268.09937
-1.0,100,2268.520092
-1.0,100,2269.955195
-1.0,100,2271.345934
-1.0,100,2272.733104
-1.0,100,2274.12933
-1.0,100,2274.532764
-1.0,100,2275.872541
-1.0,100,2277.275798
-1.0,100,2278.7454
1.0,47,2278.960186
-1.0,100,2280.41897
-1.0,100,2281.820917
-1.0,100,2282.245868
-1.0,100,2283.696345
-1.0,100,2285.04466
-1.0,100,2286.477831
-1.0,100,2287.845691
-1.0,100,2288.234709
1.0,15,2288.30154
1.0,18,2289.447371
-1.0,100,2289.8764
-1.0,100,2291.240612
-1.0,100,2292.644565
-1.0,100,2294.034471
1.0,29,2294.14743
-1.0,100,2295.597459
-1.0,100,2296.004213
-1.0,100,2297.613175
-1.0,100,2299.095829
-1.0,100,2300.523969
-1.0,100,2301.868448
-1.0,100,2302.309505
-1.0,100,2303.741135
-1.0,100,2305.209407
-1.0,100,2306.508386
-1.0,100,2308.078068
-1.0,100,2308.489039
-1.0,100,2309.893934
-1.0,100,2311.351449
-1.0,100,2312.756206
-1.0,100,2313.168439
1.0,12,2314.186632
-1.0,100,2314.588359
-1.0,100,2315.939206
-1.0,100,2317.452263
-1.0,100,2318.96313
-1.0,100,2319.397174
1.0,26,2320.558807
-1.0,100,2320.962445
-1.0,100,2322.532909
-1.0,100,2324.099797
-1.0,100,2325.556459
-1.0,100,2326.934161
-1.0,100,2327.323093
-1.0,100,2328.755556
-1.0,100,2330.160322
-1.0,100,2331.677767
1.0,17,2331.754434
1.0,7,2331.784976
1.0,17,2331.856225
-1.0,100,2333.232619
-1.0,100,2334.728669
-1.0,100,2335.157058
-1.0,100,2336.59662
-1.0,100,2337.946978
-1.0,100,2339.442246
-1.0,100,2339.850887
-1.0,100,2341.174502
-1.0,100,2342.483462
-1.0,100,2343.827859
-1.0,100,2345.135993
1.0,23,2345.233921
-1.0,100,2346.702449
-1.0,100,2347.081388
-1.0,100,2348.540158
1.0,12,2348.586657
-1.0,100,2349.906486
-1.0,100,2351.380894
-1.0,100,2352.705218
-1.0,100,2353.105561
-1.0,100,2354.596987
-1.0,100,2356.083476
-1.0,100,2357.388124
-1.0,100,2357.809977
-1.0,100,2359.378771
1.0,92,2360.761039
1.0,16,2360.846343
-1.0,100,2362.354005
-1.0,100,2363.916553
-1.0,100,2364.289047
-1.0,100,2365.673408
-1.0,100,2367.137543
1.0,11,2367.178732
-1.0,100,2368.572813
-1.0,100,2369.953604
-1.0,100,2370.360667
1.0,14,2370.413528
-1.0,100,2371.788759
-1.0,100,2373.080362
-1.0,100,2374.446526
-1.0,100,2376.035695
-1.0,100,2376.459623
-1.0,100,2377.90412
1.0,59,2379.193054
-1.0,100,2379.590863
-1.0,100,2381.012807
-1.0,100,2382.533158
