#{"env_id": null, "t_start": 1550432437.3540447}
r,l,t
1.0,27,7.169637
-1.0,100,7.575227
-1.0,100,10.59992
-1.0,100,11.912986
1.0,86,13.343859
-1.0,100,14.749906
-1.0,100,15.160135
1.0,51,16.358536
-1.0,100,16.759732
-1.0,100,18.087629
1.0,39,19.257145
-1.0,100,19.637382
1.0,42,20.761903
-1.0,100,21.171143
1.0,12,22.370584
-1.0,100,22.759072
-1.0,100,24.10595
-1.0,100,25.481673
-1.0,100,26.861102
1.0,17,26.929715
-1.0,100,28.281608
1.0,20,28.365063
-1.0,100,29.788153
-1.0,100,30.202162
-1.0,100,31.609259
-1.0,100,33.084565
1.0,73,33.394268
-1.0,100,34.711463
-1.0,100,36.115124
-1.0,100,37.562366
-1.0,100,38.955406
-1.0,100,39.363735
-1.0,100,40.72051
-1.0,100,42.073128
-1.0,100,43.406322
-1.0,100,43.794971
1.0,51,44.969195
1.0,73,45.259511
1.0,56,46.47085
-1.0,100,47.838234
-1.0,100,48.24058
1.0,63,49.49822
-1.0,100,50.966313
1.0,26,51.065099
-1.0,100,52.456368
1.0,12,52.509866
1.0,58,52.745397
-1.0,100,54.167896
-1.0,100,55.547673
-1.0,100,56.869086
1.0,85,57.203512
-1.0,100,58.603371
-1.0,100,59.975852
1.0,9,60.013171
1.0,22,60.099999
1.0,25,60.195888
1.0,76,61.47562
1.0,62,61.725403
1.0,94,63.187666
-1.0,100,64.539842
-1.0,100,65.945179
-1.0,100,66.350255
1.0,78,67.595991
-1.0,100,68.898736
1.0,22,68.992422
-1.0,100,70.360343
1.0,9,70.405789
-1.0,100,71.736333
-1.0,100,72.191852
-1.0,100,73.707781
-1.0,100,75.09058
-1.0,100,76.51452
1.0,71,76.797313
1.0,22,76.887726
-1.0,100,78.396093
-1.0,100,79.799369
-1.0,100,81.166952
-1.0,100,82.635131
1.0,32,82.776133
-1.0,100,84.174636
-1.0,100,84.565333
1.0,29,85.893533
-1.0,100,86.458112
1.0,10,86.517525
-1.0,100,87.969641
-1.0,100,89.301804
-1.0,100,90.656088
-1.0,100,92.00443
-1.0,100,92.373381
-1.0,100,93.735645
-1.0,100,95.062876
-1.0,100,96.496552
-1.0,100,96.900685
-1.0,100,98.316906
-1.0,100,99.797402
-1.0,100,101.150295
1.0,11,101.193824
1.0,27,101.311404
1.0,96,102.658777
-1.0,100,104.114777
1.0,39,104.273362
-1.0,100,105.698427
-1.0,100,107.022642
-1.0,100,107.439495
-1.0,100,108.791195
-1.0,100,110.166559
-1.0,100,111.595881
-1.0,100,111.983667
1.0,92,113.266545
1.0,21,113.346063
-1.0,100,114.703074
1.0,80,116.01785
1.0,54,116.219395
-1.0,100,117.555494
-1.0,100,118.923157
1.0,26,119.023356
-1.0,100,120.373439
-1.0,100,120.776411
-1.0,100,122.148398
-1.0,100,123.471421
-1.0,100,124.819129
-1.0,100,126.105566
-1.0,100,126.463222
-1.0,100,127.814659
-1.0,100,129.216653
-1.0,100,130.625136
-1.0,100,132.301612
-1.0,100,132.674428
-1.0,100,134.104677
1.0,58,135.298186
-1.0,100,135.70307
-1.0,100,137.195623
1.0,22,137.276347
-1.0,100,138.653917
-1.0,100,140.016879
1.0,14,140.069679
1.0,16,140.133896
-1.0,100,141.484466
-1.0,100,142.94811
1.0,50,143.22368
-1.0,100,144.736207
-1.0,100,146.063665
-1.0,100,146.453183
-1.0,100,147.764544
-1.0,100,149.072167
-1.0,100,150.412349
-1.0,100,150.791861
-1.0,100,152.122118
-1.0,100,153.500041
-1.0,100,154.86681
-1.0,100,156.227503
-1.0,100,156.621575
-1.0,100,157.98159
1.0,21,158.066662
1.0,79,159.30928
-1.0,100,160.649919
-1.0,100,161.939247
1.0,45,162.129812
-1.0,100,163.452028
-1.0,100,163.848778
-1.0,100,165.163594
-1.0,100,166.55069
-1.0,100,167.863148
-1.0,100,169.335556
1.0,90,169.684179
-1.0,100,171.006907
-1.0,100,172.340913
-1.0,100,173.703615
-1.0,100,174.092283
-1.0,100,175.444183
-1.0,100,176.854623
-1.0,100,178.237206
-1.0,100,179.624245
-1.0,100,180.004568
-1.0,100,181.417969
-1.0,100,182.926476
-1.0,100,184.290388
-1.0,100,184.667731
-1.0,100,186.16645
1.0,77,187.417859
-1.0,100,188.805536
-1.0,100,189.209247
1.0,96,190.565046
-1.0,100,191.985459
1.0,57,192.205086
1.0,73,193.597711
-1.0,100,195.029921
-1.0,100,195.424088
-1.0,100,196.848464
-1.0,100,198.229262
-1.0,100,199.648782
1.0,36,199.794462
1.0,92,201.189119
1.0,80,201.524214
1.0,74,202.788036
1.0,19,202.865425
1.0,40,203.025178
1.0,9,204.096775
1.0,34,204.231106
1.0,33,204.363693
1.0,64,205.538912
-1.0,100,205.930585
-1.0,100,207.310467
-1.0,100,208.651722
-1.0,100,209.996302
-1.0,100,210.402062
-1.0,100,211.721043
-1.0,100,213.062689
-1.0,100,214.425761
1.0,69,214.723524
-1.0,100,216.155263
-1.0,100,217.489845
1.0,42,217.653354
-1.0,100,219.071979
-1.0,100,220.487637
-1.0,100,221.879467
-1.0,100,222.291704
-1.0,100,223.661022
-1.0,100,225.082688
-1.0,100,226.41122
1.0,47,226.596057
-1.0,100,227.960353
-1.0,100,229.330999
-1.0,100,229.719393
-1.0,100,231.142827
-1.0,100,232.522756
-1.0,100,233.962295
1.0,45,234.139487
-1.0,100,235.525006
-1.0,100,236.869131
-1.0,100,237.256912
-1.0,100,238.559683
-1.0,100,239.870147
-1.0,100,241.266425
-1.0,100,242.699766
-1.0,100,243.072966
-1.0,100,244.513178
-1.0,100,245.96911
-1.0,100,247.351806
-1.0,100,247.727511
-1.0,100,249.109826
-1.0,100,250.525614
-1.0,100,251.882588
-1.0,100,253.296285
-1.0,100,253.669059
-1.0,100,255.15147
-1.0,100,256.694803
1.0,79,258.170654
-1.0,100,258.559185
-1.0,100,259.926834
1.0,38,260.074962
1.0,52,261.278683
-1.0,100,262.64376
-1.0,100,263.04572
-1.0,100,264.420691
-1.0,100,265.768108
-1.0,100,267.07189
-1.0,100,268.443114
-1.0,100,268.824451
1.0,94,270.177278
-1.0,100,271.489521
-1.0,100,272.832536
1.0,64,273.069845
-1.0,100,274.405913
-1.0,100,275.75586
-1.0,100,276.146032
-1.0,100,277.529052
-1.0,100,278.855995
-1.0,100,280.240471
-1.0,100,281.531448
-1.0,100,281.925227
-1.0,100,283.263795
-1.0,100,284.645035
-1.0,100,286.007303
-1.0,100,286.381407
-1.0,100,287.773807
-1.0,100,289.135328
-1.0,100,290.456867
1.0,96,291.74003
1.0,20,291.82118
-1.0,100,293.130027
-1.0,100,293.494632
-1.0,100,294.840332
-1.0,100,296.203534
-1.0,100,297.618559
-1.0,100,298.013414
1.0,22,299.049255
1.0,29,299.15851
-1.0,100,300.593374
-1.0,100,300.981534
-1.0,100,302.292189
-1.0,100,303.615917
-1.0,100,304.922333
-1.0,100,306.322993
1.0,56,306.53937
1.0,13,306.588015
-1.0,100,307.962618
-1.0,100,309.347627
-1.0,100,309.748388
-1.0,100,311.086773
-1.0,100,312.399924
-1.0,100,313.736788
-1.0,100,315.041741
-1.0,100,315.430951
-1.0,100,316.837386
-1.0,100,318.136542
1.0,34,318.267751
-1.0,100,319.578304
-1.0,100,320.990794
-1.0,100,321.384397
-1.0,100,322.718846
-1.0,100,324.043506
1.0,50,324.230847
1.0,10,325.258879
1.0,38,325.409173
1.0,46,325.575154
-1.0,100,326.882063
-1.0,100,328.358114
-1.0,100,329.772718
-1.0,100,330.163405
-1.0,100,331.544609
-1.0,100,332.90314
-1.0,100,334.252239
-1.0,100,334.629311
-1.0,100,336.01212
-1.0,100,337.317989
-1.0,100,338.697197
-1.0,100,340.060422
-1.0,100,340.449006
1.0,79,341.720652
1.0,27,341.817856
-1.0,100,343.196302
-1.0,100,344.54478
1.0,90,344.891146
1.0,61,346.119883
-1.0,100,347.468075
-1.0,100,347.85542
-1.0,100,349.301749
-1.0,100,350.66757
-1.0,100,352.003374
-1.0,100,353.352651
-1.0,100,353.754409
-1.0,100,355.127378
-1.0,100,356.446022
-1.0,100,357.785228
-1.0,100,358.18837
-1.0,100,359.591323
-1.0,100,361.017845
-1.0,100,362.331708
-1.0,100,363.696194
-1.0,100,364.086375
-1.0,100,365.469735
1.0,47,366.785062
-1.0,100,367.188121
-1.0,100,368.578796
-1.0,100,369.952153
-1.0,100,371.339939
-1.0,100,371.738544
-1.0,100,373.092766
-1.0,100,374.397673
-1.0,100,375.738393
-1.0,100,377.083649
1.0,15,377.139996
-1.0,100,377.531681
1.0,32,378.652246
-1.0,100,379.036239
-1.0,100,380.358325
-1.0,100,381.672176
-1.0,100,382.992226
-1.0,100,384.29337
1.0,35,384.439805
-1.0,100,385.784826
-1.0,100,386.1649
-1.0,100,387.586241
-1.0,100,388.951527
1.0,23,389.04514
-1.0,100,390.47479
-1.0,100,391.793073
-1.0,100,393.191969
-1.0,100,393.596779
1.0,49,394.709101
1.0,11,394.754806
1.0,53,394.96575
-1.0,100,396.371215
-1.0,100,397.748748
-1.0,100,399.084095
-1.0,100,399.489138
-1.0,100,400.860319
1.0,16,400.92453
1.0,96,402.25122
-1.0,100,403.63794
-1.0,100,405.019362
-1.0,100,405.427526
-1.0,100,406.751573
-1.0,100,408.087715
-1.0,100,409.431929
-1.0,100,409.827847
-1.0,100,411.169239
-1.0,100,412.531597
-1.0,100,413.846925
-1.0,100,415.14324
-1.0,100,415.537043
-1.0,100,416.862051
-1.0,100,418.180126
-1.0,100,419.569601
-1.0,100,419.968518
-1.0,100,421.337326
-1.0,100,422.702975
-1.0,100,424.13061
-1.0,100,425.438289
-1.0,100,425.827599
-1.0,100,427.250102
-1.0,100,428.609246
-1.0,100,429.95608
-1.0,100,431.401961
1.0,56,431.6365
1.0,83,432.909627
-1.0,100,433.301132
-1.0,100,434.665298
-1.0,100,436.015215
-1.0,100,437.40481
-1.0,100,438.858336
-1.0,100,439.254162
-1.0,100,440.631238
-1.0,100,442.036476
-1.0,100,443.403615
-1.0,100,443.814392
1.0,49,445.026467
-1.0,100,446.348022
-1.0,100,446.735313
-1.0,100,448.113868
1.0,40,448.266768
-1.0,100,449.650017
-1.0,100,450.995797
-1.0,100,452.363503
-1.0,100,453.724334
-1.0,100,454.122529
-1.0,100,455.470961
-1.0,100,456.826706
-1.0,100,458.194155
-1.0,100,458.569983
-1.0,100,459.90386
-1.0,100,461.235041
-1.0,100,462.621204
-1.0,100,463.971362
-1.0,100,464.353115
-1.0,100,465.685343
-1.0,100,467.029349
1.0,16,467.093326
-1.0,100,468.498166
-1.0,100,469.895634
-1.0,100,470.279518
-1.0,100,471.612188
1.0,17,471.684471
-1.0,100,473.010601
-1.0,100,474.348646
-1.0,100,475.716281
-1.0,100,476.110025
1.0,36,477.177186
-1.0,100,478.583405
-1.0,100,478.97509
-1.0,100,480.395095
-1.0,100,481.809111
-1.0,100,483.197571
-1.0,100,483.586053
-1.0,100,484.921834
1.0,66,486.176318
-1.0,100,487.508362
-1.0,100,487.881696
1.0,27,488.95579
1.0,5,488.978637
-1.0,100,489.368201
-1.0,100,490.695937
-1.0,100,492.103483
-1.0,100,493.476965
-1.0,100,493.861336
-1.0,100,495.281464
-1.0,100,496.587963
-1.0,100,497.942121
-1.0,100,499.253757
-1.0,100,499.64264
-1.0,100,500.975247
-1.0,100,502.355116
-1.0,100,503.684583
1.0,98,504.043525
-1.0,100,505.436018
-1.0,100,506.720416
-1.0,100,508.111298
-1.0,100,509.498397
-1.0,100,509.891779
1.0,65,511.112932
1.0,44,511.295606
1.0,15,511.355835
-1.0,100,512.682425
-1.0,100,514.010914
-1.0,100,515.409883
-1.0,100,515.802128
-1.0,100,517.182556
-1.0,100,518.534578
-1.0,100,519.934794
-1.0,100,521.297882
-1.0,100,521.685708
-1.0,100,523.079426
-1.0,100,524.46062
-1.0,100,525.76606
-1.0,100,526.144522
1.0,33,527.208927
-1.0,100,528.576395
-1.0,100,528.959521
-1.0,100,530.270432
-1.0,100,531.5557
-1.0,100,532.909556
-1.0,100,533.290787
-1.0,100,534.694572
-1.0,100,536.088911
-1.0,100,537.508168
-1.0,100,538.803616
-1.0,100,539.182531
-1.0,100,540.496078
-1.0,100,541.857607
-1.0,100,543.307035
-1.0,100,543.699613
-1.0,100,545.023563
-1.0,100,546.360049
-1.0,100,547.721016
-1.0,100,549.076595
-1.0,100,549.458376
-1.0,100,550.755306
-1.0,100,552.082905
-1.0,100,553.416485
-1.0,100,554.759306
-1.0,100,555.147378
-1.0,100,556.539103
-1.0,100,557.92648
-1.0,100,559.342102
-1.0,100,559.751281
-1.0,100,561.071555
-1.0,100,562.3964
-1.0,100,563.771817
-1.0,100,565.156047
-1.0,100,565.537717
-1.0,100,566.868936
-1.0,100,568.258919
-1.0,100,569.620923
-1.0,100,570.006961
-1.0,100,571.393954
-1.0,100,572.717927
-1.0,100,574.062935
-1.0,100,575.388526
-1.0,100,575.784522
-1.0,100,577.275119
1.0,12,577.328279
-1.0,100,578.87391
-1.0,100,580.171368
1.0,83,580.505426
-1.0,100,581.888392
-1.0,100,583.186527
-1.0,100,584.518372
-1.0,100,585.918584
-1.0,100,586.294072
-1.0,100,587.756071
-1.0,100,589.221705
-1.0,100,590.580801
-1.0,100,590.978121
-1.0,100,592.342194
-1.0,100,593.725276
-1.0,100,595.062622
-1.0,100,596.392607
-1.0,100,596.813614
-1.0,100,598.157299
1.0,47,599.361876
-1.0,100,599.731566
-1.0,100,601.056099
-1.0,100,602.381841
-1.0,100,603.769895
-1.0,100,604.175402
-1.0,100,605.475707
-1.0,100,606.915372
-1.0,100,608.218074
-1.0,100,609.506532
1.0,38,609.652617
-1.0,100,610.977628
-1.0,100,611.3582
-1.0,100,612.719456
-1.0,100,614.059302
-1.0,100,615.39526
-1.0,100,616.857295
-1.0,100,617.235789
1.0,99,618.590625
-1.0,100,619.917181
-1.0,100,621.256272
1.0,64,621.495917
-1.0,100,622.882869
-1.0,100,624.241183
-1.0,100,624.616655
1.0,32,625.748131
-1.0,100,627.048616
-1.0,100,627.42374
1.0,10,627.460364
-1.0,100,628.812475
-1.0,100,630.133883
-1.0,100,631.486109
-1.0,100,632.82759
-1.0,100,633.209836
-1.0,100,634.554058
-1.0,100,635.875918
-1.0,100,637.263878
-1.0,100,637.677373
-1.0,100,639.015626
-1.0,100,640.426444
1.0,18,640.498983
-1.0,100,641.837776
1.0,68,642.102356
-1.0,100,643.422362
-1.0,100,644.837153
-1.0,100,646.15518
-1.0,100,647.535994
-1.0,100,647.908312
-1.0,100,649.187407
-1.0,100,650.596515
-1.0,100,651.937703
-1.0,100,652.324097
-1.0,100,653.761272
-1.0,100,655.102393
-1.0,100,656.457617
1.0,33,656.584923
-1.0,100,657.931695
-1.0,100,659.336913
-1.0,100,659.735871
-1.0,100,661.110784
-1.0,100,662.501106
-1.0,100,663.871579
-1.0,100,665.347697
-1.0,100,665.75085
-1.0,100,667.136318
-1.0,100,668.422572
-1.0,100,669.830243
-1.0,100,670.224634
-1.0,100,671.607397
-1.0,100,672.969705
1.0,74,674.202904
-1.0,100,674.607702
-1.0,100,675.972441
-1.0,100,677.330058
1.0,69,677.579584
-1.0,100,678.952503
-1.0,100,680.326114
1.0,44,680.492558
-1.0,100,681.861873
-1.0,100,683.13808
-1.0,100,684.491084
-1.0,100,684.881362
-1.0,100,686.202745
1.0,17,686.265532
-1.0,100,687.609198
-1.0,100,688.934116
-1.0,100,690.235976
-1.0,100,691.586103
1.0,17,691.659903
-1.0,100,692.050183
-1.0,100,693.417611
-1.0,100,694.804868
-1.0,100,696.155569
-1.0,100,697.541553
-1.0,100,697.922886
-1.0,100,699.242849
-1.0,100,700.572483
-1.0,100,701.921536
-1.0,100,702.301536
-1.0,100,703.648627
-1.0,100,704.945997
-1.0,100,706.306679
-1.0,100,707.613389
-1.0,100,707.978765
-1.0,100,709.388553
-1.0,100,710.689753
-1.0,100,712.061773
-1.0,100,713.349505
-1.0,100,713.718505
-1.0,100,715.065838
-1.0,100,716.480494
-1.0,100,717.852523
-1.0,100,718.243683
-1.0,100,719.673967
-1.0,100,721.115368
-1.0,100,722.495955
-1.0,100,723.836719
-1.0,100,724.218995
-1.0,100,725.563441
-1.0,100,726.968918
-1.0,100,728.297316
-1.0,100,728.677039
-1.0,100,729.98582
-1.0,100,731.329663
-1.0,100,732.755491
-1.0,100,734.065872
-1.0,100,734.456192
-1.0,100,735.799719
-1.0,100,737.132939
-1.0,100,738.5313
-1.0,100,738.916489
-1.0,100,740.293777
-1.0,100,741.622658
-1.0,100,742.950259
-1.0,100,744.307492
-1.0,100,744.709707
-1.0,100,746.052284
-1.0,100,747.411645
-1.0,100,748.704287
1.0,13,748.756745
-1.0,100,750.149588
-1.0,100,750.540699
-1.0,100,751.994271
-1.0,100,753.374152
-1.0,100,754.725312
-1.0,100,756.110757
1.0,19,756.189866
-1.0,100,756.575114
-1.0,100,757.949781
-1.0,100,759.375185
-1.0,100,760.720215
-1.0,100,762.036712
-1.0,100,762.419721
-1.0,100,763.740263
-1.0,100,765.146787
-1.0,100,766.46526
1.0,38,766.612684
-1.0,100,767.941371
-1.0,100,769.362566
-1.0,100,769.742149
1.0,27,770.802474
-1.0,100,771.186534
-1.0,100,772.558374
-1.0,100,773.845623
-1.0,100,775.122443
-1.0,100,775.499933
-1.0,100,776.808949
-1.0,100,778.142653
-1.0,100,779.484608
1.0,80,779.793339
-1.0,100,781.12741
-1.0,100,782.510796
1.0,12,782.562467
-1.0,100,783.97638
-1.0,100,785.323381
-1.0,100,785.697429
-1.0,100,787.10306
-1.0,100,788.478162
-1.0,100,789.855389
-1.0,100,791.246259
-1.0,100,791.632511
-1.0,100,792.973772
-1.0,100,794.282937
-1.0,100,795.642385
1.0,29,795.748308
-1.0,100,797.086851
-1.0,100,797.475437
-1.0,100,798.864157
-1.0,100,800.274051
-1.0,100,801.621294
-1.0,100,802.935163
-1.0,100,803.326111
-1.0,100,804.718784
-1.0,100,806.204101
-1.0,100,807.618754
-1.0,100,808.006242
-1.0,100,809.329109
-1.0,100,810.727315
-1.0,100,812.068448
-1.0,100,813.417841
-1.0,100,813.804448
-1.0,100,815.105102
-1.0,100,816.440509
-1.0,100,817.706296
-1.0,100,819.122253
-1.0,100,819.523264
-1.0,100,820.860181
-1.0,100,822.173334
-1.0,100,823.54379
-1.0,100,823.918217
-1.0,100,825.234344
-1.0,100,826.599362
-1.0,100,827.91813
1.0,10,827.959809
-1.0,100,829.299651
-1.0,100,829.697981
-1.0,100,831.022692
-1.0,100,832.382176
-1.0,100,833.713605
-1.0,100,835.062217
-1.0,100,835.449677
-1.0,100,836.781264
-1.0,100,838.135267
-1.0,100,839.450364
-1.0,100,839.867328
-1.0,100,841.202456
-1.0,100,842.529441
-1.0,100,843.934246
-1.0,100,845.31318
-1.0,100,845.691442
-1.0,100,847.133508
-1.0,100,848.453152
-1.0,100,849.76782
-1.0,100,850.134819
-1.0,100,851.422638
1.0,11,851.463977
-1.0,100,852.777582
-1.0,100,854.072553
-1.0,100,855.401575
-1.0,100,855.789876
-1.0,100,857.128948
-1.0,100,858.454341
-1.0,100,859.784731
-1.0,100,861.078584
-1.0,100,861.47529
-1.0,100,862.865777
-1.0,100,864.202753
1.0,85,865.44887
-1.0,100,865.8245
-1.0,100,867.15309
-1.0,100,868.473274
-1.0,100,869.994794
-1.0,100,871.365077
-1.0,100,871.772094
-1.0,100,873.064218
1.0,38,873.209074
-1.0,100,874.552981
-1.0,100,875.870782
-1.0,100,877.211287
-1.0,100,877.595056
-1.0,100,878.966891
-1.0,100,880.29079
-1.0,100,881.641974
-1.0,100,882.977026
-1.0,100,883.39127
1.0,21,884.47993
-1.0,100,884.904113
-1.0,100,886.258885
-1.0,100,887.666434
-1.0,100,889.041023
-1.0,100,889.441424
-1.0,100,890.89691
-1.0,100,892.292399
1.0,39,892.451393
-1.0,100,893.94954
-1.0,100,895.333948
-1.0,100,896.674079
-1.0,100,897.096795
-1.0,100,898.406886
1.0,69,899.624032
-1.0,100,900.969803
-1.0,100,901.361614
-1.0,100,902.671464
-1.0,100,904.078125
1.0,18,904.148737
-1.0,100,905.460849
-1.0,100,906.808357
-1.0,100,907.219156
-1.0,100,908.588389
-1.0,100,909.955838
1.0,14,910.020036
-1.0,100,911.360907
-1.0,100,912.774952
-1.0,100,913.183053
-1.0,100,914.605992
-1.0,100,915.986734
-1.0,100,917.409585
-1.0,100,918.779608
-1.0,100,919.182793
-1.0,100,920.543925
-1.0,100,921.917931
-1.0,100,923.26956
-1.0,100,923.675467
-1.0,100,925.038739
-1.0,100,926.395953
-1.0,100,927.773046
-1.0,100,929.122895
-1.0,100,929.514072
-1.0,100,930.894883
-1.0,100,932.227856
-1.0,100,933.525404
-1.0,100,933.917938
-1.0,100,935.338725
-1.0,100,936.643244
-1.0,100,938.06315
-1.0,100,939.391363
-1.0,100,939.777105
-1.0,100,941.116064
-1.0,100,942.416466
-1.0,100,943.763072
-1.0,100,945.148774
1.0,16,945.211158
-1.0,100,945.6164
-1.0,100,946.978246
-1.0,100,948.342041
-1.0,100,949.716417
-1.0,100,951.103829
-1.0,100,951.495572
-1.0,100,952.880443
-1.0,100,954.326706
-1.0,100,955.656479
-1.0,100,956.059185
-1.0,100,957.407415
-1.0,100,958.74883
-1.0,100,960.166363
-1.0,100,961.518631
-1.0,100,961.92011
-1.0,100,963.271727
-1.0,100,964.694671
-1.0,100,966.134337
-1.0,100,966.547735
-1.0,100,967.891839
-1.0,100,969.245389
-1.0,100,970.633793
-1.0,100,971.949736
-1.0,100,972.343542
-1.0,100,973.834126
-1.0,100,975.211074
-1.0,100,976.606322
-1.0,100,977.936922
-1.0,100,978.342419
-1.0,100,979.69904
-1.0,100,981.033215
-1.0,100,982.419298
-1.0,100,982.820497
1.0,23,983.860211
-1.0,100,984.249308
1.0,20,985.327444
-1.0,100,985.729429
-1.0,100,987.141533
-1.0,100,988.52071
-1.0,100,989.925064
-1.0,100,990.324604
-1.0,100,991.703973
-1.0,100,993.017468
-1.0,100,994.334023
-1.0,100,995.720341
-1.0,100,996.097314
-1.0,100,997.47409
-1.0,100,998.792187
-1.0,100,1000.128059
1.0,74,1000.418628
1.0,50,1001.520924
-1.0,100,1001.883062
-1.0,100,1003.216081
-1.0,100,1004.574983
-1.0,100,1005.901703
-1.0,100,1007.321086
-1.0,100,1007.713652
-1.0,100,1009.054366
-1.0,100,1010.409508
-1.0,100,1011.769118
-1.0,100,1012.157415
-1.0,100,1013.516257
1.0,26,1013.617909
-1.0,100,1014.942746
-1.0,100,1016.271833
-1.0,100,1017.723504
-1.0,100,1019.08839
-1.0,100,1019.493179
-1.0,100,1020.837539
-1.0,100,1022.16626
-1.0,100,1023.467502
1.0,15,1023.526933
-1.0,100,1024.876405
-1.0,100,1025.269666
-1.0,100,1026.65132
-1.0,100,1027.992386
-1.0,100,1029.342654
-1.0,100,1030.670878
-1.0,100,1031.057171
-1.0,100,1032.443798
-1.0,100,1033.838334
-1.0,100,1035.164438
-1.0,100,1035.548683
-1.0,100,1036.895571
-1.0,100,1038.273796
-1.0,100,1039.654445
1.0,58,1039.885139
-1.0,100,1041.236593
-1.0,100,1042.599917
-1.0,100,1043.958677
-1.0,100,1044.346429
-1.0,100,1045.658777
-1.0,100,1047.039787
-1.0,100,1048.379545
-1.0,100,1048.766535
-1.0,100,1050.221939
-1.0,100,1051.557034
-1.0,100,1052.918789
-1.0,100,1054.303269
-1.0,100,1054.709402
-1.0,100,1056.121953
-1.0,100,1057.455242
-1.0,100,1058.837443
-1.0,100,1059.225871
-1.0,100,1060.534791
-1.0,100,1061.972128
-1.0,100,1063.350034
-1.0,100,1064.697751
-1.0,100,1065.103145
-1.0,100,1066.468327
-1.0,100,1067.831564
-1.0,100,1069.198429
-1.0,100,1070.526353
-1.0,100,1070.919641
-1.0,100,1072.224346
-1.0,100,1073.531823
-1.0,100,1074.846925
-1.0,100,1075.219281
-1.0,100,1076.527566
-1.0,100,1077.928679
-1.0,100,1079.365308
-1.0,100,1080.715622
-1.0,100,1081.142434
-1.0,100,1082.511634
-1.0,100,1083.854281
-1.0,100,1085.251602
-1.0,100,1085.645217
1.0,8,1086.660166
-1.0,100,1087.045899
-1.0,100,1088.494824
-1.0,100,1089.780651
-1.0,100,1091.116628
-1.0,100,1091.52273
-1.0,100,1092.997441
-1.0,100,1094.312281
-1.0,100,1095.703543
1.0,75,1096.003678
-1.0,100,1097.32046
-1.0,100,1098.677114
-1.0,100,1100.052704
-1.0,100,1100.446432
-1.0,100,1101.82769
-1.0,100,1103.235371
-1.0,100,1104.605973
-1.0,100,1105.947866
-1.0,100,1106.383531
-1.0,100,1107.791161
-1.0,100,1109.111861
1.0,6,1109.136046
-1.0,100,1110.486066
-1.0,100,1111.888489
-1.0,100,1112.287162
-1.0,100,1113.643944
-1.0,100,1115.048439
-1.0,100,1116.447234
-1.0,100,1116.852723
-1.0,100,1118.202
-1.0,100,1119.628345
-1.0,100,1120.984509
-1.0,100,1122.34221
-1.0,100,1122.743555
-1.0,100,1124.078503
-1.0,100,1125.518915
-1.0,100,1126.99235
-1.0,100,1127.393975
-1.0,100,1128.809778
-1.0,100,1130.212101
-1.0,100,1131.526499
-1.0,100,1132.894074
-1.0,100,1133.289507
-1.0,100,1134.66438
-1.0,100,1136.045651
-1.0,100,1137.469863
1.0,38,1137.615149
1.0,13,1137.667153
-1.0,100,1139.015923
-1.0,100,1140.363673
-1.0,100,1140.765918
-1.0,100,1142.118844
-1.0,100,1143.466078
-1.0,100,1144.872741
-1.0,100,1146.254398
-1.0,100,1146.649873
-1.0,100,1147.977239
1.0,37,1148.125466
-1.0,100,1149.54121
-1.0,100,1150.962127
-1.0,100,1152.304911
-1.0,100,1153.651006
-1.0,100,1154.043486
-1.0,100,1155.434346
-1.0,100,1156.73197
-1.0,100,1158.085929
-1.0,100,1158.487365
-1.0,100,1159.912385
-1.0,100,1161.279735
-1.0,100,1162.655248
-1.0,100,1163.974954
1.0,94,1164.36942
-1.0,100,1165.841034
-1.0,100,1167.209161
-1.0,100,1168.585069
-1.0,100,1168.985691
1.0,69,1170.212868
1.0,85,1171.651593
-1.0,100,1172.056326
-1.0,100,1173.402222
1.0,82,1174.682818
-1.0,100,1175.996773
-1.0,100,1176.42521
-1.0,100,1177.81334
-1.0,100,1179.208284
-1.0,100,1180.565521
-1.0,100,1181.919585
-1.0,100,1182.314707
-1.0,100,1183.670197
-1.0,100,1184.992911
1.0,69,1185.26715
-1.0,100,1186.668826
-1.0,100,1188.011064
-1.0,100,1189.390704
-1.0,100,1190.722931
-1.0,100,1191.114038
-1.0,100,1192.649584
-1.0,100,1194.004566
-1.0,100,1195.32948
-1.0,100,1195.737589
-1.0,100,1197.068433
-1.0,100,1198.399377
-1.0,100,1199.783125
-1.0,100,1201.18696
-1.0,100,1201.575279
-1.0,100,1202.924207
-1.0,100,1204.392223
-1.0,100,1205.710402
-1.0,100,1207.054049
-1.0,100,1207.46752
-1.0,100,1208.916483
-1.0,100,1210.275428
-1.0,100,1211.658946
-1.0,100,1212.058567
-1.0,100,1213.473948
-1.0,100,1214.81274
-1.0,100,1216.187876
-1.0,100,1217.517823
-1.0,100,1217.904901
-1.0,100,1219.268013
-1.0,100,1220.613952
-1.0,100,1222.006679
-1.0,100,1222.408776
-1.0,100,1223.812798
-1.0,100,1225.174299
-1.0,100,1226.561623
-1.0,100,1228.045112
-1.0,100,1228.416378
-1.0,100,1229.813185
-1.0,100,1231.177797
-1.0,100,1232.60628
1.0,61,1232.836535
-1.0,100,1234.21432
-1.0,100,1235.546906
-1.0,100,1236.930622
-1.0,100,1237.3308
-1.0,100,1238.769725
-1.0,100,1240.156007
-1.0,100,1241.519546
-1.0,100,1241.912435
-1.0,100,1243.316848
-1.0,100,1244.760102
-1.0,100,1246.176416
-1.0,100,1247.594043
-1.0,100,1247.992212
-1.0,100,1249.322623
-1.0,100,1250.650214
-1.0,100,1251.964454
-1.0,100,1252.338513
-1.0,100,1253.681618
-1.0,100,1255.059049
-1.0,100,1256.370072
-1.0,100,1257.734015
-1.0,100,1258.134715
-1.0,100,1259.526155
-1.0,100,1260.842364
-1.0,100,1262.244861
-1.0,100,1262.654261
-1.0,100,1264.123873
-1.0,100,1265.484814
-1.0,100,1266.836196
-1.0,100,1268.213845
-1.0,100,1268.62272
-1.0,100,1270.010561
-1.0,100,1271.342236
-1.0,100,1272.70502
-1.0,100,1274.092608
-1.0,100,1274.4973
-1.0,100,1275.839124
-1.0,100,1277.265214
-1.0,100,1278.773491
-1.0,100,1279.170942
-1.0,100,1280.529731
-1.0,100,1281.862555
-1.0,100,1283.267613
-1.0,100,1284.68945
-1.0,100,1285.110057
-1.0,100,1286.461368
-1.0,100,1287.823876
-1.0,100,1289.198878
-1.0,100,1289.598985
-1.0,100,1290.931848
-1.0,100,1292.333543
-1.0,100,1293.73174
1.0,26,1293.836008
-1.0,100,1295.245412
-1.0,100,1296.622747
1.0,71,1296.915219
-1.0,100,1298.264269
-1.0,100,1299.672877
1.0,76,1299.978375
-1.0,100,1301.35525
-1.0,100,1302.71116
-1.0,100,1304.050716
-1.0,100,1304.446239
-1.0,100,1305.769155
-1.0,100,1307.230173
-1.0,100,1308.606852
-1.0,100,1309.945184
-1.0,100,1310.344107
-1.0,100,1311.715952
-1.0,100,1313.062306
-1.0,100,1314.451085
-1.0,100,1314.873296
-1.0,100,1316.268712
-1.0,100,1317.598734
-1.0,100,1318.928812
-1.0,100,1320.295636
-1.0,100,1320.68337
-1.0,100,1322.164869
-1.0,100,1323.479146
-1.0,100,1324.840452
-1.0,100,1325.254179
-1.0,100,1326.631561
-1.0,100,1328.023935
1.0,100,1329.345467
-1.0,100,1330.788162
1.0,15,1330.850456
-1.0,100,1331.235358
-1.0,100,1332.569886
-1.0,100,1333.933345
-1.0,100,1335.350797
-1.0,100,1336.843357
-1.0,100,1337.241842
-1.0,100,1338.623083
1.0,31,1338.754995
-1.0,100,1340.101875
1.0,36,1340.243418
-1.0,100,1341.60805
-1.0,100,1342.912673
-1.0,100,1344.260386
1.0,48,1344.449755
1.0,86,1345.8348
-1.0,100,1347.178866
-1.0,100,1347.563137
-1.0,100,1348.947103
-1.0,100,1350.302605
-1.0,100,1351.670754
-1.0,100,1353.062935
-1.0,100,1353.439102
-1.0,100,1354.812684
-1.0,100,1356.23379
-1.0,100,1357.56267
-1.0,100,1357.947642
-1.0,100,1359.319875
-1.0,100,1360.700268
1.0,55,1360.949642
-1.0,100,1362.288017
-1.0,100,1363.67615
-1.0,100,1365.002803
1.0,81,1365.313174
-1.0,100,1366.704701
-1.0,100,1368.057735
-1.0,100,1369.450112
1.0,22,1369.537061
-1.0,100,1370.936564
-1.0,100,1372.335913
-1.0,100,1372.741087
-1.0,100,1374.154542
-1.0,100,1375.493019
-1.0,100,1376.839285
-1.0,100,1377.232238
-1.0,100,1378.575178
-1.0,100,1379.93648
-1.0,100,1381.318497
-1.0,100,1382.863395
-1.0,100,1383.270143
-1.0,100,1384.679833
-1.0,100,1386.147669
-1.0,100,1387.547102
-1.0,100,1387.982595
-1.0,100,1389.300181
-1.0,100,1390.671609
-1.0,100,1392.192477
-1.0,100,1393.582808
-1.0,100,1393.981999
-1.0,100,1395.291154
-1.0,100,1396.677696
-1.0,100,1398.061603
-1.0,100,1398.449033
-1.0,100,1399.798836
-1.0,100,1401.133888
-1.0,100,1402.489294
-1.0,100,1403.796985
-1.0,100,1404.202423
-1.0,100,1405.62197
-1.0,100,1406.996883
-1.0,100,1408.375158
-1.0,100,1409.687
-1.0,100,1410.081639
-1.0,100,1411.445851
-1.0,100,1412.770453
-1.0,100,1414.072956
1.0,47,1414.262841
-1.0,100,1415.637503
-1.0,100,1416.953105
-1.0,100,1417.334846
-1.0,100,1418.711319
1.0,82,1420.016302
-1.0,100,1421.366635
-1.0,100,1421.786863
-1.0,100,1423.112938
-1.0,100,1424.460668
-1.0,100,1425.812862
-1.0,100,1426.230271
-1.0,100,1427.612315
-1.0,100,1429.024803
1.0,31,1429.15575
-1.0,100,1430.549319
-1.0,100,1431.897777
-1.0,100,1433.258545
-1.0,100,1433.657559
-1.0,100,1435.020836
-1.0,100,1436.318284
-1.0,100,1437.67269
1.0,58,1437.896534
1.0,53,1439.06915
-1.0,100,1439.468335
-1.0,100,1440.897752
-1.0,100,1442.323596
-1.0,100,1443.673322
-1.0,100,1445.038359
-1.0,100,1445.450185
-1.0,100,1446.796737
-1.0,100,1448.21198
1.0,31,1448.342268
-1.0,100,1449.781466
-1.0,100,1451.099177
-1.0,100,1451.494211
-1.0,100,1452.883914
-1.0,100,1454.199055
-1.0,100,1455.613003
-1.0,100,1456.934978
-1.0,100,1457.335605
-1.0,100,1458.70268
1.0,62,1459.977061
-1.0,100,1460.37921
-1.0,100,1461.747404
-1.0,100,1463.100495
-1.0,100,1464.443493
-1.0,100,1465.819647
-1.0,100,1466.202865
-1.0,100,1467.581701
-1.0,100,1468.86983
-1.0,100,1470.233788
-1.0,100,1470.620495
-1.0,100,1471.983021
-1.0,100,1473.363016
-1.0,100,1474.705569
-1.0,100,1476.00914
-1.0,100,1476.403134
-1.0,100,1477.819938
-1.0,100,1479.192868
-1.0,100,1480.613039
-1.0,100,1481.035762
-1.0,100,1482.478125
-1.0,100,1483.854735
-1.0,100,1485.269331
-1.0,100,1486.610012
-1.0,100,1487.033122
-1.0,100,1488.349376
-1.0,100,1489.736783
-1.0,100,1491.05595
-1.0,100,1491.47732
1.0,100,1492.835758
1.0,54,1494.03133
-1.0,100,1494.45655
-1.0,100,1495.784429
-1.0,100,1497.228678
-1.0,100,1498.581294
-1.0,100,1499.930693
-1.0,100,1500.323638
-1.0,100,1501.641622
-1.0,100,1503.021381
-1.0,100,1504.407145
1.0,27,1504.516674
-1.0,100,1505.927068
-1.0,100,1506.326258
1.0,15,1507.314437
-1.0,100,1507.709173
1.0,66,1508.994509
-1.0,100,1510.350546
-1.0,100,1510.756429
-1.0,100,1512.1229
1.0,22,1512.213979
-1.0,100,1513.636721
-1.0,100,1515.002414
-1.0,100,1516.413144
-1.0,100,1517.750932
-1.0,100,1518.131616
1.0,59,1519.347541
1.0,12,1519.399299
1.0,51,1519.596272
-1.0,100,1520.949423
-1.0,100,1522.286188
-1.0,100,1523.667269
-1.0,100,1524.069159
-1.0,100,1525.485345
1.0,11,1525.528972
1.0,27,1525.625514
1.0,23,1526.747352
-1.0,100,1527.147239
-1.0,100,1528.52005
1.0,100,1529.940762
-1.0,100,1531.331208
-1.0,100,1532.748321
-1.0,100,1533.160353
-1.0,100,1534.486712
-1.0,100,1535.90699
-1.0,100,1537.290085
-1.0,100,1537.701303
1.0,9,1538.686025
-1.0,100,1539.088921
-1.0,100,1540.491318
-1.0,100,1541.841569
-1.0,100,1543.187775
-1.0,100,1543.630103
-1.0,100,1545.032728
-1.0,100,1546.449111
1.0,72,1547.686225
1.0,42,1547.852616
-1.0,100,1549.221525
-1.0,100,1549.628272
-1.0,100,1551.053749
1.0,21,1551.145924
-1.0,100,1552.498915
-1.0,100,1553.994396
1.0,59,1554.236592
-1.0,100,1555.736743
-1.0,100,1557.130393
-1.0,100,1558.549052
-1.0,100,1559.935722
1.0,21,1560.018689
1.0,27,1560.129943
-1.0,100,1561.543008
-1.0,100,1563.006362
-1.0,100,1563.445167
-1.0,100,1564.775861
-1.0,100,1566.122808
-1.0,100,1567.443175
-1.0,100,1567.870718
-1.0,100,1569.308682
-1.0,100,1570.659449
-1.0,100,1572.022856
-1.0,100,1573.400368
-1.0,100,1573.789233
-1.0,100,1575.153462
-1.0,100,1576.547844
1.0,86,1577.972585
-1.0,100,1578.371074
1.0,32,1579.515532
-1.0,100,1579.919577
1.0,60,1581.057554
-1.0,100,1582.505664
-1.0,100,1582.933314
-1.0,100,1584.284693
1.0,64,1585.462334
-1.0,100,1585.847428
-1.0,100,1587.161453
-1.0,100,1588.534485
-1.0,100,1589.848388
1.0,49,1590.039951
-1.0,100,1591.392126
-1.0,100,1592.717179
-1.0,100,1594.036225
-1.0,100,1594.436438
-1.0,100,1595.806358
-1.0,100,1597.186854
-1.0,100,1598.564974
1.0,25,1598.674564
1.0,36,1598.82016
-1.0,100,1600.153927
-1.0,100,1601.583541
-1.0,100,1602.008329
-1.0,100,1603.324737
-1.0,100,1604.72485
-1.0,100,1606.110466
-1.0,100,1607.403208
-1.0,100,1607.810036
1.0,71,1609.087383
-1.0,100,1610.515427
-1.0,100,1610.937503
-1.0,100,1612.284872
-1.0,100,1613.699051
-1.0,100,1615.040376
-1.0,100,1616.503617
-1.0,100,1616.92342
-1.0,100,1618.307903
-1.0,100,1619.64164
-1.0,100,1621.038489
-1.0,100,1622.43392
-1.0,100,1622.82095
-1.0,100,1624.281301
-1.0,100,1625.700928
-1.0,100,1627.031469
-1.0,100,1627.438745
-1.0,100,1628.780893
-1.0,100,1630.190118
-1.0,100,1631.535532
-1.0,100,1633.026393
-1.0,100,1633.436484
-1.0,100,1634.812716
-1.0,100,1636.221877
-1.0,100,1637.639189
-1.0,100,1638.043849
1.0,75,1639.285013
-1.0,100,1640.647936
-1.0,100,1642.047832
1.0,30,1642.173198
-1.0,100,1643.526687
-1.0,100,1643.922362
-1.0,100,1645.300748
-1.0,100,1646.773112
-1.0,100,1648.140409
-1.0,100,1649.583433
-1.0,100,1650.014212
-1.0,100,1651.433192
-1.0,100,1652.782501
-1.0,100,1654.225173
-1.0,100,1654.618877
1.0,6,1654.647091
-1.0,100,1656.061583
-1.0,100,1657.41778
-1.0,100,1658.890233
-1.0,100,1660.351123
1.0,6,1660.376578
1.0,44,1660.555323
-1.0,100,1661.940857
-1.0,100,1663.27159
-1.0,100,1663.685514
-1.0,100,1665.020243
-1.0,100,1666.462848
-1.0,100,1667.840219
1.0,79,1668.163627
-1.0,100,1669.556866
-1.0,100,1670.855896
1.0,56,1671.083867
-1.0,100,1672.430299
-1.0,100,1673.839458
-1.0,100,1675.297209
-1.0,100,1675.692291
-1.0,100,1677.089639
-1.0,100,1678.472678
-1.0,100,1679.838291
1.0,81,1680.172345
-1.0,100,1681.501019
-1.0,100,1682.856714
-1.0,100,1684.226294
-1.0,100,1685.612836
-1.0,100,1686.008748
-1.0,100,1687.375432
1.0,10,1687.415498
-1.0,100,1688.820637
-1.0,100,1690.171458
-1.0,100,1691.512764
1.0,68,1691.790631
1.0,29,1691.917589
1.0,54,1693.133187
-1.0,100,1693.554058
-1.0,100,1694.927991
1.0,34,1696.074928
-1.0,100,1696.501188
-1.0,100,1697.855708
-1.0,100,1699.193805
-1.0,100,1700.650279
-1.0,100,1701.071739
-1.0,100,1702.497516
-1.0,100,1703.862135
-1.0,100,1705.213581
-1.0,100,1706.588768
-1.0,100,1707.010448
-1.0,100,1708.399722
1.0,9,1708.438742
-1.0,100,1709.788266
-1.0,100,1711.199774
-1.0,100,1712.63379
-1.0,100,1713.068047
1.0,86,1714.515763
-1.0,100,1715.961336
1.0,47,1716.161543
1.0,67,1717.442344
-1.0,100,1717.845138
1.0,82,1719.152142
-1.0,100,1720.51644
-1.0,100,1721.98061
1.0,95,1722.364686
-1.0,100,1723.723517
-1.0,100,1725.115812
-1.0,100,1726.491907
-1.0,100,1727.971749
1.0,31,1728.101604
1.0,90,1728.447236
1.0,18,1729.491801
-1.0,100,1729.887499
-1.0,100,1731.304793
-1.0,100,1732.69462
-1.0,100,1734.096292
-1.0,100,1735.503983
-1.0,100,1735.904625
-1.0,100,1737.214133
-1.0,100,1738.526634
-1.0,100,1739.92118
-1.0,100,1740.308173
-1.0,100,1741.706773
-1.0,100,1743.048015
-1.0,100,1744.505206
-1.0,100,1745.861031
-1.0,100,1746.254825
-1.0,100,1747.587407
1.0,9,1747.623177
-1.0,100,1749.006683
-1.0,100,1750.40573
-1.0,100,1751.776491
-1.0,100,1752.191474
-1.0,100,1753.553589
-1.0,100,1754.89782
-1.0,100,1756.237648
-1.0,100,1756.643642
-1.0,100,1758.011313
-1.0,100,1759.342436
-1.0,100,1760.72533
-1.0,100,1762.071461
-1.0,100,1762.448432
-1.0,100,1763.779886
-1.0,100,1765.114747
1.0,22,1765.21008
1.0,87,1766.51551
-1.0,100,1767.913149
-1.0,100,1768.331018
-1.0,100,1769.713456
-1.0,100,1771.1066
-1.0,100,1772.455682
-1.0,100,1772.881337
-1.0,100,1774.220143
-1.0,100,1775.575485
-1.0,100,1776.947374
-1.0,100,1778.301175
-1.0,100,1778.719776
-1.0,100,1780.055479
-1.0,100,1781.376338
1.0,100,1782.71466
1.0,19,1782.798126
-1.0,100,1784.199099
-1.0,100,1784.584656
-1.0,100,1785.908805
-1.0,100,1787.262407
1.0,68,1787.52973
-1.0,100,1788.909578
1.0,62,1790.066343
-1.0,100,1791.423878
-1.0,100,1791.826694
-1.0,100,1793.183559
-1.0,100,1794.595783
-1.0,100,1796.012345
-1.0,100,1796.402782
-1.0,100,1797.788327
-1.0,100,1799.197106
-1.0,100,1800.639591
-1.0,100,1801.969015
-1.0,100,1802.377359
-1.0,100,1803.74305
-1.0,100,1805.107421
-1.0,100,1806.463816
-1.0,100,1806.880725
-1.0,100,1808.205208
-1.0,100,1809.516374
-1.0,100,1810.914323
-1.0,100,1812.356754
-1.0,100,1812.748796
-1.0,100,1814.18776
-1.0,100,1815.591885
-1.0,100,1816.968486
-1.0,100,1817.348681
1.0,47,1818.661635
-1.0,100,1820.015137
-1.0,100,1820.428725
-1.0,100,1821.824772
-1.0,100,1823.169206
-1.0,100,1824.470519
-1.0,100,1825.872059
-1.0,100,1826.283299
-1.0,100,1827.625306
-1.0,100,1828.99376
-1.0,100,1830.383379
-1.0,100,1830.788019
-1.0,100,1832.114163
-1.0,100,1833.438714
-1.0,100,1834.747768
-1.0,100,1836.096646
1.0,67,1836.358858
-1.0,100,1837.726573
-1.0,100,1839.046596
-1.0,100,1839.412181
-1.0,100,1840.777296
-1.0,100,1842.087513
-1.0,100,1843.539382
-1.0,100,1844.864107
-1.0,100,1845.245053
-1.0,100,1846.609847
-1.0,100,1848.066396
-1.0,100,1849.477656
-1.0,100,1849.856764
1.0,21,1850.876387
1.0,21,1850.961107
1.0,28,1851.077089
-1.0,100,1852.567833
1.0,99,1853.890391
-1.0,100,1854.30126
-1.0,100,1855.697438
1.0,31,1855.81784
1.0,68,1857.046692
-1.0,100,1858.3842
-1.0,100,1858.779369
-1.0,100,1860.180121
-1.0,100,1861.477244
1.0,70,1862.738454
-1.0,100,1863.162646
-1.0,100,1864.529058
-1.0,100,1865.997024
-1.0,100,1867.329195
-1.0,100,1867.734095
-1.0,100,1869.124584
-1.0,100,1870.594103
-1.0,100,1871.948065
-1.0,100,1873.353388
-1.0,100,1873.755844
-1.0,100,1875.066478
1.0,16,1875.13059
1.0,22,1875.217811
-1.0,100,1876.541302
1.0,34,1877.620656
-1.0,100,1878.039849
-1.0,100,1879.492564
-1.0,100,1880.923126
1.0,38,1881.069982
-1.0,100,1882.493864
1.0,44,1882.672769
-1.0,100,1884.016683
-1.0,100,1885.480295
1.0,67,1885.75523
-1.0,100,1887.135353
1.0,15,1887.194237
1.0,62,1888.49238
-1.0,100,1889.885558
-1.0,100,1890.289361
-1.0,100,1891.728856
-1.0,100,1893.093262
-1.0,100,1894.440162
-1.0,100,1894.829489
-1.0,100,1896.342242
-1.0,100,1897.723721
-1.0,100,1899.098918
-1.0,100,1900.447051
-1.0,100,1900.864763
-1.0,100,1902.238445
1.0,8,1902.274294
-1.0,100,1903.700292
1.0,20,1903.779403
-1.0,100,1905.20535
1.0,70,1905.488484
-1.0,100,1906.934462
-1.0,100,1908.275262
1.0,91,1909.600866
-1.0,100,1910.947465
-1.0,100,1911.361271
-1.0,100,1912.707046
-1.0,100,1914.135082
-1.0,100,1915.477881
-1.0,100,1915.862957
1.0,13,1916.820375
-1.0,100,1917.202001
-1.0,100,1918.616902
-1.0,100,1920.070811
1.0,31,1920.19709
-1.0,100,1921.532757
-1.0,100,1922.846529
-1.0,100,1923.247366
-1.0,100,1924.686947
-1.0,100,1926.112494
1.0,31,1926.235596
-1.0,100,1927.629708
1.0,66,1928.826295
-1.0,100,1929.229367
1.0,86,1930.613002
-1.0,100,1931.993414
-1.0,100,1933.383185
1.0,13,1933.442279
-1.0,100,1933.846924
-1.0,100,1935.2438
1.0,6,1935.270856
1.0,33,1936.306754
-1.0,100,1936.709622
-1.0,100,1938.079759
1.0,30,1938.205656
-1.0,100,1939.599553
1.0,42,1939.763694
-1.0,100,1941.256027
-1.0,100,1942.68529
-1.0,100,1944.146636
-1.0,100,1945.531535
-1.0,100,1945.944863
-1.0,100,1947.290925
1.0,61,1948.531559
-1.0,100,1948.923368
-1.0,100,1950.295727
-1.0,100,1951.680078
1.0,20,1951.768023
-1.0,100,1953.221312
-1.0,100,1954.605812
-1.0,100,1955.024396
-1.0,100,1956.429363
-1.0,100,1957.80621
1.0,80,1959.063072
1.0,23,1959.157255
1.0,11,1959.202972
-1.0,100,1960.554113
1.0,12,1960.60407
-1.0,100,1961.992274
-1.0,100,1962.388674
-1.0,100,1963.754361
-1.0,100,1965.185382
-1.0,100,1966.551298
-1.0,100,1966.937616
1.0,100,1968.257435
-1.0,100,1969.581319
1.0,75,1970.877572
-1.0,100,1971.253751
-1.0,100,1972.566311
1.0,25,1972.654984
1.0,44,1973.812291
1.0,46,1973.985976
-1.0,100,1975.408792
1.0,27,1975.507317
-1.0,100,1976.868328
-1.0,100,1978.22458
-1.0,100,1978.600991
-1.0,100,1980.061967
-1.0,100,1981.41288
-1.0,100,1982.804372
1.0,62,1983.033865
-1.0,100,1984.460209
1.0,30,1984.585109
-1.0,100,1985.955281
1.0,92,1987.278271
1.0,41,1987.439998
1.0,60,1988.646532
-1.0,100,1989.043252
-1.0,100,1990.388374
-1.0,100,1991.735868
-1.0,100,1993.205643
-1.0,100,1993.605255
-1.0,100,1995.004616
-1.0,100,1996.368209
-1.0,100,1997.688459
-1.0,100,1999.004411
-1.0,100,1999.402446
-1.0,100,2000.811649
1.0,21,2000.903127
-1.0,100,2002.31299
-1.0,100,2003.661228
-1.0,100,2005.06208
-1.0,100,2005.4599
-1.0,100,2006.841007
1.0,42,2008.048405
-1.0,100,2008.451851
1.0,7,2008.481018
-1.0,100,2009.898725
1.0,17,2009.973712
-1.0,100,2011.291167
1.0,37,2011.440257
-1.0,100,2012.797791
-1.0,100,2014.10481
1.0,22,2014.184353
-1.0,100,2015.55021
-1.0,100,2016.946993
-1.0,100,2017.33306
-1.0,100,2018.76901
1.0,93,2020.078393
1.0,61,2020.319098
-1.0,100,2021.711422
-1.0,100,2023.125293
-1.0,100,2024.52986
1.0,26,2024.635121
-1.0,100,2025.926675
-1.0,100,2027.303837
1.0,12,2027.352233
-1.0,100,2027.737611
-1.0,100,2029.100487
-1.0,100,2030.454551
-1.0,100,2031.91738
-1.0,100,2033.265285
-1.0,100,2033.67181
1.0,94,2035.112044
-1.0,100,2036.47393
-1.0,100,2037.774651
-1.0,100,2038.189593
1.0,55,2039.548378
1.0,26,2039.650417
-1.0,100,2041.040979
1.0,6,2041.069932
1.0,16,2041.132312
-1.0,100,2042.490927
-1.0,100,2043.93812
-1.0,100,2044.320931
-1.0,100,2045.79162
-1.0,100,2047.131755
-1.0,100,2048.459711
1.0,83,2048.797909
1.0,78,2050.21832
-1.0,100,2051.618096
-1.0,100,2052.014993
1.0,35,2053.12441
-1.0,100,2054.43632
-1.0,100,2054.827549
-1.0,100,2056.16275
-1.0,100,2057.526498
1.0,65,2057.778452
1.0,72,2058.992472
-1.0,100,2060.326531
-1.0,100,2061.637921
-1.0,100,2062.017051
-1.0,100,2063.334729
1.0,23,2063.424917
1.0,63,2064.603499
-1.0,100,2065.931283
1.0,44,2066.107277
-1.0,100,2067.499754
-1.0,100,2067.893555
1.0,46,2069.15558
-1.0,100,2070.487086
1.0,20,2070.573775
-1.0,100,2071.92448
-1.0,100,2072.32602
-1.0,100,2073.676588
1.0,20,2073.759935
-1.0,100,2075.095576
-1.0,100,2076.506179
-1.0,100,2077.888015
-1.0,100,2078.292357
-1.0,100,2079.626398
1.0,26,2079.744218
-1.0,100,2081.067384
1.0,8,2081.099851
-1.0,100,2082.496738
-1.0,100,2083.94596
-1.0,100,2085.381742
-1.0,100,2085.806147
1.0,32,2086.86271
-1.0,100,2087.251212
-1.0,100,2088.64512
-1.0,100,2090.047523
1.0,76,2091.356641
1.0,76,2091.654823
-1.0,100,2093.028871
-1.0,100,2094.405869
-1.0,100,2094.792366
-1.0,100,2096.12564
-1.0,100,2097.467772
-1.0,100,2098.907855
-1.0,100,2100.234114
-1.0,100,2100.647461
1.0,74,2101.951205
-1.0,100,2103.26155
-1.0,100,2103.669232
1.0,40,2104.757402
1.0,99,2106.202271
-1.0,100,2106.591646
1.0,35,2107.728268
1.0,19,2107.809008
-1.0,100,2109.183973
-1.0,100,2109.591856
-1.0,100,2110.932861
1.0,27,2111.045527
1.0,30,2112.221287
-1.0,100,2112.622204
-1.0,100,2113.982887
-1.0,100,2115.410305
-1.0,100,2116.776899
-1.0,100,2117.196152
-1.0,100,2118.523509
-1.0,100,2119.93618
-1.0,100,2121.333841
1.0,25,2121.438861
-1.0,100,2122.793605
1.0,46,2122.986991
-1.0,100,2124.41865
1.0,50,2124.614199
-1.0,100,2125.90702
-1.0,100,2127.350375
-1.0,100,2128.747982
-1.0,100,2129.14823
1.0,15,2130.138267
1.0,34,2130.275246
-1.0,100,2131.669982
-1.0,100,2132.065074
1.0,31,2133.128802
-1.0,100,2133.514117
-1.0,100,2134.873746
-1.0,100,2136.270349
-1.0,100,2137.613231
-1.0,100,2138.977674
-1.0,100,2139.385012
-1.0,100,2140.721255
1.0,46,2140.893713
-1.0,100,2142.347898
-1.0,100,2143.721355
-1.0,100,2145.04804
1.0,97,2146.457484
-1.0,100,2146.877473
-1.0,100,2148.227152
1.0,57,2149.423038
-1.0,100,2149.825042
-1.0,100,2151.154233
1.0,19,2151.227751
1.0,7,2151.257033
1.0,25,2152.373133
-1.0,100,2152.749418
-1.0,100,2154.103362
1.0,30,2154.221776
-1.0,100,2155.594476
1.0,83,2156.902632
-1.0,100,2158.264174
-1.0,100,2158.673779
1.0,40,2159.780822
1.0,97,2160.18328
-1.0,100,2161.673285
-1.0,100,2162.986648
-1.0,100,2164.387435
-1.0,100,2165.777274
-1.0,100,2166.180496
1.0,25,2166.291055
-1.0,100,2167.654583
-1.0,100,2169.028669
-1.0,100,2170.384783
-1.0,100,2171.758462
-1.0,100,2172.149857
-1.0,100,2173.516282
1.0,59,2174.682482
1.0,6,2174.708735
-1.0,100,2175.091177
-1.0,100,2176.464284
-1.0,100,2177.820649
-1.0,100,2179.387364
-1.0,100,2180.722915
-1.0,100,2181.11026
-1.0,100,2182.531229
1.0,32,2182.65971
-1.0,100,2184.05055
-1.0,100,2185.417381
-1.0,100,2186.814891
-1.0,100,2188.229779
-1.0,100,2188.62477
-1.0,100,2189.964985
-1.0,100,2191.309028
1.0,59,2191.539325
-1.0,100,2192.943231
-1.0,100,2194.278881
-1.0,100,2195.63985
1.0,12,2195.685845
1.0,30,2195.800014
-1.0,100,2197.188313
1.0,28,2197.310504
-1.0,100,2198.655559
-1.0,100,2200.008154
-1.0,100,2200.392432
1.0,63,2201.642165
-1.0,100,2203.034049
1.0,53,2203.242045
1.0,29,2203.360107
-1.0,100,2204.69662
-1.0,100,2206.154929
-1.0,100,2207.429019
-1.0,100,2207.820583
-1.0,100,2209.225777
-1.0,100,2210.604872
1.0,98,2211.949753
-1.0,100,2213.383015
-1.0,100,2213.775266
1.0,30,2214.857455
-1.0,100,2215.24338
-1.0,100,2216.561497
-1.0,100,2217.963314
-1.0,100,2219.275221
-1.0,100,2219.679483
1.0,54,2220.862375
-1.0,100,2222.18406
-1.0,100,2222.591858
1.0,61,2223.880609
-1.0,100,2225.264957
-1.0,100,2225.653953
-1.0,100,2227.094228
1.0,68,2228.401775
-1.0,100,2229.83876
1.0,38,2229.99314
1.0,70,2230.280125
1.0,8,2230.315595
-1.0,100,2231.675719
-1.0,100,2233.14478
1.0,20,2233.225137
1.0,79,2234.519849
-1.0,100,2235.883979
-1.0,100,2236.305815
-1.0,100,2237.712777
-1.0,100,2239.099036
1.0,54,2239.307284
-1.0,100,2240.73997
1.0,8,2240.771739
-1.0,100,2242.137404
1.0,38,2242.290819
-1.0,100,2243.669591
-1.0,100,2244.992912
-1.0,100,2246.33738
1.0,42,2246.514439
-1.0,100,2247.869598
-1.0,100,2248.278146
-1.0,100,2249.638453
-1.0,100,2251.047035
1.0,83,2252.294659
1.0,45,2252.479272
1.0,68,2253.721129
1.0,26,2253.829288
1.0,97,2255.258642
-1.0,100,2255.666312
1.0,69,2256.887795
-1.0,100,2258.236047
1.0,31,2258.359813
1.0,32,2258.489534
-1.0,100,2259.78762
1.0,68,2260.071735
-1.0,100,2261.468833
-1.0,100,2262.812853
-1.0,100,2264.133485
1.0,29,2264.250952
-1.0,100,2265.661974
1.0,37,2265.808048
-1.0,100,2267.298338
-1.0,100,2268.670909
-1.0,100,2269.053239
-1.0,100,2270.437354
-1.0,100,2271.891791
1.0,10,2271.933368
1.0,71,2273.19184
-1.0,100,2273.611056
1.0,69,2274.885583
1.0,44,2275.055089
-1.0,100,2276.386613
-1.0,100,2277.734438
1.0,27,2277.837659
1.0,78,2279.106371
-1.0,100,2279.501958
1.0,96,2280.828782
-1.0,100,2282.193565
1.0,96,2283.566834
-1.0,100,2284.955866
-1.0,100,2285.368031
1.0,25,2285.464905
-1.0,100,2286.82465
-1.0,100,2288.218935
-1.0,100,2289.65919
1.0,16,2289.72534
-1.0,100,2291.118541
-1.0,100,2292.466699
1.0,9,2292.506336
1.0,58,2292.747843
1.0,79,2294.047863
1.0,48,2294.244187
-1.0,100,2295.634638
1.0,87,2296.951161
1.0,21,2297.033466
1.0,71,2297.302745
1.0,15,2297.360556
1.0,54,2298.497585
-1.0,100,2299.892995
-1.0,100,2300.306541
1.0,17,2300.371464
-1.0,100,2301.812502
1.0,61,2303.109698
-1.0,100,2303.491633
-1.0,100,2304.829209
1.0,83,2306.312927
-1.0,100,2307.735734
-1.0,100,2308.121332
-1.0,100,2309.514121
1.0,39,2310.753475
1.0,5,2310.775581
-1.0,100,2311.153045
1.0,85,2312.471602
-1.0,100,2313.885752
-1.0,100,2315.249669
-1.0,100,2315.625031
1.0,5,2315.646645
-1.0,100,2316.985307
1.0,16,2317.048343
-1.0,100,2318.477203
1.0,72,2319.722939
-1.0,100,2320.12869
-1.0,100,2321.490232
-1.0,100,2322.87959
-1.0,100,2324.307361
1.0,42,2324.473445
1.0,88,2325.885205
