#{"t_start": 1550430434.4671094, "env_id": null}
r,l,t
1.0,26,4.503349
-1.0,100,4.830543
1.0,8,6.546423
-1.0,100,6.921564
-1.0,100,8.1551
-1.0,100,9.455249
-1.0,100,10.86745
-1.0,100,11.215743
-1.0,100,12.416731
-1.0,100,13.649739
-1.0,100,14.922182
-1.0,100,16.199605
1.0,33,16.329333
1.0,14,16.375343
-1.0,100,17.592933
-1.0,100,18.935589
1.0,7,18.958447
-1.0,100,19.287666
1.0,7,19.323716
-1.0,100,20.619072
-1.0,100,21.89679
1.0,28,21.994488
-1.0,100,23.360208
-1.0,100,24.731794
-1.0,100,25.923466
1.0,73,26.168022
-1.0,100,27.46308
-1.0,100,28.856265
-1.0,100,29.249475
-1.0,100,30.458534
-1.0,100,31.743515
1.0,55,31.933096
-1.0,100,33.273802
1.0,16,33.327374
-1.0,100,34.554908
-1.0,100,35.82653
1.0,11,35.865614
-1.0,100,37.203383
-1.0,100,38.569242
-1.0,100,38.920047
-1.0,100,40.189775
-1.0,100,41.462235
1.0,9,41.49333
-1.0,100,42.739269
-1.0,100,44.056163
-1.0,100,44.419892
-1.0,100,45.782699
1.0,98,47.048216
-1.0,100,48.389259
1.0,50,48.592447
-1.0,100,49.93978
-1.0,100,51.294625
-1.0,100,51.616937
-1.0,100,52.927582
-1.0,100,54.193571
-1.0,100,55.475573
1.0,98,55.81319
-1.0,100,57.113387
-1.0,100,58.360974
-1.0,100,59.672854
1.0,40,59.812362
-1.0,100,61.052851
-1.0,100,62.505101
-1.0,100,62.877482
-1.0,100,64.169359
-1.0,100,65.44095
-1.0,100,66.702903
1.0,12,66.750054
-1.0,100,68.087386
-1.0,100,68.452036
-1.0,100,69.760728
1.0,85,71.062774
-1.0,100,72.371377
1.0,92,72.719213
-1.0,100,74.166813
1.0,8,74.198099
-1.0,100,75.434561
-1.0,100,76.768492
-1.0,100,77.961953
-1.0,100,78.330909
1.0,71,79.448153
-1.0,100,80.776949
1.0,67,81.040627
1.0,100,82.275536
-1.0,100,83.602099
-1.0,100,84.883452
1.0,43,85.030588
1.0,6,85.053336
-1.0,100,86.320962
-1.0,100,87.571986
-1.0,100,87.936136
-1.0,100,89.186188
1.0,50,89.382875
-1.0,100,90.714711
-1.0,100,91.994456
-1.0,100,93.254151
-1.0,100,94.560034
-1.0,100,94.923677
1.0,19,95.885046
-1.0,100,96.251661
-1.0,100,97.640896
-1.0,100,98.883597
-1.0,100,100.093238
1.0,59,100.299972
-1.0,100,101.58738
1.0,73,101.85661
-1.0,100,103.077553
-1.0,100,104.396584
-1.0,100,105.685469
-1.0,100,106.923342
-1.0,100,107.316812
-1.0,100,108.550836
-1.0,100,109.839557
1.0,64,110.082416
1.0,63,111.233593
-1.0,100,112.485632
1.0,46,112.630237
1.0,17,112.691492
1.0,7,112.714557
-1.0,100,113.96616
1.0,26,114.068654
-1.0,100,115.436408
-1.0,100,116.715888
-1.0,100,117.954883
-1.0,100,118.336803
-1.0,100,119.552077
-1.0,100,120.763417
-1.0,100,122.098756
-1.0,100,123.394383
-1.0,100,123.753553
-1.0,100,125.04837
-1.0,100,126.346117
1.0,73,126.619606
1.0,49,127.747957
1.0,15,127.803294
-1.0,100,129.22499
-1.0,100,129.677585
-1.0,100,130.966125
1.0,9,130.997779
-1.0,100,132.288697
-1.0,100,133.664948
-1.0,100,135.000232
-1.0,100,135.379301
-1.0,100,136.664299
-1.0,100,137.967867
1.0,59,138.173741
1.0,49,139.220826
-1.0,100,140.520539
1.0,90,140.8965
-1.0,100,142.138916
-1.0,100,143.402325
-1.0,100,144.6413
-1.0,100,145.037649
-1.0,100,146.363398
-1.0,100,147.71587
-1.0,100,148.934148
-1.0,100,150.157694
-1.0,100,150.54311
1.0,25,151.578203
-1.0,100,151.944387
-1.0,100,153.235295
1.0,69,154.420935
-1.0,100,154.818467
1.0,76,156.049957
1.0,19,156.120293
-1.0,100,157.400689
-1.0,100,158.609808
-1.0,100,159.89947
1.0,8,159.929732
-1.0,100,160.309856
1.0,22,161.238265
-1.0,100,161.608333
1.0,59,162.823793
-1.0,100,164.095604
1.0,22,164.184617
-1.0,100,165.343177
1.0,23,165.433302
-1.0,100,165.836516
1.0,15,166.792002
-1.0,100,167.21757
-1.0,100,168.594876
-1.0,100,169.884226
1.0,48,170.053067
1.0,68,171.170768
1.0,19,171.240927
-1.0,100,172.540292
1.0,62,172.760802
1.0,14,172.833936
-1.0,100,174.159936
-1.0,100,175.378486
1.0,36,175.516561
1.0,14,175.570171
-1.0,100,176.888125
-1.0,100,178.155995
-1.0,100,179.40007
1.0,89,179.725018
-1.0,100,181.021938
-1.0,100,182.309613
-1.0,100,183.573304
-1.0,100,184.883523
-1.0,100,185.253065
1.0,19,185.321895
-1.0,100,186.747038
-1.0,100,188.045523
1.0,54,188.221982
-1.0,100,189.465544
-1.0,100,190.739126
-1.0,100,191.970329
-1.0,100,193.234711
-1.0,100,193.619884
-1.0,100,194.864697
1.0,22,194.955312
-1.0,100,196.303552
-1.0,100,197.704661
1.0,41,197.843189
-1.0,100,199.152013
1.0,10,199.205714
1.0,79,200.41233
1.0,64,200.649378
-1.0,100,202.008816
1.0,30,202.125711
-1.0,100,203.416832
-1.0,100,204.690603
-1.0,100,205.03808
1.0,90,206.238576
-1.0,100,207.466901
-1.0,100,208.777998
-1.0,100,210.05963
-1.0,100,210.423581
1.0,31,211.458673
-1.0,100,211.824731
1.0,27,212.881856
-1.0,100,213.232393
-1.0,100,214.498511
-1.0,100,215.83614
-1.0,100,217.099873
1.0,19,217.173462
-1.0,100,218.443872
-1.0,100,218.833456
-1.0,100,220.127104
-1.0,100,221.326309
1.0,30,221.428977
1.0,19,221.496485
-1.0,100,222.78628
1.0,30,222.883381
1.0,31,223.880483
-1.0,100,224.23011
-1.0,100,225.488091
-1.0,100,226.808511
1.0,43,226.956891
-1.0,100,228.195612
-1.0,100,229.512568
1.0,37,229.64773
-1.0,100,230.911446
-1.0,100,232.236902
1.0,84,232.542526
-1.0,100,233.818463
1.0,43,233.965074
1.0,77,235.219054
-1.0,100,236.480963
1.0,20,236.563954
-1.0,100,237.881813
-1.0,100,239.100331
1.0,91,239.422336
1.0,42,240.470636
1.0,20,240.560759
-1.0,100,241.797052
1.0,25,241.876792
1.0,93,242.185455
1.0,39,243.230447
-1.0,100,244.448154
1.0,73,244.694788
-1.0,100,245.971867
-1.0,100,247.276889
-1.0,100,247.605201
-1.0,100,248.917214
1.0,44,249.976717
-1.0,100,250.312322
1.0,44,251.424238
-1.0,100,251.769191
1.0,62,252.878893
-1.0,100,254.139612
1.0,63,254.364622
1.0,68,255.588321
1.0,40,255.723708
1.0,33,255.832617
1.0,7,255.858048
-1.0,100,257.117616
-1.0,100,258.374422
1.0,66,258.611165
-1.0,100,259.870143
1.0,7,259.895693
-1.0,100,261.127683
1.0,60,262.287945
-1.0,100,262.6479
-1.0,100,263.999259
-1.0,100,265.294149
-1.0,100,266.496931
1.0,76,266.7747
-1.0,100,268.053575
1.0,90,269.366926
-1.0,100,270.696946
-1.0,100,271.098625
1.0,18,271.16034
1.0,18,272.103732
-1.0,100,272.506936
1.0,17,273.533155
-1.0,100,273.903033
1.0,73,275.22548
-1.0,100,276.407343
-1.0,100,276.771647
1.0,37,277.847414
1.0,8,277.881646
1.0,79,278.184524
-1.0,100,279.422429
-1.0,100,280.677573
-1.0,100,282.04146
-1.0,100,283.351471
1.0,100,283.727262
1.0,87,284.968146
-1.0,100,286.342535
1.0,42,286.501399
-1.0,100,287.993891
-1.0,100,289.293925
-1.0,100,289.679219
1.0,37,290.69581
1.0,24,290.802301
1.0,90,292.13532
1.0,63,292.376185
-1.0,100,293.567437
-1.0,100,294.875953
1.0,63,295.098506
-1.0,100,296.445547
1.0,17,296.52091
1.0,16,296.586123
1.0,24,296.690733
-1.0,100,298.001311
1.0,28,298.104726
1.0,20,299.056843
-1.0,100,299.460245
-1.0,100,300.723838
1.0,50,301.783543
1.0,20,301.850961
1.0,28,301.953778
1.0,100,303.27901
-1.0,100,303.668751
1.0,35,304.691056
-1.0,100,305.914578
-1.0,100,306.280134
1.0,68,307.421509
1.0,12,307.462352
-1.0,100,308.724508
-1.0,100,309.072237
-1.0,100,310.386704
-1.0,100,311.685081
1.0,61,312.797529
-1.0,100,313.155792
-1.0,100,314.447855
-1.0,100,315.77137
-1.0,100,317.055911
1.0,58,317.246826
1.0,39,317.401762
-1.0,100,318.713957
1.0,15,318.782479
1.0,32,319.848612
-1.0,100,320.228944
1.0,46,321.22475
1.0,86,321.507908
-1.0,100,322.833969
-1.0,100,324.145965
1.0,82,325.273968
1.0,18,325.332976
-1.0,100,325.676782
-1.0,100,326.898992
1.0,41,327.968066
1.0,18,328.030567
1.0,96,328.341672
-1.0,100,329.658969
-1.0,100,330.913944
-1.0,100,332.086828
-1.0,100,333.408546
1.0,80,333.681539
-1.0,100,334.97207
-1.0,100,336.288111
1.0,33,336.415428
-1.0,100,337.738119
-1.0,100,339.015129
-1.0,100,339.342283
1.0,17,340.258909
-1.0,100,340.617948
1.0,48,341.659028
-1.0,100,342.044473
-1.0,100,343.300684
-1.0,100,344.605913
-1.0,100,345.857434
-1.0,100,347.143218
1.0,36,347.290363
1.0,59,347.535836
-1.0,100,348.752108
-1.0,100,349.968914
-1.0,100,351.24073
1.0,21,351.31438
1.0,6,351.335109
-1.0,100,352.661352
-1.0,100,353.015755
1.0,99,354.341558
-1.0,100,355.7167
-1.0,100,356.998757
-1.0,100,358.35601
-1.0,100,358.696956
1.0,30,359.65422
-1.0,100,359.995225
-1.0,100,361.200906
1.0,75,362.510252
1.0,8,362.542349
-1.0,100,363.871285
-1.0,100,364.253076
1.0,34,365.253282
-1.0,100,365.592641
1.0,28,366.558007
-1.0,100,366.888958
-1.0,100,368.244103
1.0,3,368.256274
1.0,17,368.324708
1.0,43,369.476614
-1.0,100,369.844128
-1.0,100,371.163261
-1.0,100,372.421167
-1.0,100,373.629537
1.0,19,373.702182
-1.0,100,374.98883
1.0,12,375.025116
-1.0,100,376.273279
-1.0,100,376.627673
1.0,52,377.782429
1.0,100,379.090458
1.0,36,379.217528
-1.0,100,380.477669
1.0,49,380.680912
1.0,95,381.951401
-1.0,100,383.222937
-1.0,100,383.562179
-1.0,100,384.79879
1.0,35,384.916326
1.0,29,385.973046
-1.0,100,386.308432
1.0,58,387.442457
1.0,55,387.642125
-1.0,100,388.879336
1.0,71,390.113025
-1.0,100,390.444895
1.0,42,391.54733
1.0,66,391.759626
1.0,48,392.8658
1.0,33,392.972201
-1.0,100,394.199569
-1.0,100,394.577927
1.0,29,395.538083
1.0,67,395.785415
1.0,50,396.885393
-1.0,100,397.221643
1.0,32,398.238252
-1.0,100,398.583339
1.0,36,399.64591
1.0,25,399.735948
-1.0,100,400.957876
-1.0,100,401.299979
-1.0,100,402.586784
-1.0,100,403.830196
-1.0,100,405.127409
-1.0,100,406.365184
-1.0,100,406.743011
-1.0,100,408.059006
1.0,43,408.204863
-1.0,100,409.490567
1.0,7,409.518346
1.0,51,410.652289
-1.0,100,411.008924
1.0,83,412.299973
-1.0,100,413.612856
-1.0,100,414.865945
1.0,71,415.14337
1.0,19,415.20934
1.0,17,416.160712
-1.0,100,416.545561
1.0,12,416.594115
1.0,24,417.576497
1.0,42,417.729895
-1.0,100,419.026229
1.0,33,419.143489
-1.0,100,420.385404
-1.0,100,420.74342
1.0,28,421.702944
1.0,76,422.023745
1.0,12,422.067613
-1.0,100,423.328134
1.0,21,423.415346
1.0,40,424.522593
-1.0,100,424.894534
1.0,55,426.00747
1.0,20,426.080639
1.0,39,426.208719
1.0,68,427.402056
1.0,17,427.464131
-1.0,100,428.746211
1.0,28,428.85041
1.0,16,428.930612
1.0,12,428.969513
1.0,10,429.007313
1.0,95,430.391615
-1.0,100,431.794922
1.0,86,432.088299
-1.0,100,433.438168
-1.0,100,434.989523
-1.0,100,436.325211
1.0,37,436.475122
-1.0,100,437.763962
1.0,49,437.946633
-1.0,100,439.197915
-1.0,100,440.399604
1.0,92,441.638821
-1.0,100,442.007995
-1.0,100,443.221986
-1.0,100,444.418886
-1.0,100,445.719321
-1.0,100,446.080222
-1.0,100,447.33723
-1.0,100,448.609348
1.0,79,449.853284
-1.0,100,450.233256
-1.0,100,451.467023
1.0,39,452.476764
1.0,67,452.722283
-1.0,100,454.052483
-1.0,100,455.347567
1.0,9,455.378411
-1.0,100,455.737418
1.0,98,457.075265
-1.0,100,458.436757
-1.0,100,459.70712
-1.0,100,461.020684
-1.0,100,461.371339
-1.0,100,462.697588
-1.0,100,463.948479
-1.0,100,465.320386
-1.0,100,465.697232
1.0,55,466.841438
1.0,74,467.141366
1.0,50,468.21989
-1.0,100,469.577087
-1.0,100,469.964814
-1.0,100,471.264614
-1.0,100,472.51657
1.0,45,472.67911
-1.0,100,473.883561
-1.0,100,475.099516
-1.0,100,476.34526
1.0,21,476.429603
1.0,54,476.611093
-1.0,100,477.875198
1.0,14,477.936833
-1.0,100,479.295844
-1.0,100,480.541943
1.0,36,480.671391
1.0,67,481.837983
-1.0,100,482.194108
1.0,19,482.26865
-1.0,100,483.512605
-1.0,100,484.783789
-1.0,100,486.127311
-1.0,100,487.332701
-1.0,100,487.688762
1.0,99,488.914834
-1.0,100,490.216651
1.0,12,490.260106
-1.0,100,491.576768
-1.0,100,492.838799
1.0,27,492.952199
-1.0,100,494.272014
-1.0,100,494.610884
1.0,43,495.663673
-1.0,100,496.011679
1.0,76,497.176915
-1.0,100,498.452085
-1.0,100,499.746181
1.0,35,499.879767
-1.0,100,501.166547
-1.0,100,501.478519
-1.0,100,502.744263
-1.0,100,504.015832
1.0,71,505.213809
-1.0,100,505.542633
-1.0,100,506.859646
1.0,39,507.016751
1.0,39,508.089474
-1.0,100,509.413594
-1.0,100,509.768451
-1.0,100,511.045933
-1.0,100,512.30949
-1.0,100,513.543901
-1.0,100,513.909786
-1.0,100,515.208183
-1.0,100,516.490468
1.0,68,517.709723
-1.0,100,518.07091
-1.0,100,519.330367
-1.0,100,520.588748
1.0,7,520.61716
-1.0,100,521.814341
-1.0,100,522.177535
-1.0,100,523.494834
1.0,99,524.763269
1.0,36,524.894746
1.0,37,526.008062
1.0,98,526.331409
-1.0,100,527.53821
-1.0,100,528.848256
-1.0,100,530.170664
-1.0,100,531.406104
-1.0,100,531.72182
-1.0,100,532.946516
1.0,26,533.037823
1.0,44,534.082372
-1.0,100,534.455374
-1.0,100,535.687984
-1.0,100,536.93161
-1.0,100,538.153216
-1.0,100,539.377103
1.0,54,539.568309
1.0,85,540.792469
1.0,42,540.944246
1.0,24,541.028075
-1.0,100,542.366705
1.0,49,542.533589
-1.0,100,543.785878
1.0,79,545.005162
-1.0,100,545.398789
1.0,65,546.486465
-1.0,100,547.803972
-1.0,100,549.098378
-1.0,100,549.462674
1.0,30,550.493588
-1.0,100,550.850667
-1.0,100,552.188526
1.0,57,553.399745
1.0,13,553.448788
1.0,26,553.540661
1.0,9,553.578053
-1.0,100,554.896158
-1.0,100,556.126348
-1.0,100,556.4729
-1.0,100,557.803002
-1.0,100,559.117144
-1.0,100,560.42705
1.0,37,560.560125
-1.0,100,561.859586
1.0,11,561.903682
-1.0,100,563.210011
1.0,20,563.286024
-1.0,100,564.548968
1.0,5,564.568955
-1.0,100,564.918094
-1.0,100,566.154976
1.0,98,567.402592
-1.0,100,568.746832
1.0,34,568.887013
1.0,11,568.940992
-1.0,100,570.296459
1.0,90,570.649377
-1.0,100,571.860102
-1.0,100,573.105738
-1.0,100,574.332
1.0,72,574.587235
1.0,31,575.665676
1.0,13,575.716351
-1.0,100,576.947238
-1.0,100,577.316539
-1.0,100,578.641774
1.0,52,578.820013
-1.0,100,580.182837
-1.0,100,581.427833
1.0,36,581.558929
1.0,99,582.800648
-1.0,100,583.997652
1.0,25,584.085223
-1.0,100,585.367834
-1.0,100,586.763916
-1.0,100,587.127226
-1.0,100,588.47416
1.0,39,589.560482
-1.0,100,589.984076
1.0,61,591.101102
-1.0,100,592.411325
1.0,64,592.672313
-1.0,100,594.011681
1.0,69,594.288248
-1.0,100,595.626975
-1.0,100,597.040374
-1.0,100,598.294138
-1.0,100,598.666906
-1.0,100,599.944253
-1.0,100,601.201627
-1.0,100,602.440091
1.0,23,602.519275
-1.0,100,603.77207
-1.0,100,604.998976
-1.0,100,605.393779
1.0,12,605.438656
-1.0,100,606.88035
1.0,21,606.98133
-1.0,100,608.258165
1.0,19,608.329428
1.0,76,609.453404
-1.0,100,610.700834
1.0,41,610.843386
-1.0,100,612.08756
-1.0,100,613.418503
-1.0,100,613.79371
1.0,10,613.82738
-1.0,100,615.072409
-1.0,100,616.456731
-1.0,100,617.755496
-1.0,100,618.950917
-1.0,100,619.326041
1.0,79,620.643995
-1.0,100,621.863246
-1.0,100,623.263777
-1.0,100,623.678635
-1.0,100,624.940381
1.0,74,626.09731
-1.0,100,626.456402
1.0,21,627.388094
1.0,17,627.45674
-1.0,100,628.73709
-1.0,100,629.126464
1.0,41,630.198646
-1.0,100,630.556514
1.0,7,630.580981
-1.0,100,631.850061
1.0,18,631.923094
1.0,25,632.985397
-1.0,100,633.345959
-1.0,100,634.66149
-1.0,100,635.947563
-1.0,100,637.277604
-1.0,100,637.616529
1.0,96,638.851133
-1.0,100,640.122772
-1.0,100,641.442246
-1.0,100,642.783277
-1.0,100,643.140764
-1.0,100,644.488222
1.0,35,644.621461
1.0,51,645.72829
1.0,15,645.786786
1.0,6,645.819574
1.0,9,645.870583
-1.0,100,647.122549
-1.0,100,648.395459
1.0,65,648.636915
-1.0,100,649.920619
-1.0,100,651.226943
1.0,28,651.343668
1.0,19,651.415211
-1.0,100,652.751414
1.0,16,652.814653
-1.0,100,654.068822
1.0,57,654.311396
-1.0,100,655.590155
-1.0,100,656.922304
1.0,20,656.998238
-1.0,100,658.235636
-1.0,100,658.608935
-1.0,100,659.937246
1.0,20,660.015833
1.0,13,660.954987
-1.0,100,661.321435
-1.0,100,662.590675
1.0,100,663.888707
1.0,59,664.092681
-1.0,100,665.373338
1.0,88,666.679109
-1.0,100,667.960707
1.0,7,667.997201
-1.0,100,668.362143
1.0,56,669.443461
-1.0,100,670.667257
1.0,22,670.750675
1.0,25,670.847536
1.0,86,672.157622
-1.0,100,672.533588
-1.0,100,673.898834
-1.0,100,675.107469
1.0,26,675.219012
-1.0,100,676.548509
1.0,55,676.746404
1.0,55,677.801745
1.0,29,677.907581
-1.0,100,679.147491
1.0,93,680.384447
1.0,68,680.621698
1.0,72,681.74085
-1.0,100,682.092405
1.0,19,683.044946
1.0,87,683.401351
-1.0,100,684.708894
1.0,10,684.741168
-1.0,100,686.034792
1.0,100,687.333903
-1.0,100,687.70077
1.0,88,688.908795
1.0,8,688.938954
-1.0,100,690.310549
1.0,16,690.369413
1.0,68,691.598962
-1.0,100,691.954247
-1.0,100,693.300361
1.0,27,693.40816
1.0,20,694.405263
-1.0,100,694.750386
1.0,88,695.932133
1.0,60,697.053256
1.0,75,697.317648
1.0,23,697.409969
1.0,57,698.538178
1.0,89,698.854864
1.0,50,699.943466
1.0,50,700.115128
-1.0,100,701.413953
-1.0,100,702.776097
1.0,77,703.07854
1.0,99,704.450353
-1.0,100,705.751262
1.0,37,705.89176
1.0,35,706.900822
-1.0,100,707.263776
1.0,83,708.578038
1.0,19,708.655676
1.0,24,708.748669
1.0,15,708.804558
-1.0,100,710.045668
1.0,63,711.199386
1.0,55,711.412075
1.0,15,711.467865
1.0,98,712.856624
-1.0,100,714.232927
1.0,29,714.352218
1.0,57,714.588697
1.0,45,715.872182
1.0,63,716.121268
-1.0,100,717.443548
-1.0,100,718.784977
-1.0,100,720.105773
1.0,14,720.167128
-1.0,100,721.390404
-1.0,100,721.754283
-1.0,100,722.999073
-1.0,100,724.324147
-1.0,100,725.581749
1.0,85,725.900341
-1.0,100,727.193846
1.0,29,727.29166
1.0,37,728.299521
1.0,13,728.346989
1.0,61,728.604767
1.0,21,728.679778
1.0,26,729.683047
-1.0,100,730.041734
-1.0,100,731.318955
1.0,15,731.374676
1.0,23,731.469807
1.0,34,732.614432
1.0,9,732.650368
1.0,49,732.832792
-1.0,100,734.033943
1.0,21,734.114536
-1.0,100,735.499235
1.0,65,735.742074
-1.0,100,737.027825
1.0,27,737.130694
-1.0,100,738.51682
1.0,56,739.623513
1.0,78,739.922777
1.0,43,741.090497
-1.0,100,741.451806
1.0,60,742.566122
-1.0,100,743.890281
1.0,23,743.96919
1.0,77,744.249468
-1.0,100,745.576326
1.0,92,746.761139
1.0,69,747.008683
-1.0,100,748.252115
-1.0,100,749.489672
-1.0,100,750.897565
1.0,12,750.942209
1.0,17,751.011609
-1.0,100,752.2629
1.0,86,752.559923
-1.0,100,753.924698
1.0,19,753.998697
1.0,33,754.999583
-1.0,100,755.366273
-1.0,100,756.774635
-1.0,100,758.094216
-1.0,100,759.380514
-1.0,100,759.801459
1.0,29,760.781912
1.0,34,760.910289
1.0,49,761.136117
-1.0,100,762.504456
1.0,24,762.597402
1.0,51,763.772506
1.0,17,763.829676
-1.0,100,765.141556
-1.0,100,765.504856
-1.0,100,766.853788
1.0,41,767.899799
-1.0,100,768.250247
1.0,12,768.291041
1.0,53,769.421842
1.0,85,769.707031
-1.0,100,771.158106
1.0,13,771.206733
-1.0,100,772.464518
1.0,87,773.614288
1.0,13,773.66979
1.0,30,773.804119
1.0,49,774.919775
1.0,63,775.143135
1.0,24,775.236698
-1.0,100,776.554337
1.0,79,777.781585
1.0,31,777.897501
-1.0,100,779.152947
1.0,20,779.221014
1.0,21,779.291888
-1.0,100,780.520574
-1.0,100,781.88159
-1.0,100,782.264911
-1.0,100,783.537879
1.0,99,784.713542
1.0,20,784.784486
1.0,81,786.024678
1.0,69,786.268775
1.0,29,786.381856
-1.0,100,787.585742
1.0,51,788.807293
-1.0,100,789.204372
1.0,31,790.266702
1.0,23,790.353922
-1.0,100,791.660136
-1.0,100,792.059938
-1.0,100,793.499724
1.0,69,794.622433
1.0,50,794.819569
1.0,95,796.060711
1.0,6,796.084901
1.0,97,797.327489
-1.0,100,797.693456
1.0,18,798.767292
1.0,98,799.124259
-1.0,100,800.447935
-1.0,100,801.682003
1.0,10,801.721643
1.0,36,801.863342
1.0,48,802.907129
1.0,72,803.151242
1.0,14,803.207609
1.0,50,804.237957
-1.0,100,804.610766
-1.0,100,805.877112
1.0,89,807.150191
-1.0,100,808.389817
1.0,47,808.5797
1.0,35,808.744449
-1.0,100,810.018586
-1.0,100,811.210888
-1.0,100,812.516315
1.0,14,812.566441
-1.0,100,813.924341
1.0,32,814.048048
1.0,14,814.098192
-1.0,100,815.531473
1.0,39,815.676526
-1.0,100,816.960781
-1.0,100,818.267627
-1.0,100,818.614485
1.0,39,819.713403
-1.0,100,820.091034
1.0,93,821.355277
1.0,67,822.467808
1.0,64,822.705494
1.0,60,823.958
-1.0,100,824.326591
1.0,9,825.277167
-1.0,100,825.670998
1.0,93,826.957566
1.0,17,827.018561
1.0,68,828.169411
-1.0,100,828.542254
-1.0,100,829.797411
1.0,98,831.111264
1.0,72,832.345378
-1.0,100,832.723369
1.0,47,833.796268
1.0,47,833.979194
1.0,70,835.250311
1.0,62,835.493598
-1.0,100,836.758929
1.0,82,838.073128
-1.0,100,838.435129
1.0,77,839.692042
1.0,63,839.941694
1.0,12,840.87016
-1.0,100,841.226461
-1.0,100,842.56683
-1.0,100,843.907504
1.0,59,844.131333
-1.0,100,845.458131
-1.0,100,846.746304
-1.0,100,848.10151
-1.0,100,848.461827
-1.0,100,849.749727
-1.0,100,850.999977
-1.0,100,852.298145
1.0,28,852.415057
-1.0,100,853.70294
1.0,49,853.901964
1.0,39,854.04424
1.0,73,855.352604
1.0,61,856.435155
-1.0,100,856.768008
1.0,17,856.824858
-1.0,100,858.126441
-1.0,100,859.435195
1.0,37,859.624133
-1.0,100,860.829918
1.0,25,860.930852
1.0,24,861.026938
-1.0,100,862.307493
-1.0,100,863.58667
-1.0,100,864.948229
-1.0,100,866.210115
1.0,22,866.29864
-1.0,100,867.539964
1.0,31,867.652946
-1.0,100,868.869925
-1.0,100,869.234632
1.0,29,870.245522
1.0,13,870.292114
1.0,56,870.466972
1.0,39,870.604607
-1.0,100,871.84846
-1.0,100,873.0854
-1.0,100,874.344959
1.0,39,874.506165
1.0,68,875.639262
1.0,49,875.816418
1.0,21,875.893521
-1.0,100,877.102341
1.0,96,878.323711
1.0,16,878.377912
1.0,12,878.42224
1.0,77,878.687204
1.0,30,879.671354
1.0,25,879.758208
1.0,95,880.966269
-1.0,100,881.317137
1.0,11,882.273323
1.0,6,882.296966
1.0,88,882.607014
-1.0,100,883.916548
-1.0,100,885.191792
1.0,22,885.267652
1.0,67,886.420111
1.0,29,886.525528
-1.0,100,887.812517
-1.0,100,888.159908
-1.0,100,889.408907
-1.0,100,890.711624
-1.0,100,891.942205
1.0,25,892.032947
1.0,94,893.317268
-1.0,100,893.704734
1.0,20,894.758607
1.0,23,894.852484
1.0,30,894.981134
1.0,47,895.151301
-1.0,100,896.513944
-1.0,100,897.779306
1.0,54,897.986562
-1.0,100,899.395489
-1.0,100,900.763007
1.0,53,900.957215
1.0,95,902.229061
-1.0,100,903.486237
1.0,42,903.626769
-1.0,100,904.991812
-1.0,100,906.223715
-1.0,100,906.565276
-1.0,100,907.845269
-1.0,100,909.164247
-1.0,100,910.416515
-1.0,100,911.825777
-1.0,100,912.205541
-1.0,100,913.516853
1.0,91,914.855587
1.0,55,915.090509
1.0,6,915.112487
-1.0,100,916.362239
-1.0,100,917.680766
-1.0,100,918.931931
1.0,7,918.96492
-1.0,100,920.209464
1.0,40,920.396781
-1.0,100,921.761681
-1.0,100,922.115149
1.0,7,922.138412
-1.0,100,923.427545
1.0,32,923.562444
-1.0,100,924.865976
1.0,13,924.909202
-1.0,100,926.231457
1.0,46,926.409279
1.0,89,927.713623
-1.0,100,929.040906
1.0,24,929.1168
1.0,29,929.215816
-1.0,100,930.601855
-1.0,100,931.850509
1.0,16,931.905806
1.0,42,932.070166
-1.0,100,933.390547
1.0,25,933.474936
1.0,34,934.666055
-1.0,100,935.056321
-1.0,100,936.385533
1.0,85,937.606813
-1.0,100,938.961851
-1.0,100,939.320853
-1.0,100,940.636413
1.0,33,940.767309
1.0,100,942.04869
-1.0,100,943.359762
1.0,27,943.4532
1.0,9,943.486481
1.0,35,944.530732
-1.0,100,944.868012
-1.0,100,946.095228
1.0,39,946.229631
1.0,47,947.291813
-1.0,100,948.478083
1.0,7,948.503331
1.0,45,948.679777
1.0,67,949.941101
1.0,60,950.171433
-1.0,100,951.606902
1.0,71,951.87119
1.0,38,952.917016
1.0,24,953.002107
1.0,57,953.215683
-1.0,100,954.466138
-1.0,100,955.701422
1.0,99,956.97748
1.0,78,957.260151
-1.0,100,958.528845
1.0,49,958.728641
1.0,28,959.708305
1.0,24,959.793077
1.0,72,960.056523
-1.0,100,961.276732
-1.0,100,962.552159
1.0,9,962.590471
-1.0,100,964.020537
1.0,20,964.10333
-1.0,100,965.509756
1.0,11,965.550395
1.0,70,965.818175
-1.0,100,967.11806
-1.0,100,968.432097
1.0,79,969.571793
1.0,94,969.937273
1.0,37,971.021631
1.0,15,971.076833
1.0,83,971.378869
1.0,89,972.752025
1.0,59,972.967119
1.0,16,973.923672
1.0,56,974.115313
1.0,23,974.196961
1.0,76,975.438592
-1.0,100,976.710958
-1.0,100,977.055582
-1.0,100,978.257775
-1.0,100,979.563462
1.0,28,979.656127
1.0,83,980.89378
1.0,55,981.084708
-1.0,100,982.361447
1.0,22,982.4502
1.0,76,983.644304
1.0,72,983.886498
-1.0,100,985.256107
1.0,42,985.413594
1.0,18,986.366987
1.0,58,986.556152
1.0,49,986.729755
1.0,93,987.935339
1.0,5,987.952269
-1.0,100,989.207713
-1.0,100,990.478358
1.0,70,990.702018
1.0,43,991.792058
1.0,83,992.080429
1.0,29,992.170008
1.0,19,993.28748
1.0,49,993.461087
1.0,85,994.74238
-1.0,100,995.085541
1.0,11,996.10671
-1.0,100,996.449161
-1.0,100,997.719188
1.0,33,997.840902
1.0,34,998.854045
-1.0,100,999.205944
-1.0,100,1000.569195
1.0,12,1000.6153
1.0,69,1001.719963
-1.0,100,1002.992889
-1.0,100,1003.355562
1.0,86,1004.532638
-1.0,100,1005.738577
1.0,27,1005.830196
1.0,36,1005.957442
1.0,6,1005.980997
-1.0,100,1007.226202
1.0,37,1007.371685
1.0,27,1008.327134
1.0,29,1008.428194
1.0,50,1008.58872
1.0,17,1008.656156
-1.0,100,1010.008483
1.0,30,1010.124031
1.0,35,1011.171641
1.0,94,1011.520287
1.0,100,1012.757553
-1.0,100,1014.035659
-1.0,100,1015.2608
-1.0,100,1016.491816
1.0,58,1016.708947
-1.0,100,1018.052127
1.0,84,1018.35256
1.0,57,1019.504168
1.0,37,1019.632913
1.0,47,1020.776837
1.0,66,1021.003614
-1.0,100,1022.177725
1.0,72,1022.440033
1.0,11,1023.394316
-1.0,100,1023.799257
-1.0,100,1025.048923
1.0,67,1026.163342
-1.0,100,1026.522895
-1.0,100,1027.747462
-1.0,100,1029.030985
1.0,20,1029.100654
-1.0,100,1030.50966
1.0,62,1030.759023
-1.0,100,1031.994162
-1.0,100,1033.243032
1.0,13,1033.294226
1.0,28,1033.397332
1.0,88,1034.622283
1.0,45,1034.792539
1.0,23,1034.876134
1.0,17,1035.788725
-1.0,100,1036.142444
1.0,32,1037.148841
1.0,67,1037.407257
1.0,70,1038.512481
1.0,8,1038.548745
-1.0,100,1039.896887
1.0,38,1040.039163
1.0,34,1040.169746
1.0,93,1041.582332
1.0,89,1042.886555
1.0,33,1042.995565
1.0,44,1043.13936
1.0,41,1043.304364
1.0,75,1044.468282
1.0,6,1044.487942
1.0,96,1045.669603
1.0,40,1045.805628
-1.0,100,1047.101344
1.0,26,1047.194034
1.0,50,1048.326897
1.0,32,1048.443668
-1.0,100,1049.698558
1.0,11,1049.732718
1.0,37,1049.869175
1.0,93,1051.151087
-1.0,100,1051.50528
1.0,29,1052.452869
1.0,52,1052.64095
1.0,35,1052.795942
1.0,53,1053.946242
1.0,57,1054.142832
1.0,54,1055.189619
1.0,32,1055.307842
1.0,49,1055.47976
1.0,83,1056.870545
1.0,24,1056.968662
1.0,34,1057.090619
1.0,24,1058.22991
1.0,21,1058.311265
1.0,85,1058.645051
1.0,32,1059.704504
-1.0,100,1060.074384
1.0,49,1061.206801
1.0,76,1061.491504
1.0,31,1062.451175
1.0,17,1062.534647
1.0,43,1062.698615
1.0,43,1062.850827
-1.0,100,1064.083066
1.0,34,1064.212903
-1.0,100,1065.504439
1.0,34,1066.593434
-1.0,100,1066.962683
1.0,12,1067.00349
-1.0,100,1068.380967
1.0,22,1068.459468
1.0,58,1069.554841
1.0,23,1069.635769
1.0,15,1069.693737
1.0,19,1069.768161
1.0,37,1070.818425
1.0,8,1070.852573
1.0,67,1071.143278
1.0,23,1071.232197
1.0,22,1071.313093
1.0,5,1072.305974
1.0,40,1072.444479
1.0,57,1072.635983
-1.0,100,1073.83058
-1.0,100,1075.18617
1.0,27,1075.27809
1.0,35,1075.418472
1.0,14,1075.471449
1.0,55,1076.700067
-1.0,100,1078.068776
1.0,44,1078.237217
1.0,47,1078.401075
1.0,16,1078.458089
1.0,7,1079.539747
1.0,64,1079.76752
1.0,53,1079.9876
1.0,86,1081.186135
1.0,46,1081.354578
1.0,7,1082.241142
1.0,22,1082.319591
1.0,73,1082.583506
-1.0,100,1083.868577
-1.0,100,1085.056019
1.0,17,1085.114368
1.0,37,1085.239775
1.0,59,1086.469698
1.0,58,1086.677608
1.0,47,1087.852805
1.0,42,1087.997877
1.0,6,1088.027903
-1.0,100,1089.332171
1.0,21,1089.399179
-1.0,100,1090.748381
-1.0,100,1091.111559
1.0,54,1092.291833
1.0,44,1092.450389
-1.0,100,1093.699358
1.0,40,1093.859773
-1.0,100,1095.086123
1.0,10,1095.12359
1.0,22,1095.207081
1.0,42,1096.28064
-1.0,100,1096.643746
1.0,16,1097.578687
-1.0,100,1097.941704
1.0,39,1099.052866
-1.0,100,1099.44299
-1.0,100,1100.704923
1.0,68,1101.854991
-1.0,100,1103.09874
1.0,52,1103.27379
-1.0,100,1104.551564
-1.0,100,1104.905644
-1.0,100,1106.212566
1.0,16,1106.276196
1.0,63,1107.448957
1.0,37,1107.581428
1.0,25,1107.676749
1.0,11,1107.719652
1.0,68,1108.938576
1.0,9,1108.969574
1.0,56,1109.156485
1.0,11,1110.138061
1.0,17,1110.203451
1.0,9,1110.236574
1.0,35,1110.34569
1.0,34,1110.45876
-1.0,100,1111.69523
1.0,22,1111.775796
1.0,64,1112.932855
1.0,47,1113.091712
1.0,48,1114.21934
1.0,29,1114.321885
1.0,30,1114.435863
-1.0,100,1115.694336
1.0,50,1115.879323
1.0,66,1117.040953
-1.0,100,1117.421124
1.0,18,1118.38669
1.0,56,1118.61098
1.0,51,1118.779006
1.0,43,1119.782381
1.0,23,1119.881745
-1.0,100,1121.12539
1.0,85,1121.456773
1.0,81,1122.707472
1.0,27,1122.805259
1.0,58,1123.892642
1.0,57,1124.118538
1.0,46,1124.275929
1.0,87,1125.564885
1.0,24,1125.659441
1.0,55,1126.879673
1.0,31,1126.992715
1.0,29,1127.104631
1.0,21,1127.197124
1.0,49,1128.33165
1.0,39,1128.517422
1.0,76,1129.657428
1.0,51,1129.849643
1.0,33,1129.96647
1.0,21,1130.959455
1.0,75,1131.251167
1.0,34,1131.376698
1.0,61,1132.42466
1.0,66,1132.66356
1.0,82,1133.89805
-1.0,100,1135.253355
1.0,93,1135.59125
1.0,85,1136.765955
1.0,9,1136.799078
1.0,81,1138.009805
1.0,38,1138.145748
-1.0,100,1139.415107
1.0,5,1139.440578
-1.0,100,1140.750227
1.0,32,1140.855795
-1.0,100,1142.070443
1.0,39,1142.201831
1.0,15,1142.253864
1.0,25,1142.356569
1.0,38,1143.420896
1.0,37,1143.553862
1.0,18,1143.617641
-1.0,100,1144.870374
-1.0,100,1146.203781
1.0,47,1146.369531
1.0,25,1146.465008
-1.0,100,1147.691813
1.0,21,1147.777076
-1.0,100,1149.074337
1.0,44,1149.24598
-1.0,100,1150.47882
-1.0,100,1151.731185
1.0,16,1151.791021
-1.0,100,1153.152226
1.0,29,1153.253041
-1.0,100,1154.633482
1.0,42,1154.800002
1.0,35,1154.94081
-1.0,100,1156.222908
1.0,14,1156.286931
-1.0,100,1157.65749
1.0,14,1157.711382
1.0,24,1157.799149
1.0,21,1158.748542
1.0,48,1158.910262
1.0,63,1159.153687
-1.0,100,1160.499792
1.0,34,1160.612282
1.0,55,1161.783456
1.0,46,1161.957254
1.0,29,1162.082879
-1.0,100,1163.54567
-1.0,100,1164.860415
1.0,51,1165.055651
1.0,38,1166.120529
-1.0,100,1167.378675
-1.0,100,1167.727971
-1.0,100,1168.995424
1.0,25,1169.08629
1.0,21,1169.160373
1.0,44,1170.2247
1.0,69,1170.472756
1.0,96,1171.818514
1.0,39,1171.957971
-1.0,100,1173.221776
-1.0,100,1174.482426
1.0,8,1174.516546
-1.0,100,1175.706537
1.0,38,1175.838288
-1.0,100,1177.191511
1.0,36,1177.31619
-1.0,100,1178.564612
1.0,14,1178.610325
1.0,85,1179.854555
1.0,25,1179.943627
-1.0,100,1181.24512
1.0,16,1181.302522
-1.0,100,1182.606068
1.0,51,1182.784949
1.0,55,1182.970484
-1.0,100,1184.215602
1.0,33,1184.327037
-1.0,100,1185.62215
1.0,17,1185.676646
1.0,70,1186.90531
1.0,75,1187.187937
1.0,12,1188.288381
1.0,22,1188.366195
1.0,24,1188.453036
1.0,27,1188.550923
1.0,84,1189.739258
1.0,8,1189.77404
1.0,47,1189.949257
-1.0,100,1191.175515
-1.0,100,1192.439563
1.0,48,1192.620621
1.0,93,1193.834265
1.0,3,1193.846927
-1.0,100,1195.084507
1.0,22,1195.157917
-1.0,100,1196.378228
1.0,38,1196.516215
-1.0,100,1197.938715
1.0,26,1198.028297
1.0,88,1199.262371
1.0,96,1199.652617
1.0,23,1200.660932
1.0,19,1200.730139
1.0,16,1200.796926
1.0,38,1200.952569
-1.0,100,1202.262002
1.0,74,1202.538192
1.0,83,1203.698497
1.0,51,1204.841435
1.0,24,1204.951599
1.0,19,1205.030786
1.0,86,1206.255003
1.0,89,1206.591031
1.0,12,1206.635236
-1.0,100,1207.967482
1.0,24,1208.073601
1.0,18,1208.138482
1.0,57,1209.285063
-1.0,100,1210.540608
1.0,92,1210.920786
1.0,36,1211.918095
1.0,40,1212.068342
1.0,85,1213.298397
1.0,57,1213.507006
1.0,24,1213.603686
1.0,63,1214.811052
1.0,37,1214.952732
1.0,38,1215.09577
-1.0,100,1216.510398
1.0,23,1216.59511
1.0,31,1217.602586
1.0,36,1217.763743
-1.0,100,1219.076949
1.0,22,1219.156541
1.0,25,1219.257243
-1.0,100,1220.522557
1.0,72,1220.783498
1.0,65,1221.964049
1.0,14,1222.016015
-1.0,100,1223.313494
1.0,87,1223.623032
1.0,45,1224.726579
-1.0,100,1226.235682
1.0,30,1226.34461
-1.0,100,1227.837629
-1.0,100,1228.260302
1.0,62,1229.417218
1.0,97,1230.746047
-1.0,100,1231.142345
1.0,28,1232.194424
1.0,93,1232.59925
-1.0,100,1234.000103
1.0,34,1234.131228
1.0,31,1235.145927
1.0,41,1235.300354
-1.0,100,1236.598877
1.0,57,1236.83135
-1.0,100,1238.162221
1.0,29,1238.306961
-1.0,100,1239.799653
1.0,30,1239.920397
-1.0,100,1241.419184
1.0,46,1241.618417
1.0,31,1242.708208
1.0,93,1243.061739
1.0,42,1244.180435
-1.0,100,1244.552402
1.0,11,1244.596169
1.0,8,1245.637434
1.0,50,1245.843732
1.0,16,1245.908245
1.0,29,1246.01524
1.0,97,1247.491616
-1.0,100,1248.959299
-1.0,100,1250.329563
1.0,65,1250.598909
1.0,28,1250.717112
1.0,25,1251.729241
1.0,32,1251.845451
1.0,11,1251.889274
1.0,35,1252.014189
1.0,73,1253.20384
1.0,56,1253.425875
1.0,90,1254.85417
-1.0,100,1256.19744
1.0,14,1256.248733
1.0,98,1256.633059
1.0,19,1257.768258
1.0,21,1257.857779
-1.0,100,1259.306339
-1.0,100,1259.704839
1.0,84,1261.02129
1.0,86,1262.308658
-1.0,100,1262.687552
-1.0,100,1264.01779
1.0,74,1265.218114
1.0,58,1265.456707
-1.0,100,1266.815808
1.0,80,1268.104177
1.0,32,1268.225229
-1.0,100,1269.595864
-1.0,100,1270.949943
1.0,44,1271.136461
1.0,60,1271.390219
1.0,55,1272.608018
1.0,28,1272.725879
1.0,18,1272.803715
1.0,46,1273.007198
1.0,74,1274.270329
-1.0,100,1275.699196
1.0,61,1275.935648
-1.0,100,1277.245776
1.0,45,1277.41677
1.0,26,1278.547925
1.0,52,1278.750483
1.0,44,1278.916922
-1.0,100,1280.220072
1.0,92,1281.529468
1.0,36,1281.678201
1.0,74,1282.888754
1.0,20,1282.966695
-1.0,100,1284.389178
-1.0,100,1284.802439
1.0,39,1285.928277
1.0,48,1286.139915
1.0,54,1287.306905
1.0,85,1287.649091
1.0,12,1287.70387
1.0,8,1287.740306
-1.0,100,1289.123185
1.0,89,1290.485979
1.0,58,1290.721884
1.0,30,1291.778052
1.0,30,1291.898394
-1.0,100,1293.271452
1.0,19,1293.341687
-1.0,100,1294.805482
1.0,26,1294.918461
-1.0,100,1295.354131
1.0,19,1296.529942
1.0,7,1296.558271
1.0,78,1296.874143
-1.0,100,1298.189742
1.0,94,1299.508403
1.0,20,1299.59171
-1.0,100,1300.953717
1.0,43,1301.123395
1.0,82,1302.426316
1.0,87,1302.755684
1.0,61,1303.910609
1.0,44,1304.113741
-1.0,100,1305.578505
1.0,10,1305.62412
1.0,14,1305.685923
1.0,34,1305.819588
1.0,72,1307.026752
1.0,62,1308.203657
1.0,71,1308.518182
-1.0,100,1309.907976
1.0,19,1309.990141
1.0,45,1310.202395
1.0,18,1310.282526
1.0,16,1311.281914
1.0,58,1311.532632
1.0,50,1311.733184
1.0,26,1312.761105
1.0,43,1312.914105
1.0,20,1312.992022
1.0,22,1313.080445
1.0,56,1314.251074
1.0,57,1314.468728
-1.0,100,1315.792366
1.0,28,1315.901649
1.0,12,1315.952252
-1.0,100,1317.335803
1.0,33,1317.471755
1.0,35,1318.643809
1.0,20,1318.737997
1.0,97,1320.038223
1.0,98,1320.440049
1.0,18,1320.51896
1.0,66,1321.752647
1.0,100,1323.077249
1.0,44,1323.256387
-1.0,100,1324.632079
-1.0,100,1325.9611
1.0,43,1326.128101
1.0,38,1326.278471
1.0,23,1326.367214
-1.0,100,1327.68826
1.0,55,1328.881062
-1.0,100,1329.269337
1.0,52,1330.444666
1.0,33,1330.594278
-1.0,100,1331.889296
-1.0,100,1333.300599
1.0,18,1333.386575
1.0,13,1333.435229
1.0,56,1333.652729
1.0,38,1334.772955
-1.0,100,1335.14622
1.0,23,1336.123301
1.0,35,1336.251471
1.0,61,1336.475302
1.0,55,1337.659903
-1.0,100,1338.973181
1.0,16,1339.034873
1.0,33,1339.165277
-1.0,100,1340.484106
-1.0,100,1341.82796
1.0,64,1342.094655
1.0,24,1342.208902
1.0,54,1343.320613
1.0,16,1343.384024
1.0,8,1343.414238
-1.0,100,1344.882457
1.0,30,1345.003208
1.0,60,1345.233125
-1.0,100,1346.488914
1.0,20,1346.563131
-1.0,100,1347.985581
-1.0,100,1349.299684
1.0,43,1349.496641
1.0,59,1350.735066
-1.0,100,1351.111424
1.0,26,1352.134527
1.0,21,1352.213264
1.0,46,1352.394809
1.0,40,1352.547891
1.0,39,1353.672023
1.0,20,1353.767163
-1.0,100,1355.195838
1.0,75,1355.505341
1.0,14,1355.565331
1.0,55,1356.720824
1.0,38,1356.869953
1.0,16,1356.934874
1.0,11,1356.979291
1.0,20,1357.049332
1.0,59,1358.224656
1.0,56,1358.463223
1.0,21,1359.44068
-1.0,100,1359.840458
1.0,42,1360.928089
1.0,25,1361.028827
1.0,8,1361.05823
-1.0,100,1362.364026
1.0,46,1362.532886
1.0,79,1363.836443
1.0,79,1364.140258
1.0,55,1365.361162
1.0,37,1365.515845
1.0,66,1365.801584
1.0,51,1366.919636
1.0,22,1367.007779
1.0,27,1367.141429
1.0,65,1368.33333
1.0,16,1368.395957
1.0,81,1369.700635
-1.0,100,1370.14937
-1.0,100,1371.550012
-1.0,100,1372.888288
-1.0,100,1374.182094
-1.0,100,1374.630796
1.0,85,1375.886892
1.0,64,1377.061254
1.0,81,1377.367144
1.0,86,1378.669068
-1.0,100,1380.103909
1.0,24,1380.186825
1.0,28,1380.312644
1.0,63,1381.539058
1.0,87,1381.858828
1.0,24,1381.951172
1.0,48,1383.120805
1.0,10,1383.170263
1.0,52,1383.386449
1.0,37,1384.468117
1.0,36,1384.598045
1.0,42,1384.762729
1.0,23,1384.858963
1.0,13,1384.918426
1.0,90,1386.225036
1.0,11,1386.287079
1.0,54,1387.388128
1.0,42,1387.538995
-1.0,100,1388.879404
1.0,87,1389.205667
-1.0,100,1390.499744
1.0,42,1391.612828
1.0,55,1391.829548
1.0,91,1393.255109
1.0,16,1393.316132
1.0,37,1393.465594
1.0,57,1394.630542
1.0,26,1394.729234
1.0,33,1394.858969
1.0,27,1394.965976
1.0,56,1396.106272
-1.0,100,1396.485004
1.0,29,1397.532482
1.0,29,1397.647433
1.0,49,1397.834351
-1.0,100,1399.218961
1.0,20,1399.293507
1.0,93,1400.63467
1.0,29,1400.757062
1.0,27,1400.869034
1.0,70,1402.057329
1.0,40,1402.202033
1.0,15,1402.256485
-1.0,100,1403.54014
1.0,41,1404.638474
1.0,50,1404.848289
1.0,25,1404.932828
1.0,42,1405.087028
1.0,31,1406.142436
1.0,56,1406.363857
-1.0,100,1407.674889
1.0,13,1407.735389
1.0,70,1408.884915
1.0,72,1409.153061
1.0,28,1409.26022
1.0,33,1410.364924
1.0,51,1410.580569
1.0,42,1410.745599
1.0,48,1411.838564
-1.0,100,1412.241655
1.0,44,1413.352591
1.0,8,1413.385184
1.0,20,1413.477247
1.0,82,1414.789024
1.0,33,1414.929654
1.0,53,1415.130828
1.0,21,1415.211628
-1.0,100,1416.509397
1.0,11,1416.549375
-1.0,100,1417.897464
1.0,48,1419.020568
1.0,14,1419.075578
1.0,9,1419.116841
1.0,22,1419.200487
1.0,94,1420.683416
1.0,68,1420.987489
1.0,41,1421.162372
1.0,7,1422.19635
1.0,30,1422.321808
1.0,15,1422.381594
1.0,33,1422.504472
1.0,20,1422.584149
-1.0,100,1423.90394
1.0,22,1423.998888
1.0,32,1424.129003
1.0,14,1425.139476
1.0,33,1425.280054
1.0,25,1425.404048
1.0,41,1425.560404
1.0,29,1426.564624
1.0,35,1426.693598
1.0,56,1426.933294
1.0,40,1428.094687
1.0,65,1428.390762
1.0,10,1428.429998
1.0,9,1428.465961
1.0,18,1428.540402
1.0,79,1429.821827
1.0,29,1429.931293
1.0,49,1431.08069
1.0,96,1431.471143
-1.0,100,1432.899164
1.0,44,1434.028405
1.0,6,1434.05924
1.0,58,1434.29959
1.0,38,1434.443761
-1.0,100,1435.791552
1.0,25,1435.886728
-1.0,100,1437.180068
1.0,81,1438.431851
1.0,12,1438.482546
-1.0,100,1439.92573
1.0,19,1439.993551
1.0,22,1440.082546
1.0,18,1440.157072
1.0,36,1440.290642
1.0,13,1440.346192
1.0,46,1441.529203
1.0,57,1441.755206
1.0,23,1441.851729
1.0,61,1443.030146
1.0,70,1443.304878
1.0,13,1444.277011
-1.0,100,1444.699537
1.0,81,1446.017773
1.0,27,1446.122891
1.0,20,1446.212439
-1.0,100,1447.596981
-1.0,100,1448.897105
1.0,34,1449.05273
1.0,28,1449.175428
1.0,81,1450.536295
1.0,67,1451.776352
1.0,19,1451.860409
1.0,14,1451.916469
1.0,26,1452.030066
1.0,73,1453.237206
1.0,30,1453.379855
1.0,34,1453.516663
1.0,50,1453.707976
-1.0,100,1455.063552
1.0,27,1455.166159
1.0,24,1456.166877
1.0,38,1456.322687
1.0,22,1456.417451
1.0,58,1457.548509
1.0,40,1457.70286
1.0,14,1457.758135
1.0,41,1457.920889
1.0,78,1459.197207
1.0,96,1460.505632
1.0,53,1460.719577
1.0,73,1461.951452
-1.0,100,1462.340044
1.0,60,1463.481817
1.0,22,1463.558383
1.0,26,1463.650238
1.0,28,1463.761568
-1.0,100,1465.075849
1.0,26,1465.176188
1.0,42,1466.25507
1.0,30,1466.373417
1.0,72,1467.569762
1.0,8,1467.600756
1.0,40,1467.762813
1.0,26,1467.861598
1.0,38,1468.040325
1.0,16,1469.060778
1.0,12,1469.111861
1.0,32,1469.241454
1.0,80,1470.493329
1.0,20,1470.573035
1.0,38,1470.733858
1.0,33,1470.874419
1.0,11,1470.924536
1.0,43,1472.128988
1.0,78,1472.452881
1.0,26,1472.556137
1.0,85,1473.796978
1.0,41,1473.934619
1.0,11,1474.978372
1.0,46,1475.139333
-1.0,100,1476.434758
-1.0,100,1476.823529
1.0,52,1477.949056
1.0,15,1478.003661
1.0,46,1478.161439
-1.0,100,1479.452376
-1.0,100,1480.848963
1.0,62,1481.057762
1.0,14,1482.002348
1.0,19,1482.085475
1.0,47,1482.2658
-1.0,100,1483.611298
1.0,86,1483.914697
1.0,55,1485.151095
1.0,42,1485.321053
1.0,34,1486.396044
1.0,9,1486.433867
-1.0,100,1486.805788
1.0,14,1486.855619
1.0,27,1487.879603
1.0,13,1487.936596
1.0,26,1488.03348
1.0,9,1488.071779
1.0,24,1488.157501
1.0,60,1489.314299
1.0,33,1489.448247
-1.0,100,1490.812133
1.0,25,1490.910672
1.0,41,1491.069727
1.0,78,1492.271774
1.0,28,1492.384629
1.0,81,1493.779458
1.0,22,1493.864132
1.0,43,1494.01552
1.0,22,1494.101594
1.0,34,1495.179637
-1.0,100,1495.558859
1.0,82,1496.796944
1.0,42,1496.956095
1.0,44,1498.037481
-1.0,100,1499.380742
1.0,51,1499.578768
1.0,54,1499.803062
1.0,39,1500.891804
1.0,57,1501.10561
1.0,23,1501.182196
-1.0,100,1502.47518
1.0,76,1503.660868
1.0,41,1503.818541
1.0,56,1504.01955
1.0,76,1505.258855
1.0,60,1505.471361
1.0,29,1506.54602
1.0,72,1506.823116
1.0,25,1506.939895
1.0,63,1508.155846
1.0,10,1508.195107
1.0,95,1509.540627
1.0,20,1509.624725
1.0,46,1509.797723
1.0,59,1510.970809
1.0,60,1511.180534
1.0,65,1512.335977
1.0,49,1512.530435
-1.0,100,1513.837666
-1.0,100,1515.213113
1.0,37,1515.354357
-1.0,100,1516.671233
1.0,94,1517.052112
-1.0,100,1518.367621
1.0,55,1519.500888
1.0,39,1519.666204
1.0,95,1520.940113
1.0,32,1521.063771
1.0,28,1521.20371
1.0,72,1522.414903
-1.0,100,1523.779654
1.0,70,1524.02687
-1.0,100,1525.360967
1.0,67,1525.643663
1.0,11,1525.692644
1.0,25,1526.759208
1.0,21,1526.857555
1.0,55,1527.097382
-1.0,100,1528.411293
1.0,69,1529.634546
1.0,41,1529.791691
1.0,44,1529.970351
1.0,26,1530.077414
1.0,39,1531.163027
1.0,28,1531.266716
1.0,20,1531.354456
1.0,16,1531.421386
1.0,28,1531.543746
1.0,54,1532.655533
1.0,43,1532.822878
1.0,62,1534.041474
-1.0,100,1535.405534
1.0,47,1535.585001
1.0,31,1535.71382
1.0,27,1535.831065
1.0,13,1535.88583
-1.0,100,1537.270638
1.0,78,1538.547995
1.0,63,1538.8194
1.0,20,1538.895698
1.0,35,1540.041756
1.0,40,1540.182889
1.0,17,1540.250639
1.0,15,1540.314256
1.0,27,1541.341666
1.0,36,1541.473556
1.0,23,1541.556453
1.0,16,1541.625945
1.0,56,1542.824535
1.0,28,1542.933702
1.0,73,1543.234087
1.0,18,1543.298654
1.0,37,1544.347663
1.0,52,1544.534971
1.0,48,1545.693221
-1.0,100,1546.080534
1.0,41,1547.195288
-1.0,100,1547.54358
1.0,82,1548.806341
1.0,36,1548.946424
1.0,45,1550.058916
1.0,22,1550.146671
1.0,39,1550.303497
1.0,15,1550.361868
-1.0,100,1551.671165
1.0,34,1551.801069
1.0,75,1553.01838
1.0,54,1553.252724
1.0,20,1554.239644
1.0,15,1554.297981
1.0,26,1554.397579
1.0,20,1554.473501
-1.0,100,1555.876919
1.0,46,1556.055912
1.0,12,1556.099142
1.0,60,1557.235858
1.0,36,1557.374724
1.0,41,1557.540121
-1.0,100,1558.950178
1.0,78,1560.175742
1.0,43,1560.35055
1.0,73,1561.531144
1.0,49,1561.713914
-1.0,100,1563.12267
1.0,40,1563.275124
1.0,66,1564.445925
1.0,100,1564.842109
1.0,78,1566.116292
1.0,20,1566.205426
-1.0,100,1567.543949
-1.0,100,1568.79417
1.0,30,1568.912331
1.0,95,1570.207633
1.0,32,1570.332765
1.0,94,1571.644665
-1.0,100,1572.047579
1.0,52,1573.14499
1.0,18,1573.220529
1.0,26,1573.325874
1.0,55,1574.558718
1.0,28,1574.676507
1.0,17,1574.745258
1.0,49,1574.940766
1.0,11,1574.977366
1.0,27,1576.033266
1.0,23,1576.126667
1.0,47,1576.317272
1.0,68,1577.494403
-1.0,100,1578.765346
1.0,51,1578.958344
1.0,34,1579.099591
1.0,4,1579.1161
1.0,40,1580.175819
1.0,20,1580.246377
-1.0,100,1580.625527
1.0,39,1581.796955
-1.0,100,1583.088358
1.0,38,1583.228729
1.0,27,1583.334823
1.0,90,1584.617032
1.0,43,1584.793771
-1.0,100,1586.078208
1.0,21,1586.159125
1.0,31,1586.275732
1.0,24,1586.379375
1.0,24,1587.40448
1.0,100,1587.802102
1.0,86,1589.087839
-1.0,100,1590.452096
1.0,41,1590.603179
1.0,94,1591.896061
1.0,36,1592.042335
-1.0,100,1593.449551
1.0,42,1593.628954
1.0,30,1594.670398
-1.0,100,1595.026975
1.0,16,1595.096059
1.0,24,1596.124454
1.0,33,1596.240779
1.0,28,1596.349977
-1.0,100,1597.688156
1.0,47,1597.870154
1.0,68,1599.053649
-1.0,100,1600.320576
1.0,16,1600.385611
1.0,12,1600.441215
-1.0,100,1601.816204
1.0,23,1601.905005
1.0,20,1601.984926
1.0,19,1602.059817
1.0,7,1602.08777
1.0,29,1602.196745
1.0,11,1602.240051
1.0,23,1603.277114
-1.0,100,1603.624074
-1.0,100,1604.980886
1.0,66,1606.144231
1.0,45,1606.302485
1.0,51,1606.481067
1.0,29,1607.587831
1.0,47,1607.77128
1.0,89,1609.105834
1.0,83,1609.427056
1.0,74,1610.638669
1.0,97,1611.92228
1.0,29,1612.036261
-1.0,100,1613.32643
1.0,36,1613.465721
-1.0,100,1614.801313
1.0,25,1614.918828
1.0,62,1615.146281
-1.0,100,1616.497632
1.0,47,1617.635508
1.0,17,1617.69927
-1.0,100,1618.977298
-1.0,100,1619.391375
-1.0,100,1620.787449
-1.0,100,1622.116218
1.0,38,1622.283094
1.0,49,1623.394962
1.0,51,1623.592831
1.0,17,1623.677503
1.0,16,1623.745031
1.0,56,1624.925993
1.0,63,1625.183501
1.0,89,1626.460351
1.0,17,1626.52889
1.0,34,1626.67068
1.0,71,1627.927568
1.0,21,1628.007007
-1.0,100,1629.319368
1.0,57,1629.559654
1.0,37,1629.69601
1.0,57,1630.937484
1.0,32,1631.080988
-1.0,100,1632.480719
1.0,83,1633.720738
1.0,34,1633.848993
1.0,8,1633.884445
1.0,16,1633.955493
1.0,84,1635.192179
1.0,27,1635.311414
1.0,40,1635.484258
-1.0,100,1636.785809
1.0,20,1636.871309
1.0,17,1636.939785
1.0,24,1637.047223
-1.0,100,1638.404168
1.0,82,1639.691653
1.0,26,1639.801769
1.0,28,1639.905019
1.0,37,1641.011002
1.0,53,1641.245238
1.0,55,1641.470625
1.0,24,1642.566929
1.0,31,1642.679811
1.0,42,1642.850078
-1.0,100,1644.152553
-1.0,100,1645.453018
1.0,51,1645.645921
1.0,46,1646.792933
-1.0,100,1647.159044
1.0,7,1647.186476
1.0,28,1648.26362
1.0,23,1648.345882
1.0,20,1648.423109
1.0,100,1649.75397
1.0,33,1649.877277
1.0,31,1649.998006
1.0,64,1651.121454
1.0,10,1651.157897
1.0,9,1651.19463
1.0,42,1651.345417
1.0,30,1651.4638
1.0,85,1652.752059
1.0,42,1652.925167
1.0,81,1654.237114
1.0,58,1655.366576
-1.0,100,1655.759954
1.0,38,1656.819692
1.0,87,1657.144298
-1.0,100,1658.552106
1.0,33,1658.683918
-1.0,100,1660.037261
1.0,37,1660.173139
1.0,16,1660.235633
1.0,25,1661.23352
1.0,51,1661.415189
-1.0,100,1662.671308
1.0,43,1662.834641
1.0,49,1663.933093
1.0,77,1664.21418
1.0,41,1665.327029
1.0,44,1665.488131
-1.0,100,1666.954158
1.0,18,1667.033972
1.0,32,1667.158778
1.0,46,1667.32536
1.0,23,1668.403655
1.0,20,1668.480704
1.0,40,1668.651171
1.0,88,1669.882544
-1.0,100,1671.272663
1.0,63,1671.511534
-1.0,100,1672.767292
1.0,19,1672.838572
-1.0,100,1674.123719
1.0,11,1674.169471
1.0,27,1674.269667
1.0,25,1674.372981
1.0,83,1675.739942
1.0,30,1675.85165
1.0,22,1675.946912
1.0,40,1677.104647
1.0,75,1677.412119
-1.0,100,1678.822528
1.0,50,1679.022199
1.0,17,1679.088287
1.0,97,1680.447168
1.0,31,1680.582453
1.0,92,1681.948784
1.0,83,1683.260901
1.0,16,1683.328165
1.0,33,1683.466769
1.0,100,1684.812447
1.0,8,1684.850704
-1.0,100,1686.329585
1.0,12,1686.382655
1.0,45,1686.565727
-1.0,100,1687.989926
1.0,7,1688.022057
-1.0,100,1689.423602
1.0,60,1689.695973
1.0,90,1691.019598
-1.0,100,1692.468003
1.0,99,1693.872797
-1.0,100,1694.300392
1.0,35,1695.365073
1.0,46,1695.557955
1.0,79,1696.82385
1.0,33,1696.960408
1.0,27,1697.067283
1.0,17,1697.141904
1.0,43,1698.236629
1.0,29,1698.354324
-1.0,100,1699.685193
-1.0,100,1700.089215
1.0,24,1701.160412
1.0,85,1701.521112
1.0,76,1702.747273
1.0,52,1702.983985
1.0,53,1704.195358
1.0,36,1704.358737
-1.0,100,1705.763716
1.0,28,1705.882208
-1.0,100,1707.221131
-1.0,100,1707.667222
1.0,23,1708.735211
1.0,23,1708.826493
1.0,58,1709.051499
1.0,14,1709.114836
1.0,37,1710.226258
1.0,9,1710.26509
1.0,17,1710.330384
1.0,94,1711.64025
1.0,57,1711.860864
-1.0,100,1713.26065
1.0,58,1713.492258
1.0,22,1713.586291
1.0,16,1714.586337
-1.0,100,1714.978837
1.0,55,1716.196931
1.0,52,1716.405043
1.0,91,1717.794298
1.0,26,1717.904302
1.0,63,1719.156163
-1.0,100,1719.573496
-1.0,100,1721.014509
1.0,64,1722.263211
1.0,27,1722.383599
1.0,22,1722.474036
1.0,32,1722.607626
-1.0,100,1723.950212
1.0,57,1725.082741
1.0,19,1725.159283
1.0,19,1725.239048
1.0,18,1725.309854
1.0,27,1725.418581
-1.0,100,1726.848413
1.0,13,1726.904879
1.0,25,1727.004692
-1.0,100,1728.434032
1.0,30,1728.554772
-1.0,100,1729.840001
1.0,30,1729.962143
1.0,52,1731.223498
1.0,25,1731.31713
1.0,48,1731.535383
1.0,42,1732.638786
1.0,46,1732.851555
1.0,14,1732.912813
-1.0,100,1734.270527
-1.0,100,1735.668091
-1.0,100,1736.090895
1.0,42,1737.197191
1.0,59,1737.433475
1.0,19,1737.516802
-1.0,100,1738.940197
1.0,91,1740.250235
1.0,67,1740.52013
1.0,8,1740.554264
1.0,45,1741.710438
1.0,24,1741.809618
1.0,55,1742.037109
1.0,27,1743.234466
1.0,41,1743.393115
1.0,16,1743.460459
1.0,49,1743.672137
-1.0,100,1745.059946
1.0,32,1745.202117
1.0,25,1746.30617
1.0,26,1746.415602
1.0,10,1746.460216
1.0,78,1747.70825
1.0,24,1747.803428
1.0,23,1747.901912
1.0,49,1748.075859
-1.0,100,1749.432329
1.0,69,1750.753937
1.0,47,1750.950702
1.0,72,1752.187955
1.0,33,1752.319241
1.0,43,1752.522972
1.0,99,1753.964487
1.0,60,1754.204172
1.0,46,1755.312567
1.0,22,1755.404565
1.0,81,1756.700244
1.0,36,1756.848709
1.0,18,1756.916176
-1.0,100,1758.321134
-1.0,100,1759.751504
1.0,27,1759.873786
1.0,30,1759.995856
1.0,19,1760.077083
1.0,31,1760.203337
1.0,63,1761.498676
1.0,65,1761.761276
1.0,23,1762.817894
-1.0,100,1763.225546
-1.0,100,1764.617295
1.0,85,1766.250648
1.0,18,1766.336659
1.0,18,1766.414237
1.0,49,1766.610336
1.0,28,1767.736249
1.0,71,1768.038198
1.0,63,1769.314222
1.0,56,1769.546766
1.0,60,1770.704693
1.0,46,1770.909538
1.0,14,1770.976184
1.0,16,1771.05061
1.0,19,1771.136984
1.0,13,1771.18482
-1.0,100,1772.543461
1.0,33,1773.635475
1.0,44,1773.829003
1.0,78,1774.162755
1.0,29,1775.248322
1.0,11,1775.297382
1.0,63,1775.563543
1.0,75,1776.900602
1.0,30,1777.02675
1.0,13,1777.086519
1.0,9,1777.126242
1.0,50,1778.278553
1.0,45,1778.476802
1.0,64,1779.798244
1.0,39,1779.963308
-1.0,100,1781.406246
1.0,22,1781.505018
1.0,25,1781.619419
1.0,31,1781.7681
1.0,57,1782.967746
1.0,26,1783.076014
-1.0,100,1784.49043
1.0,92,1784.883288
1.0,11,1784.933541
1.0,34,1786.125481
1.0,31,1786.254002
1.0,26,1786.371713
1.0,38,1786.528835
1.0,46,1787.735455
1.0,83,1788.085406
1.0,18,1789.145965
1.0,55,1789.386648
1.0,40,1789.547337
1.0,58,1790.811225
1.0,26,1790.927132
1.0,78,1792.312836
1.0,67,1792.61525
-1.0,100,1794.016663
1.0,30,1794.140841
1.0,17,1794.211058
1.0,48,1795.407584
1.0,15,1795.472001
1.0,9,1795.5108
1.0,14,1795.568894
-1.0,100,1796.954442
-1.0,100,1798.406464
1.0,28,1798.526354
1.0,24,1798.63279
1.0,25,1798.734955
1.0,26,1798.851856
1.0,30,1799.999225
-1.0,100,1800.415485
1.0,13,1800.467016
1.0,26,1801.576013
1.0,50,1801.803816
1.0,17,1801.875691
1.0,78,1803.171087
1.0,16,1803.239415
1.0,41,1803.416698
1.0,28,1803.535136
1.0,59,1804.718098
1.0,35,1804.863737
-1.0,100,1806.327448
-1.0,100,1807.723786
1.0,38,1807.889804
-1.0,100,1809.331277
1.0,24,1809.439117
1.0,23,1809.52575
1.0,38,1809.683367
1.0,91,1810.996775
1.0,26,1811.110543
1.0,30,1812.255641
1.0,58,1812.491772
1.0,51,1812.688435
1.0,24,1813.702996
-1.0,100,1814.104
1.0,99,1815.556498
1.0,30,1815.68101
-1.0,100,1817.051254
-1.0,100,1818.523806
1.0,25,1818.629361
1.0,16,1818.693002
1.0,33,1819.815873
1.0,22,1819.904507
1.0,13,1819.969213
1.0,46,1820.167627
1.0,19,1820.246439
1.0,21,1821.286947
1.0,14,1821.349688
1.0,24,1821.442299
1.0,29,1821.556414
1.0,44,1821.72873
1.0,45,1822.872236
1.0,85,1823.212862
1.0,40,1824.440047
1.0,55,1824.673707
1.0,41,1824.837773
1.0,68,1826.123484
-1.0,100,1827.499086
1.0,19,1827.581256
-1.0,100,1828.950715
-1.0,100,1830.361833
1.0,39,1830.518723
-1.0,100,1831.93339
1.0,96,1832.306045
1.0,11,1832.348554
1.0,18,1833.399132
1.0,36,1833.540639
1.0,36,1833.697969
1.0,50,1834.931622
1.0,16,1835.001276
1.0,58,1835.236501
1.0,41,1835.414734
-1.0,100,1836.764366
1.0,56,1837.98588
1.0,23,1838.092137
1.0,47,1838.289804
1.0,91,1839.583578
1.0,35,1839.717515
1.0,42,1839.880127
1.0,46,1841.092295
1.0,59,1841.337628
-1.0,100,1842.74205
1.0,26,1842.862749
1.0,73,1844.072278
1.0,14,1844.133258
1.0,31,1844.26518
-1.0,100,1845.742362
1.0,24,1845.824061
1.0,24,1845.912938
1.0,58,1847.166424
1.0,26,1847.265221
1.0,22,1847.371583
-1.0,100,1848.763892
1.0,94,1850.112093
1.0,34,1850.269767
1.0,26,1850.368994
1.0,37,1850.520909
1.0,28,1851.610835
1.0,41,1851.780852
1.0,54,1852.004872
1.0,28,1853.132885
1.0,9,1853.17847
1.0,12,1853.232066
1.0,9,1853.272472
1.0,28,1853.396867
1.0,71,1854.655189
1.0,17,1854.723555
1.0,47,1854.919493
1.0,30,1855.041647
1.0,66,1856.30008
1.0,97,1857.723324
1.0,59,1857.959854
1.0,34,1858.097387
1.0,34,1859.170532
1.0,37,1859.332768
1.0,36,1859.483895
1.0,90,1860.848888
1.0,29,1860.972639
-1.0,100,1862.342113
1.0,70,1862.639429
-1.0,100,1864.089847
1.0,61,1865.31023
-1.0,100,1866.741083
1.0,82,1867.086037
-1.0,100,1868.559568
-1.0,100,1869.929777
1.0,27,1870.044949
1.0,80,1871.443811
1.0,56,1871.671009
1.0,89,1873.04708
1.0,28,1873.166673
-1.0,100,1874.583185
1.0,59,1874.842997
1.0,29,1874.972101
-1.0,100,1876.314893
1.0,42,1877.439265
1.0,70,1877.717972
1.0,30,1877.84239
1.0,73,1879.130618
1.0,54,1879.352707
1.0,12,1879.39938
1.0,30,1880.550798
1.0,62,1880.803959
1.0,19,1880.893121
-1.0,100,1882.247029
1.0,30,1882.364159
-1.0,100,1883.748422
-1.0,100,1885.148531
1.0,50,1885.345473
1.0,25,1885.469372
-1.0,100,1886.891562
-1.0,100,1888.308927
1.0,34,1888.452605
1.0,29,1888.569183
1.0,39,1889.834814
1.0,49,1890.034059
-1.0,100,1891.437283
-1.0,100,1892.871838
-1.0,100,1893.296717
1.0,88,1894.7048
1.0,16,1894.777574
1.0,21,1894.862565
-1.0,100,1896.274539
1.0,67,1897.567406
1.0,40,1897.728764
1.0,13,1897.781983
-1.0,100,1899.189613
1.0,70,1900.565296
1.0,29,1900.691714
1.0,27,1900.814759
1.0,38,1900.972321
1.0,61,1902.199725
-1.0,100,1903.599332
1.0,21,1903.696712
-1.0,100,1904.099612
1.0,88,1905.389789
1.0,25,1905.495399
1.0,24,1906.556899
1.0,64,1906.815915
1.0,9,1906.857217
1.0,28,1906.978251
1.0,85,1908.314638
1.0,27,1908.422796
1.0,18,1908.488082
1.0,35,1909.659796
1.0,70,1909.9529
1.0,31,1910.078592
1.0,55,1911.27158
1.0,16,1911.344021
1.0,33,1911.488714
1.0,12,1911.54193
1.0,30,1912.585243
1.0,45,1912.765751
1.0,45,1912.944804
1.0,43,1914.098333
-1.0,100,1914.491398
1.0,40,1915.627138
1.0,18,1915.693813
1.0,21,1915.770929
1.0,81,1917.096073
1.0,36,1917.24925
1.0,70,1917.541273
1.0,70,1918.850571
1.0,30,1918.973452
-1.0,100,1920.429958
-1.0,100,1921.861539
-1.0,100,1923.271794
1.0,35,1923.413108
-1.0,100,1924.868363
1.0,49,1925.070337
1.0,37,1925.233409
1.0,50,1926.469033
1.0,47,1926.657032
1.0,14,1926.720066
-1.0,100,1928.061586
1.0,23,1928.155704
1.0,12,1928.204597
1.0,27,1928.311997
1.0,50,1929.451357
1.0,11,1929.492182
1.0,28,1929.597736
1.0,28,1929.706172
1.0,18,1929.781545
1.0,25,1930.87399
1.0,30,1930.998194
1.0,22,1931.078568
-1.0,100,1932.476204
1.0,19,1932.554579
-1.0,100,1933.902526
1.0,34,1934.031307
-1.0,100,1935.412267
1.0,40,1935.558905
1.0,30,1935.671046
1.0,31,1936.789693
1.0,23,1936.881061
1.0,86,1937.204373
1.0,12,1938.200561
1.0,56,1938.407583
1.0,33,1938.529145
1.0,17,1938.601193
1.0,36,1939.702976
1.0,7,1939.72958
1.0,86,1940.058004
1.0,22,1941.084375
1.0,16,1941.150989
1.0,75,1941.453736
1.0,25,1941.55319
1.0,53,1942.716108
1.0,59,1942.971402
1.0,22,1944.119283
1.0,20,1944.202866
1.0,83,1944.532907
1.0,19,1944.605897
1.0,18,1945.596006
1.0,58,1945.849699
1.0,34,1945.985776
1.0,23,1947.071469
1.0,27,1947.190735
1.0,43,1947.363068
1.0,86,1948.660184
-1.0,100,1950.072394
1.0,78,1950.385134
1.0,49,1951.525958
1.0,74,1951.826835
1.0,16,1951.893304
-1.0,100,1953.264033
1.0,8,1953.300551
-1.0,100,1954.697101
1.0,16,1954.766587
1.0,20,1954.848289
1.0,58,1956.134679
1.0,26,1956.245082
1.0,37,1956.386988
1.0,19,1956.455782
1.0,48,1957.62752
-1.0,100,1958.027568
1.0,29,1959.148367
1.0,19,1959.235085
1.0,96,1959.622345
1.0,81,1961.078568
1.0,34,1961.213157
-1.0,100,1962.596457
1.0,16,1962.671639
1.0,28,1963.801243
1.0,14,1963.863423
1.0,11,1963.913318
1.0,53,1964.130215
1.0,44,1964.289319
1.0,85,1965.587677
1.0,24,1965.682745
1.0,24,1966.739237
1.0,21,1966.819579
1.0,15,1966.884152
1.0,51,1967.105816
1.0,26,1967.209861
1.0,62,1968.420734
1.0,44,1968.60948
1.0,23,1968.702981
1.0,66,1969.961105
-1.0,100,1971.409066
1.0,65,1971.677179
1.0,38,1971.840702
1.0,13,1972.828778
1.0,30,1972.953565
1.0,23,1973.050411
1.0,56,1973.278613
1.0,86,1974.664366
1.0,44,1974.855158
1.0,52,1976.005125
1.0,57,1976.220378
1.0,19,1976.293463
1.0,78,1977.611169
-1.0,100,1979.011452
1.0,69,1979.292875
1.0,28,1980.376784
1.0,11,1980.422965
1.0,8,1980.45356
-1.0,100,1981.898617
1.0,67,1982.168585
1.0,23,1982.259126
1.0,21,1982.344085
-1.0,100,1983.76205
1.0,58,1984.97579
1.0,30,1985.104718
1.0,23,1985.208389
-1.0,100,1986.661845
1.0,54,1986.881665
1.0,31,1988.014749
1.0,13,1988.06859
-1.0,100,1988.460571
1.0,28,1989.556983
1.0,20,1989.653187
-1.0,100,1990.979718
1.0,62,1991.239541
1.0,34,1991.374478
1.0,4,1991.390826
1.0,29,1992.451066
1.0,20,1992.537853
-1.0,100,1992.932879
-1.0,100,1994.339335
1.0,15,1994.398607
1.0,14,1994.450085
1.0,36,1995.600705
-1.0,100,1997.062569
1.0,18,1997.138634
1.0,40,1997.297652
1.0,27,1997.412577
1.0,13,1997.462944
1.0,60,1998.700435
1.0,78,1999.006498
1.0,46,2000.13479
1.0,64,2000.408039
1.0,37,2001.529583
1.0,52,2001.747721
1.0,71,2002.951423
1.0,44,2003.181278
1.0,14,2003.239803
1.0,32,2003.389729
-1.0,100,2005.094864
1.0,44,2005.355002
1.0,58,2006.538283
-1.0,100,2007.904312
1.0,19,2007.981184
1.0,40,2008.165443
1.0,17,2008.22959
1.0,25,2008.326471
1.0,42,2009.440275
1.0,63,2009.71319
1.0,19,2009.786122
1.0,77,2011.034126
1.0,52,2011.26787
1.0,8,2011.297447
1.0,37,2012.401026
1.0,19,2012.477838
1.0,48,2012.68368
1.0,27,2012.794042
1.0,30,2013.854668
1.0,21,2013.944685
1.0,24,2014.048969
1.0,22,2014.152235
1.0,27,2014.255197
1.0,50,2015.427107
1.0,36,2015.563949
1.0,9,2015.605363
1.0,56,2016.872316
1.0,61,2017.117221
1.0,11,2017.162663
1.0,13,2017.218833
1.0,60,2018.436705
-1.0,100,2018.851801
1.0,39,2019.959956
1.0,28,2020.076152
1.0,49,2020.280062
1.0,26,2021.387534
1.0,39,2021.536183
1.0,21,2021.620769
1.0,6,2021.647399
1.0,15,2021.711976
-1.0,100,2023.103748
1.0,73,2024.417535
1.0,10,2024.458493
-1.0,100,2024.866597
1.0,18,2025.876561
1.0,9,2025.914794
1.0,22,2026.002578
1.0,65,2026.289256
-1.0,100,2027.682387
1.0,17,2027.755257
1.0,69,2028.986435
1.0,15,2029.04731
1.0,54,2029.261808
1.0,48,2030.517452
1.0,88,2030.891176
1.0,32,2031.998399
1.0,14,2032.056079
1.0,42,2032.217777
1.0,91,2033.547772
-1.0,100,2034.969151
1.0,13,2035.020467
1.0,44,2035.191779
1.0,48,2035.381304
1.0,63,2036.630968
1.0,8,2036.668259
1.0,27,2036.815828
1.0,13,2036.874172
1.0,31,2036.997385
1.0,23,2038.068638
1.0,84,2038.399615
1.0,56,2039.635062
1.0,36,2039.777303
1.0,38,2039.92876
1.0,25,2041.00808
-1.0,100,2041.40777
1.0,64,2042.690751
1.0,39,2042.861036
1.0,15,2042.921965
1.0,57,2044.074951
1.0,40,2044.220779
1.0,37,2044.370654
1.0,17,2044.437747
1.0,27,2045.514291
1.0,8,2045.544572
1.0,74,2045.839732
1.0,43,2047.019067
1.0,53,2047.246625
1.0,36,2047.3892
1.0,11,2047.439826
1.0,88,2048.899721
1.0,8,2048.936142
1.0,33,2049.071072
1.0,16,2050.14032
1.0,33,2050.279026
1.0,47,2050.465862
1.0,21,2050.547989
1.0,19,2050.621208
1.0,20,2051.764168
1.0,26,2051.869771
1.0,56,2052.103652
1.0,28,2052.217705
1.0,56,2053.445894
1.0,31,2053.566401
1.0,73,2054.847998
-1.0,100,2056.243361
1.0,14,2056.302899
1.0,54,2056.538538
1.0,48,2056.747929
1.0,50,2057.981139
1.0,61,2058.237211
1.0,55,2059.447293
-1.0,100,2059.85092
1.0,28,2060.946884
-1.0,100,2061.33638
1.0,44,2062.55796
1.0,25,2062.655384
1.0,61,2063.847227
1.0,52,2064.073291
1.0,57,2064.302039
1.0,41,2065.474601
1.0,56,2065.717009
1.0,14,2065.779123
1.0,13,2065.834909
1.0,62,2067.03987
1.0,29,2067.15664
1.0,22,2067.237765
1.0,17,2067.312409
-1.0,100,2068.692847
1.0,99,2070.100662
1.0,27,2070.215757
1.0,51,2071.379266
1.0,72,2071.668027
-1.0,100,2073.044978
1.0,46,2073.242719
1.0,55,2074.550086
-1.0,100,2074.993298
1.0,86,2076.356736
1.0,30,2076.489858
1.0,80,2077.834133
1.0,31,2077.967714
1.0,18,2078.039543
1.0,52,2079.205563
1.0,51,2079.425077
1.0,15,2079.488063
1.0,11,2079.535176
1.0,34,2080.701945
1.0,33,2080.830908
-1.0,100,2082.177078
1.0,24,2082.268385
1.0,29,2082.386956
1.0,30,2082.506817
1.0,52,2083.724372
1.0,35,2083.864866
1.0,66,2084.14413
1.0,55,2085.304281
1.0,26,2085.408341
1.0,14,2085.461787
1.0,42,2086.618592
1.0,29,2086.752542
1.0,57,2086.974646
1.0,49,2088.331963
1.0,82,2088.80922
1.0,86,2090.304504
1.0,21,2090.401467
-1.0,100,2091.783249
1.0,46,2091.966934
1.0,18,2092.037644
1.0,50,2093.228997
1.0,27,2093.329071
1.0,44,2093.511135
1.0,52,2094.651228
-1.0,100,2096.032373
1.0,12,2096.080557
1.0,27,2096.185964
-1.0,100,2097.546534
1.0,37,2097.696687
-1.0,100,2099.126837
1.0,39,2099.294265
1.0,22,2099.389504
1.0,25,2099.501275
1.0,19,2099.589219
-1.0,100,2100.987784
1.0,39,2102.061729
1.0,29,2102.177419
1.0,20,2102.254626
1.0,16,2102.323179
-1.0,100,2103.840392
1.0,67,2104.128009
1.0,55,2105.330539
1.0,13,2105.380024
1.0,53,2105.600479
-1.0,100,2107.130981
1.0,65,2108.379013
1.0,70,2108.677772
1.0,74,2109.927752
1.0,85,2110.259199
1.0,78,2111.643515
1.0,10,2111.688578
1.0,11,2111.734351
1.0,42,2112.844431
1.0,90,2113.20187
-1.0,100,2114.550298
1.0,87,2115.839485
1.0,15,2115.899405
1.0,97,2117.243022
1.0,82,2117.593878
1.0,28,2117.706495
1.0,5,2117.72844
-1.0,100,2119.136646
1.0,30,2119.253629
1.0,84,2120.615931
-1.0,100,2122.049612
1.0,24,2122.142968
1.0,17,2122.207083
1.0,29,2122.322683
1.0,32,2123.386935
1.0,20,2123.467042
1.0,10,2123.507978
-1.0,100,2124.998762
1.0,68,2125.265041
1.0,53,2126.53965
1.0,20,2126.628142
1.0,29,2126.743401
1.0,68,2128.151936
1.0,59,2128.368737
1.0,24,2128.466591
1.0,46,2129.682151
1.0,11,2129.722913
-1.0,100,2130.118104
1.0,64,2131.367214
1.0,62,2131.615028
1.0,77,2132.996932
1.0,50,2133.206636
1.0,44,2134.548601
1.0,54,2134.842167
1.0,28,2135.002273
1.0,20,2136.014778
1.0,51,2136.220273
1.0,33,2136.360383
1.0,19,2136.465023
1.0,22,2137.595442
1.0,17,2137.665846
1.0,26,2137.771399
1.0,23,2137.867754
1.0,59,2139.097416
1.0,82,2139.397389
1.0,33,2139.523771
1.0,37,2140.593358
1.0,29,2140.69219
-1.0,100,2142.016587
1.0,17,2142.07908
1.0,10,2142.120995
1.0,77,2143.473947
1.0,38,2143.623054
1.0,24,2143.715449
1.0,36,2143.865955
1.0,37,2145.010826
1.0,41,2145.165123
1.0,33,2145.289883
1.0,40,2145.439823
-1.0,100,2147.069405
1.0,32,2148.146482
1.0,34,2148.293462
1.0,36,2148.441501
1.0,42,2148.604864
1.0,51,2149.7252
1.0,32,2149.856813
1.0,21,2149.939635
1.0,7,2149.96616
1.0,13,2150.015187
1.0,49,2151.133972
1.0,48,2151.325864
1.0,20,2151.411548
1.0,42,2152.491396
1.0,37,2152.637514
1.0,38,2152.778202
1.0,26,2152.876433
1.0,64,2154.063158
1.0,35,2154.19378
1.0,10,2154.234758
1.0,100,2155.654352
1.0,53,2155.856531
1.0,58,2157.062725
-1.0,100,2158.450208
1.0,26,2158.551557
1.0,47,2158.738174
1.0,54,2159.917025
1.0,9,2159.958358
1.0,40,2160.116867
1.0,34,2160.26169
1.0,66,2161.548212
1.0,64,2161.799269
1.0,53,2162.932395
1.0,29,2163.072053
1.0,37,2163.211404
1.0,30,2163.333538
1.0,51,2164.503052
1.0,27,2164.612655
1.0,23,2164.704249
1.0,70,2165.986681
1.0,40,2166.165435
1.0,17,2166.235868
1.0,56,2167.509083
1.0,73,2167.795992
1.0,60,2169.003556
1.0,54,2169.218352
-1.0,100,2170.553534
1.0,73,2171.812102
1.0,44,2171.978472
1.0,21,2172.064019
1.0,12,2172.111733
1.0,31,2172.230562
1.0,61,2173.451823
1.0,23,2173.543064
1.0,58,2173.802267
1.0,75,2175.111285
1.0,54,2175.341644
1.0,52,2176.591311
-1.0,100,2177.995819
1.0,16,2178.072591
1.0,30,2178.21093
1.0,59,2178.467453
1.0,20,2179.523149
1.0,32,2179.651586
1.0,26,2179.765663
1.0,27,2179.880564
-1.0,100,2181.240923
1.0,41,2181.416908
1.0,34,2182.554127
1.0,7,2182.585141
1.0,70,2182.864159
1.0,13,2182.914985
1.0,54,2184.116717
1.0,48,2184.329216
1.0,30,2184.458958
1.0,13,2185.478916
1.0,14,2185.536595
1.0,44,2185.714648
1.0,33,2185.839804
1.0,62,2187.088548
1.0,89,2187.459455
1.0,35,2188.609419
-1.0,100,2189.039289
1.0,41,2190.255132
1.0,61,2190.519218
1.0,20,2190.606755
1.0,21,2191.624548
-1.0,100,2192.029973
1.0,38,2193.115102
1.0,22,2193.211906
-1.0,100,2194.660319
1.0,35,2194.798882
1.0,54,2195.006871
1.0,26,2195.120475
1.0,30,2196.159463
1.0,35,2196.291582
1.0,30,2196.407798
-1.0,100,2197.741386
1.0,35,2197.874634
-1.0,100,2199.224901
1.0,16,2199.295365
1.0,10,2199.335069
1.0,73,2200.662106
1.0,28,2200.77983
1.0,27,2200.891842
1.0,45,2202.043055
1.0,34,2202.173618
1.0,35,2202.321604
1.0,83,2203.570395
1.0,44,2203.736005
1.0,49,2204.957593
1.0,39,2205.114959
1.0,98,2206.476987
1.0,95,2206.844925
1.0,17,2206.912867
1.0,69,2208.106731
1.0,47,2208.310861
1.0,22,2209.414134
-1.0,100,2209.80474
1.0,33,2210.870504
1.0,32,2211.001269
-1.0,100,2212.391984
1.0,13,2212.444407
1.0,13,2212.501348
1.0,53,2212.712367
1.0,42,2213.877988
-1.0,100,2214.285409
1.0,25,2215.31964
1.0,11,2215.368625
1.0,64,2215.628363
1.0,26,2215.735781
1.0,37,2216.858503
1.0,64,2217.115964
1.0,33,2217.251917
1.0,56,2218.484214
1.0,89,2219.819914
1.0,11,2219.861258
1.0,44,2220.032891
1.0,64,2220.292455
1.0,16,2221.345279
1.0,10,2221.388137
1.0,80,2221.724528
1.0,14,2221.787565
-1.0,100,2223.11401
1.0,11,2223.158404
1.0,48,2224.489179
-1.0,100,2224.877601
1.0,48,2226.003101
1.0,51,2226.203071
-1.0,100,2227.54986
1.0,34,2227.681906
1.0,80,2228.948087
1.0,22,2229.032005
1.0,91,2230.341793
1.0,41,2230.502473
1.0,52,2230.695943
1.0,20,2231.785352
1.0,39,2231.932134
1.0,16,2231.994143
1.0,31,2232.108392
1.0,13,2232.158343
1.0,14,2233.164974
1.0,34,2233.302711
1.0,41,2233.460964
1.0,39,2233.627366
1.0,49,2234.752834
1.0,7,2234.781355
1.0,53,2235.003342
1.0,62,2236.230249
1.0,55,2236.461707
1.0,8,2236.495027
1.0,13,2236.5475
1.0,19,2236.62245
1.0,30,2237.703295
1.0,79,2238.00136
1.0,43,2239.15731
1.0,64,2239.398339
1.0,23,2239.483277
-1.0,100,2240.816916
1.0,34,2240.949128
1.0,67,2242.253176
1.0,52,2242.455666
1.0,60,2243.713067
-1.0,100,2245.077594
-1.0,100,2245.484512
1.0,65,2246.813831
